Booking_ID,Airline_ID,Country,Airline_Tier,Service_Rating,Cabin_Class,Seat_Type,Flight_Duration_Hours,Booking_Channel,Meals_Included,Payment_Type,Passenger_Age,Lead_Time_Days,Departure_Date,Departure_Month,Is_Weekend,Is_Public_Holiday,Load_Factor_Flight,Competitor_Avg_Fare_RM,Distance_KM,Review_Score,Promo_Applied,Events_Index_Destination,Ticket_Price_RM,Total_Spend_RM,Extra_Spend_Unscaled,Delay_Status,Satisfaction_Rating
102683,AL03, Malaysia ,premium,3.0,Economy,Window,3.13,Website,Yes,Card,51.0,5,2024-10-10,10,0,0,0.836,363.74,1106.6,7.71,0,47.7,670.12,762.44,102644,On-Time,2
100622,AL02, Malaysia ,budget,3.0,Premium Economy,Window,0.75,Walk-in,Yes,Online,34.0,47,2025-03-15,3,1,0,0.806,612.09,1962.9,8.19,1,46.1,935.66,1005.93,67084,On-Time,3
103618,AL13,Indonesia,full-service,3.0,Economy,Window,4.0,Mobile App, No ,Online,37.0,87,2025-03-02,3,1,0,0.368,971.42,3013.9,6.53,0,47.1,1205.51,1242.6,316269,Delayed,1
102688,AL15,thailand,budget,2.0,Economy,Aisle,2.8,mobile app, No , Cash ,28.0,19,2024-10-04,10,0,0,0.92,439.45,1234.8,5.71,1,66.4,513.22,658.77,53561,On-Time,3
101078,AL04,indonesia,full-service,4.0,Economy,Middle,6.99,Walk-in, No ,Card,45.0,14,2024-10-01,10,0,0,0.648,721.79,2034.7,10.0,0,73.9,918.65,976.61,230164,Cancelled,5
101527,AL17,Vietnam,full-service,3.0,economy,Middle,2.32,Website,No,Online,23.0,44,2024-01-12,1,0,0,0.803,508.86,2115.7,7.25,1,47.3,870.97,905.52,102459,On-Time,3
100345,AL17,Indonesia,full-service,3.0,Business,Window,5.48,Airport Counter,,Cash,39.0,38,2024-01-27,1,1,0,0.695,418.58,1393.1,6.68,0,71.4,889.84,1154.3,123392,On-Time,3
103081,AL12,Indonesia,premium,3.0,Premium Economy,Middle,0.85,Airport Counter,No,Card,47.0,26,2025-03-05,3,0,0,0.807,530.5,1380.2,7.02,1,42.1,619.94,688.76,66719,On-Time,1
101530,AL18,Singapore,budget,3.0,Economy,Middle,2.52,Mobile App,No,Online,37.0,0,2024-11-20,11,0,0,0.695,361.54,780.4,7.07,1,62.4,530.3,621.87,44760,Cancelled,2
103294,AL12,Singapore,premium,5.0,Premium Economy,Window,5.59,Mobile App,No,Online,36.0,7,2024-02-28,2,0,0,0.88,192.12,963.8,7.61,0,38.1,692.67,799.28,131597,On-Time,5
101723,AL11,Philippines,budget,3.0,Economy,Window,9.48,Website,Yes,Online,55.0,38,2024-10-23,10,0,1,0.808,432.0,1327.6,9.03,1,59.0,534.98,573.05,145616,Delayed,4
103006,AL06,Indonesia,premium,2.0,Economy,Aisle,8.02,Mobile App, No ,Online,31.0,17,2025-05-11,5,1,1,0.784,451.25,1537.8,6.63,0,61.7,858.38,978.55,185983,Delayed,2
101933,AL03,Philippines,premium,3.0,Economy,Middle,3.05,Mobile App,No,Cash,33.0,21,2024-07-14,7,1,0,0.768,461.05,1362.0,6.54,0,63.3,784.16,991.48,146891,Delayed,2
101108,AL06, PHILIPPINES ,premium,4.0,First,Aisle,7.61,Website, No ,Online,24.0,14,2024-07-02,7,0,0,0.609,710.49,2075.3,7.47,1,14.0,1097.79,1189.08,198009,On-Time,4
103395,AL14,singapore,full-service,5.0,Premium Economy,Aisle,9.3,mobile app,No, Card ,43.0,37,2024-05-24,5,0,1,0.817,431.83,1313.4,,0,26.9,777.75,939.68,180153,Delayed,2
102795,AL15,japan,budget,3.0,Economy,Middle,2.69,website,No, Online ,37.0,11,2024-12-16,12,0,0,0.855,238.25,579.2,8.32,0,27.5,528.19,639.72,110043,Delayed,3
103612,AL18,Singapore,budget,1.0,Economy,Middle,1.96,Website,Yes,Online,29.0,62,2024-01-14,1,1,1,0.625,498.08,1575.3,8.51,0,38.1,723.51,777.15,179533,Delayed,3
103774,AL05,Thailand,budget,4.0,Economy,Middle,1.69,Mobile App, No ,Card,42.0,16,2024-07-04,7,0,0,0.892,581.12,1965.5,8.55,1,37.4,825.44,879.88,82976,Delayed,3
100513,AL13,Thailand,full-service,3.0,Economy,Middle,5.32,travel agent, Yes , Card ,44.0,14,2025-05-19,5,0,0,0.796,358.65,919.4,,0,52.1,530.61,618.85,59428,Delayed,4
100194,AL09,Thailand,budget,3.0,Economy,Window,3.29,Travel Agent,No,Card,32.0,11,2025-06-22,6,1,0,0.865,596.46,1969.1,5.0,0,66.6,960.53,1070.19,215909,On-Time,1
101116,AL08,Malaysia,full-service,2.0,Economy,Window,4.98,Website, Yes ,Card,29.0,10,2024-01-02,1,0,0,0.7,251.9,560.1,7.46,0,47.2,452.33,498.83,59810,On-Time,4
101916,AL02,malaysia,budget,4.0,Business,Aisle,2.55,Mobile App,Yes,Card,26.0,38,2024-03-18,3,0,0,0.748,474.06,1274.3,6.37,1,54.2,750.19,928.36,149551,On-Time,3
103196,AL13, Singapore ,full-service,3.0,Economy,Aisle,3.82,travel agent, Yes ,Online,18.0,1,2024-07-31,7,0,0,0.684,562.56,1923.2,5.11,0,34.6,843.25,1076.27,132271,On-Time,3
103247,AL02,Japan,budget,3.0,Economy,Middle,1.19,travel agent, No ,Online,33.0,2,2024-09-13,9,0,1,0.854,297.25,558.8,6.84,0,60.6,534.93,739.86,152250,Delayed,2
102976,AL01, Japan ,full-service,2.0,economy,Window,4.79,Mobile App,No,Card,,33,2024-01-24,1,0,0,0.91,570.26,1810.8,8.43,1,70.1,761.76,862.13,217799,On-Time,4
103333,AL03,Indonesia,premium,5.0,Premium Economy,Window,5.2,Mobile App,No,Online,33.0,32,2024-04-05,4,0,0,0.895,573.98,1672.5,7.51,0,69.3,906.4,945.54,125586,Delayed,2
103388,AL11,Malaysia,budget,3.0,premium economy,Aisle,5.32,Travel Agent,Yes,Card,18.0,16,2024-05-19,5,1,0,0.775,146.28,635.8,7.08,0,70.1,588.35,682.96,139331,Delayed,2
102728,AL04,Malaysia,full-service,3.0,Economy,Window,4.4,Airport Counter,Yes,Online,34.0,12,2024-03-07,3,0,0,0.99,764.53,2373.8,8.07,0,41.6,1025.88,1207.57,188308,Delayed,2
101741,AL03, MALAYSIA ,premium,4.0,Business,Window,6.39,Mobile App,No,Online,23.0,17,2025-04-17,4,0,0,0.618,892.45,2617.0,9.49,1,39.2,1164.47,1241.2,218350,On-Time,5
102360,AL18, VIETNAM ,budget,3.0,Premium Economy,Window,4.9,Website, No ,Online,29.0,77,2024-04-16,4,0,0,0.748,,1406.8,10.0,0,36.2,740.6,812.35,76050,On-Time,5
103242,AL18,philippines,budget,1.0,Premium Economy,Aisle,3.15,Mobile App,No,Online,25.0,76,2024-11-27,11,0,0,0.882,329.61,665.7,8.49,0,68.1,556.36,708.05,124226,On-Time,3
103526,AL08,Indonesia,full-service,3.0,Economy,Window,3.16,Website,No,Online,30.0,78,2024-12-13,12,0,0,0.746,833.93,2671.1,6.38,0,30.9,1088.63,1156.04,76120,On-Time,3
103890,AL10,Vietnam,full-service,3.0,Economy,Middle,8.99,Mobile App,No,Online,19.0,0,2024-10-13,10,1,0,0.747,672.0,1738.3,7.23,1,50.9,740.77,849.52,94341,Delayed,4
102167,AL07,Malaysia,full-service,5.0,Business,Aisle,2.59,Website,No,Card,28.0,26,2025-03-06,3,0,0,,540.9,1887.2,7.21,0,46.7,1107.02,1229.83,194085,Delayed,2
100789,AL02,malaysia,budget,3.0,Economy,Aisle,8.91,website,Yes,Card,41.0,39,2024-04-13,4,1,0,0.653,477.4,1608.4,10.0,0,50.3,738.15,840.59,182711,Delayed,4
103187,AL14,indonesia,full-service,5.0,Premium Economy,Aisle,2.87,Mobile App, No ,Card,18.0,39,2024-10-13,10,1,0,0.817,311.95,1058.4,9.1,0,58.1,703.37,745.31,55290,On-Time,3
101051,AL18,Indonesia,budget,3.0,Business,Middle,3.4,mobile app,Yes,Online,38.0,97,2024-11-21,11,0,1,0.683,382.72,968.2,8.87,0,16.4,749.72,802.64,162629,On-Time,4
103155,AL13,Australia,full-service,1.0,Economy,Window,3.83,Airport Counter, No ,Online,57.0,32,2025-06-03,6,0,1,0.779,486.38,1400.6,8.26,0,89.9,769.66,799.57,125440,Delayed,3
103640,AL07,Singapore,full-service,3.0,Economy,Middle,3.87,Travel Agent,No,Online,27.0,19,2024-06-18,6,0,0,0.734,623.14,1858.9,6.64,0,39.3,886.98,955.99,110203,On-Time,2
101040,AL13,Australia,full-service,3.0,Economy,Window,5.52,Airport Counter,, Card ,32.0,4,2025-02-06,2,0,0,0.856,629.85,2041.8,10.0,1,26.9,767.9,902.54,163356,Delayed,5
101170,AL10,Malaysia,full-service,4.0,Economy,Window,3.31,Website, No , Card ,49.0,9,2024-04-02,4,0,0,0.918,321.85,950.3,6.38,0,35.5,591.2,654.81,57770,Delayed,3
102161,AL16,philippines,budget,4.0,Premium Economy,Aisle,6.0,Website,No,Card,37.0,74,2024-01-08,1,0,0,0.872,722.36,2105.2,7.07,0,35.0,989.62,1025.11,93594,On-Time,3
103275,AL08, THAILAND ,full-service,3.0,premium economy,Aisle,2.7,Mobile App,No, Card ,48.0,72,2024-05-26,5,1,0,0.764,371.83,1039.6,7.99,0,57.0,664.08,1023.99,173775,Delayed,3
101989,AL09, Philippines ,budget,3.0,Premium Economy,Middle,2.64,Travel Agent, Yes ,Online,55.0,56,2024-11-25,11,0,0,0.635,530.27,1825.6,7.78,1,30.0,852.57,970.95,97911,Delayed,5
100773,AL18,Japan,budget,4.0,Economy,Aisle,4.95,Website,Yes,Online,53.0,1,2024-01-22,1,0,0,0.597,339.63,1249.8,6.16,1,75.3,648.27,760.99,98325,On-Time,2
100305,AL06, MALAYSIA ,premium,4.0,economy,Window,6.41,Travel Agent,Yes,Online,18.0,26,2025-04-16,4,0,1,0.742,296.06,794.8,6.79,0,66.7,551.73,790.9,102837,Delayed,3
102547,AL12,thailand,premium,4.0,Economy,Aisle,7.35,Mobile App,No,Online,44.0,1,2024-03-02,3,1,0,0.828,653.53,2226.2,6.06,0,42.3,1025.41,1072.54,204348,On-Time,3
100941,AL11,Singapore,budget,5.0,Economy,Window,4.91,Mobile App,No, Online ,35.0,26,2024-11-04,11,0,1,0.872,358.56,824.8,8.53,0,70.4,528.02,571.91,98791,Delayed,3
101107,AL16, VIETNAM ,budget,4.0,Economy,Window,10.57,Walk-in, No ,Online,54.0,18,2024-05-04,5,1,1,0.707,518.27,1290.0,8.27,0,64.5,694.52,737.19,87442,Cancelled,2
100385,AL13,Vietnam,full-service,4.0,Economy,Middle,4.21,airport counter,No, Online ,31.0,2,2024-03-29,3,0,0,0.646,722.36,2441.9,7.95,1,42.5,989.52,1073.9,188225,On-Time,5
103721,AL10,Malaysia,full-service,4.0,Economy,Aisle,1.48,Website,No,Card,41.0,23,2025-05-25,5,1,1,0.776,320.96,928.7,6.34,0,52.2,523.12,678.16,135815,Delayed,2
104115,AL10,Singapore,full-service,3.0,Economy,Window,11.29,Airport Counter,No,Online,39.0,47,2025-03-30,3,1,0,0.887,633.83,1803.7,7.52,0,43.4,862.66,891.19,228720,Delayed,3
100705,AL14,Japan,full-service,4.0,Economy,Window,1.8,Website,No, Cash ,44.0,10,2024-07-22,7,0,1,0.574,507.51,1813.4,6.45,0,74.7,821.94,889.35,67275,Delayed,2
101758,AL09,Malaysia,budget,4.0,Economy,Middle,1.33,Website, No ,Cash,22.0,23,2025-05-06,5,0,0,0.697,254.31,804.6,,0,19.4,428.17,511.7,112218,Delayed,2
103034,AL08,Thailand,full-service,4.0,Economy,Window,0.75,Mobile App, Yes ,Online,28.0,7,2025-04-18,4,0,0,0.636,527.2,2089.5,9.0,1,18.3,751.76,820.01,164811,On-Time,3
102421,AL17, SINGAPORE ,full-service,3.0,Premium Economy,Window,14.43,Mobile App,Yes, Cash ,46.0,8,2024-09-20,9,0,0,0.899,83.97,352.0,6.52,1,40.5,411.0,478.87,96282,On-Time,3
103105,AL08,Malaysia,full-service,4.0,Economy,Aisle,2.45,Website,No,Online,44.0,10,2025-02-24,2,0,1,0.606,494.31,1183.4,9.1,0,70.3,661.5,698.49,133515,Delayed,3
102717,AL12, VIETNAM ,premium,4.0,Economy,Window,5.4,Travel Agent,No, Online ,26.0,20,2024-11-14,11,0,0,0.807,434.57,1079.7,5.74,0,11.2,604.05,808.43,204603,On-Time,3
100275,AL13,Malaysia,full-service,3.0,Premium Economy,Window,2.86,Mobile App, No , Card ,43.0,5,2024-11-05,11,0,0,0.675,164.81,402.9,6.17,0,46.5,510.97,678.35,97669,On-Time,3
100737,AL13,japan,full-service,3.0,Economy,Window,3.69,Travel Agent, Yes ,Online,35.0,1,2024-11-18,11,0,0,0.68,146.55,633.3,8.83,0,54.0,513.57,701.71,108073,On-Time,3
100742,AL05,Thailand,budget,3.0,Economy,Aisle,4.54,mobile app,Yes,Card,48.0,10,2024-07-28,7,1,0,0.778,365.6,1065.1,9.57,0,68.9,654.51,724.08,150031,Delayed,3
100701,AL07, Japan ,full-service,4.0,Economy,Middle,5.35,Mobile App,No,Cash,44.0,48,2024-09-21,9,1,0,,289.68,960.1,9.83,0,21.5,565.22,658.05,59619,Delayed,3
104015,AL08,Singapore,full-service,4.0,Economy,Middle,1.89,website, Yes ,Card,37.0,7,2024-01-04,1,0,1,0.677,672.66,2117.6,7.51,1,52.0,819.03,887.88,49198,Delayed,2
102050,AL14,indonesia,full-service,3.0,Economy,Aisle,3.63,Airport Counter,Yes,Card,36.0,40,2025-05-26,5,0,0,0.989,814.63,2441.7,6.11,1,54.5,1068.44,1250.62,150818,On-Time,2
101122,AL07,Australia,full-service,3.0,Business,Aisle,5.58,Airport Counter, No , Card ,,23,2024-09-22,9,1,0,0.759,442.94,1360.5,5.45,1,31.5,749.9,906.39,197485,Delayed,2
102017,AL18,malaysia,budget,4.0,Premium Economy,Aisle,3.47,Travel Agent, Yes ,Card,35.0,6,2024-01-12,1,0,0,0.708,519.23,1599.4,6.8,0,31.0,925.52,1024.49,63233,On-Time,4
102069,AL05,Malaysia,budget,2.0,Economy,Window,6.12,Website,No,Online,48.0,11,2024-07-02,7,0,0,0.696,810.4,2817.5,7.1,1,57.2,954.08,1044.47,184856,Delayed,3
102568,AL14,Singapore,full-service,2.0,Economy,Middle,2.78,Website,, Online ,43.0,74,2024-06-23,6,1,0,0.844,589.89,1679.1,6.58,0,60.5,794.13,839.79,124337,On-Time,3
100898,AL08,japan,full-service,4.0,Premium Economy,Aisle,4.82,Mobile App,No,Online,43.0,12,2025-06-21,6,1,0,0.99,550.77,1887.0,6.63,0,85.6,1039.54,1285.43,312046,Delayed,1
103603,AL12,Malaysia,premium,4.0,Economy,Aisle,3.2,Walk-in,No,Card,30.0,71,2024-10-01,10,0,0,0.67,598.06,1700.4,6.2,1,35.5,676.87,757.63,96160,On-Time,3
103265,AL05,Malaysia,budget,4.0,business,Aisle,3.19,Airport Counter, Yes ,Online,53.0,17,2025-04-13,4,1,0,0.485,581.62,1663.1,8.25,0,55.8,974.18,1197.28,85822,On-Time,3
101597,AL16, Vietnam ,budget,5.0,First,Window,5.83,Mobile App, Yes ,Card,41.0,24,2024-03-15,3,0,0,0.918,858.36,2623.5,7.02,1,17.3,1168.09,1374.86,295119,On-Time,4
100377,AL03,Indonesia,premium,3.0,Economy,Middle,6.11,Walk-in,Yes,Card,60.0,19,2024-11-30,11,1,0,0.748,181.9,713.3,7.62,0,29.7,498.72,617.89,136697,On-Time,3
100362,AL06, Thailand ,premium,5.0,Premium Economy,Aisle,2.95,Mobile App,Yes,Online,25.0,12,2024-06-11,6,0,0,0.759,582.58,2516.2,7.16,0,53.1,1251.59,1370.23,171564,Delayed,4
102790,AL07,philippines,full-service,3.0,Premium Economy,Middle,1.27,Website,Yes, Card ,47.0,36,2025-06-08,6,1,0,0.628,401.25,1258.3,9.75,0,58.0,725.02,793.44,69032,On-Time,4
103955,AL14,Malaysia,full-service,3.0,Economy,Window,6.09,Website, No ,Cash,27.0,14,2024-09-20,9,0,0,0.756,639.2,2233.4,8.92,0,62.0,1000.49,1088.95,220429,On-Time,3
102270,AL06,Philippines,premium,3.0,economy,Middle,4.32,website,No,Card,42.0,45,2024-10-24,10,0,0,0.667,270.26,543.7,,0,61.3,510.46,591.64,67776,Delayed,3
102141,AL09,Singapore,budget,3.0,Economy,Window,1.47,Website,No,Card,44.0,8,2024-06-26,6,0,0,0.815,482.89,1698.5,8.88,1,66.3,773.69,869.68,120842,Delayed,4
101730,AL10,Singapore,full-service,3.0,Economy,Window,3.82,Mobile App,No,Cash,39.0,64,2024-08-09,8,0,0,0.611,724.11,2209.0,,1,72.0,799.89,878.26,59962,Cancelled,2
101781,AL05,Malaysia,budget,4.0,Business,Aisle,1.58,Airport Counter,Yes,Card,45.0,8,2024-04-19,4,0,1,0.797,450.95,1023.3,8.99,1,100.0,614.12,813.38,210361,Delayed,4
101119,AL11,Singapore,budget,4.0,Economy,Window,4.75,Website,No,Card,19.0,11,2024-10-14,10,0,0,0.79,276.57,788.2,8.36,0,48.9,530.51,573.11,73675,On-Time,3
102436,AL08,singapore,full-service,3.0,Economy,Middle,3.52,Travel Agent,Yes,Card,52.0,4,2025-05-27,5,0,0,0.548,487.27,1559.3,6.99,0,57.3,816.99,890.39,152570,Delayed,2
100416,AL09,Japan,budget,3.0,economy,Aisle,4.23,mobile app,No,Online,34.0,8,2024-08-09,8,0,0,0.785,413.2,1068.8,6.73,0,36.3,587.14,631.42,115761,On-Time,3
101390,AL13,Philippines,full-service,3.0,economy,Aisle,2.84,Airport Counter,Yes,Card,58.0,28,2025-01-13,1,0,0,0.612,,916.0,8.36,0,53.6,538.84,647.22,65200,Delayed,2
103154,AL01, Vietnam ,full-service,,Economy,Window,3.9,Website,No,Cash,31.0,5,2025-02-13,2,0,1,0.791,935.18,2937.6,8.61,1,35.0,1120.37,1182.1,262304,On-Time,4
102620,AL02,malaysia,budget,,Economy,Middle,2.87,Walk-in, Yes ,Online,35.0,2,2024-11-09,11,1,0,0.669,593.81,1787.2,6.82,0,67.0,901.79,974.51,144659,Delayed,4
103137,AL07,australia,full-service,2.0,Economy,Window,7.51,Mobile App,Yes, Cash ,23.0,6,2024-10-25,10,0,0,0.633,366.58,948.3,5.84,1,62.0,443.89,552.54,101836,On-Time,3
102978,AL09,Philippines,budget,4.0,Economy,Middle,1.84,mobile app, Yes ,Online,34.0,68,2025-01-25,1,1,0,0.628,451.78,1817.7,7.87,1,68.1,701.99,851.13,188054,On-Time,4
101376,AL05,Malaysia,budget,,Economy,Aisle,4.74,Mobile App,Yes,Card,48.0,25,2025-04-28,4,0,0,0.751,625.23,2026.0,7.06,0,22.9,853.39,1093.12,274871,Delayed,3
100594,AL14,Singapore,full-service,2.0,Premium Economy,Middle,7.26,Website,No,Card,33.0,12,2024-05-15,5,0,0,0.663,377.14,1187.4,8.83,0,88.9,755.97,856.22,98500,On-Time,4
101683,AL10,malaysia,full-service,5.0,Business,Aisle,6.55,Airport Counter,No,Card,,30,2024-10-20,10,1,0,0.74,697.8,2540.3,6.68,1,68.1,1078.9,1306.73,97481,Delayed,2
100048,AL12,Australia,premium,4.0,Economy,Window,6.67,Mobile App, Yes , Card ,18.0,28,2025-03-09,3,1,0,0.685,555.97,1568.0,5.18,0,70.1,801.71,994.87,127133,Delayed,2
103325,AL14, Philippines ,full-service,3.0,Economy,Aisle,1.52,Mobile App,No,Online,26.0,22,2024-01-01,1,0,0,0.716,545.44,1623.2,5.3,0,16.0,768.25,869.99,157705,On-Time,3
103087,AL12,malaysia,premium,4.0,Economy,Aisle,2.58,Mobile App,Yes,Online,22.0,66,2025-04-12,4,1,0,0.676,439.63,1236.5,8.44,0,24.7,639.32,782.93,48457,Delayed,4
101289,AL04,Singapore,full-service,3.0,Economy,Middle,1.85,Travel Agent,No,Card,32.0,93,2024-10-28,10,0,0,0.883,326.27,1005.4,6.27,0,35.3,563.33,739.54,190742,On-Time,3
101790,AL02,Indonesia,budget,4.0,Economy,Aisle,9.1,Airport Counter,No,Card,36.0,12,2024-04-03,4,0,1,0.759,591.7,1810.9,7.11,0,59.4,818.37,884.09,188750,Delayed,4
103104,AL09, MALAYSIA ,budget,5.0,Economy,Window,6.33,Mobile App, Yes ,Card,41.0,34,2025-02-22,2,1,0,0.798,577.32,2101.4,5.79,0,43.7,928.58,1072.95,193231,Delayed,3
100162,AL07, Thailand ,full-service,3.0,Premium Economy,Middle,8.17,Website,No,Card,44.0,12,2024-11-15,11,0,0,0.779,435.49,1015.0,6.48,0,54.0,677.25,799.32,199276,On-Time,3
104108,AL03,Thailand,premium,4.0,economy,Aisle,4.29,Mobile App, Yes ,Card,40.0,103,2024-05-15,5,0,0,0.897,507.44,1553.1,10.0,1,46.0,655.7,769.74,181300,On-Time,4
102428,AL09,Japan,budget,4.0,Premium Economy,Aisle,2.14,Website,, Online ,35.0,16,2025-03-07,3,0,0,0.792,766.2,2404.9,6.39,0,34.4,1063.49,1112.3,85149,Delayed,2
101697,AL16, THAILAND ,budget,4.0,Economy,Window,3.33,Website,Yes,Online,38.0,14,2025-05-27,5,0,0,0.818,1021.19,3291.2,9.59,0,71.6,1328.42,1408.12,167649,On-Time,4
101151,AL11,Malaysia,budget,3.0,Economy,Window,3.76,Website,No,Online,29.0,4,2024-02-05,2,0,0,0.715,373.22,1457.7,8.57,0,83.5,715.4,878.79,123624,Delayed,2
103742,AL18,indonesia,budget,3.0,business,Aisle,1.45,website,No,Online,30.0,6,2024-12-07,12,1,0,0.99,484.12,1473.5,,1,48.2,858.63,1056.25,161284,Delayed,2
102085,AL18,Indonesia,budget,4.0,business,Window,2.17,Mobile App, Yes , Card ,33.0,32,2025-06-19,6,0,0,0.81,280.23,706.2,6.8,0,43.7,738.84,931.5,94272,Delayed,4
101196,AL18,Singapore,budget,5.0,Premium Economy,Aisle,7.29,Website,Yes,Online,35.0,23,2024-11-15,11,0,0,0.861,169.85,391.3,8.31,1,85.0,452.86,542.46,36932,Delayed,3
101729,AL17, PHILIPPINES ,full-service,4.0,First,Aisle,3.95,travel agent,No,Online,26.0,49,2025-04-26,4,1,0,0.772,271.09,735.2,,0,19.2,756.49,924.43,96751,On-Time,5
103561,AL10,Singapore,full-service,5.0,Economy,Middle,1.18,Walk-in,No, Card ,37.0,3,2024-05-13,5,0,0,0.823,387.56,1332.4,,0,57.8,775.35,874.73,198255,On-Time,3
100713,AL03,Thailand,premium,4.0,Economy,Window,5.32,Mobile App,Yes, Online ,18.0,12,2024-01-07,1,1,0,0.698,860.68,2349.8,8.52,0,34.6,1059.58,1171.35,161034,On-Time,4
102638,AL17,Thailand,full-service,3.0,Premium Economy,Middle,2.4,Website,Yes,Online,45.0,35,2024-07-15,7,0,0,0.769,415.87,780.6,6.72,0,35.4,642.66,763.92,52624,Delayed,4
103046,AL05,philippines,budget,5.0,Premium Economy,Window,5.11,Walk-in, Yes ,Online,42.0,10,2024-09-12,9,0,0,0.945,530.37,1777.1,7.72,1,57.2,858.61,989.6,213198,Delayed,3
100433,AL17,Thailand,full-service,4.0,Economy,Window,4.33,Walk-in,No, Online ,24.0,28,2024-08-27,8,0,0,0.882,1079.35,3409.6,8.96,0,26.9,1365.25,1441.78,145729,On-Time,3
103690,AL02,Malaysia,budget,3.0,Economy,Middle,6.56,Travel Agent, Yes ,Card,24.0,10,2024-11-21,11,0,0,0.689,503.03,1748.1,4.24,1,67.3,721.57,804.85,55641,Delayed,2
101104,AL16, Vietnam ,budget,5.0,Economy,Middle,1.8,Mobile App,No,Online,36.0,39,2024-01-21,1,1,0,0.886,137.4,383.9,7.35,0,38.4,395.23,508.79,55687,Delayed,3
100412,AL10,indonesia,full-service,3.0,Premium Economy,Middle,1.27,Mobile App, Yes ,Online,55.0,34,2024-09-11,9,0,0,0.584,281.88,500.2,5.54,0,57.5,487.1,563.55,126241,On-Time,4
100210,AL14,Indonesia,full-service,5.0,economy,Window,7.11,Website,Yes, Card ,42.0,22,2024-05-04,5,1,0,0.71,528.12,1749.9,7.9,1,14.3,705.36,775.62,77192,Delayed,3
101438,AL18, Thailand ,budget,3.0,Economy,Middle,2.04,Airport Counter,No,Online,44.0,3,2024-01-19,1,0,0,0.81,361.23,1051.7,5.62,0,70.5,609.32,676.53,140843,On-Time,2
100051,AL06, THAILAND ,premium,5.0,Premium Economy,Window,3.97,Walk-in,No,Card,33.0,50,2025-01-09,1,0,0,0.747,302.51,996.0,6.61,1,38.5,532.17,659.84,109448,Delayed,3
100670,AL01, JAPAN ,full-service,4.0,economy,Aisle,3.73,Travel Agent,No,Card,20.0,76,2024-06-15,6,1,0,0.906,760.79,2265.5,8.28,0,71.8,958.79,1129.05,239478,Delayed,2
102314,AL10, Vietnam ,full-service,5.0,Economy,Middle,0.75,Mobile App,Yes, Card ,18.0,10,2024-07-31,7,0,0,0.93,407.46,1385.3,8.58,0,61.3,734.13,913.72,205085,On-Time,2
103037,AL15,Malaysia,budget,2.0,Economy,Middle,4.84,Website,Yes, Online ,46.0,34,2024-07-23,7,0,0,0.832,365.59,1206.8,7.16,0,73.5,655.31,823.05,53500,Delayed,3
102908,AL15,Thailand,budget,5.0,First,Window,2.02,Website,No, Online ,18.0,92,2025-02-28,2,0,0,0.751,400.02,1152.0,6.2,1,55.8,699.68,857.32,213663,On-Time,4
103139,AL11, Thailand ,budget,3.0,Economy,Aisle,6.16,Website,No, Online ,34.0,29,2024-01-31,1,0,0,0.871,359.24,763.3,8.41,0,55.7,498.72,556.38,114428,Delayed,3
101769,AL01, AUSTRALIA ,full-service,2.0,Economy,Window,1.64,Airport Counter, Yes ,Online,31.0,15,2024-10-19,10,1,0,0.741,161.42,401.8,7.04,0,68.6,427.49,502.97,44489,Delayed,2
102479,AL15, MALAYSIA ,budget,3.0,Economy,Window,7.72,airport counter,Yes,Card,31.0,14,2024-09-22,9,1,1,0.612,653.48,2290.0,6.78,0,94.0,974.23,1029.07,257693,Delayed,2
102585,AL08, SINGAPORE ,full-service,3.0,Economy,Middle,1.9,Mobile App,Yes,Card,24.0,4,2024-12-15,12,1,0,0.574,218.3,591.2,8.97,1,42.8,479.81,578.09,56385,On-Time,4
100356,AL07, SINGAPORE ,full-service,2.0,Premium Economy,Window,4.14,Walk-in, Yes ,Online,27.0,50,2024-11-14,11,0,0,,352.82,1080.6,9.23,0,45.8,752.43,804.81,83025,On-Time,4
101409,AL01,Malaysia,full-service,2.0,Economy,Middle,2.36,mobile app,Yes, Card ,18.0,14,2025-03-23,3,1,0,0.873,566.95,1797.0,7.79,0,100.0,861.88,923.52,211925,Cancelled,3
101474,AL07,Vietnam,full-service,2.0,Economy,Aisle,9.82,Walk-in,No,Online,43.0,140,2025-06-21,6,1,0,0.72,641.15,1936.3,6.98,1,86.6,790.36,945.3,131043,Delayed,2
100814,AL18,Indonesia,budget,3.0,Economy,Aisle,6.69,Website,No, Online ,42.0,26,2024-01-30,1,0,0,0.722,325.59,1080.6,7.41,0,49.0,545.75,611.36,113227,Cancelled,2
102759,AL17,Philippines,full-service,4.0,Premium Economy,Aisle,3.82,Website, No ,Cash,45.0,32,2025-04-09,4,0,0,0.813,451.79,1051.6,6.24,0,76.0,672.19,773.87,168714,Delayed,3
101699,AL15,Singapore,budget,3.0,Premium Economy,Window,2.85,Website,No, Card ,44.0,7,2024-10-01,10,0,0,0.686,926.41,3048.0,7.45,0,34.0,1321.78,1453.48,146355,On-Time,3
101777,AL09,Indonesia,budget,5.0,Business,Middle,6.66,Mobile App,Yes,Online,40.0,12,2024-11-05,11,0,1,0.947,330.53,1313.5,6.56,0,53.5,855.96,974.55,96752,Delayed,3
103133,AL11, MALAYSIA ,budget,3.0,economy,Middle,5.78,Mobile App,No,Card,32.0,18,2024-06-22,6,1,0,0.854,616.03,1681.3,6.96,0,28.0,836.43,941.58,88419,On-Time,4
102526,AL13, SINGAPORE ,full-service,5.0,Premium Economy,Aisle,5.64,Mobile App,Yes,Online,46.0,67,2024-04-25,4,0,0,0.99,551.33,1683.4,5.88,0,50.1,900.37,939.68,190969,On-Time,4
100590,AL07, Malaysia ,full-service,2.0,First,Aisle,3.33,Airport Counter,No,Card,30.0,41,2024-09-26,9,0,1,0.902,719.34,2617.5,6.5,0,34.1,1394.16,1479.92,318988,Delayed,4
101050,AL15,Malaysia,budget,4.0,business,Window,3.62,Mobile App,No, Online ,29.0,52,2024-07-14,7,1,0,0.794,417.72,1329.3,6.0,1,43.2,676.81,745.75,133602,On-Time,4
101675,AL09, Malaysia ,budget,3.0,business,Window,4.97,Website,Yes,Online,,13,2025-06-18,6,0,0,0.64,649.68,2102.2,9.3,1,71.2,999.75,1152.12,168072,Delayed,5
102194,AL12,Singapore,premium,4.0,Economy,Middle,3.3,Travel Agent, Yes ,Card,25.0,16,2024-06-14,6,0,0,0.72,232.11,665.8,4.41,1,54.4,470.57,542.73,113323,On-Time,3
100161,AL03, Philippines ,premium,3.0,economy,Aisle,5.99,Website,No,Online,32.0,21,2025-05-16,5,0,0,,824.77,2634.7,8.86,0,70.4,1123.4,1192.23,226623,On-Time,4
102685,AL13, THAILAND ,full-service,3.0,economy,Window,6.07,Travel Agent,No,Online,41.0,21,2025-02-22,2,1,0,0.8,585.29,2091.2,,0,59.2,978.2,1167.23,271793,Delayed,4
101325,AL02,Singapore,budget,3.0,Premium Economy,Middle,7.77,website,No,Cash,63.0,12,2025-06-17,6,0,0,0.698,509.21,1430.4,6.86,0,45.0,853.44,902.85,94375,On-Time,4
101802,AL05,Malaysia,budget,4.0,Economy,Aisle,0.75,Website,No, Online ,18.0,10,2024-10-15,10,0,0,0.844,1048.05,3299.0,7.26,1,33.4,1095.55,1181.79,270983,Delayed,2
102926,AL18,Singapore,budget,3.0,Economy,Window,5.2,travel agent, No ,Card,18.0,118,2025-05-26,5,0,0,0.625,594.51,1727.4,6.66,0,51.1,795.46,856.63,123747,On-Time,3
103487,AL04,Indonesia,full-service,3.0,Business,Window,3.7,Website,No,Card,18.0,16,2025-03-27,3,0,0,0.885,643.96,2022.3,8.21,0,71.7,1144.85,1200.2,79340,On-Time,4
102607,AL09,Singapore,budget,3.0,Economy,Middle,2.8,Mobile App,No,Online,28.0,23,2024-03-17,3,1,0,0.574,209.88,685.5,6.28,1,21.6,358.19,482.81,102316,Delayed,2
103095,AL09,australia,budget,3.0,First,Middle,5.49,Website,Yes, Online ,50.0,15,2025-04-21,4,0,1,0.66,377.15,1197.8,5.54,0,67.0,963.68,1068.21,131254,Delayed,3
103190,AL11,Malaysia,budget,4.0,Premium Economy,Window,8.44,mobile app,No,Card,28.0,44,2025-02-10,2,0,0,0.704,284.67,612.2,4.56,0,5.3,547.7,642.61,38850,On-Time,4
104019,AL07,Malaysia,full-service,4.0,Business,Aisle,6.99,Mobile App, Yes ,Card,46.0,98,2024-07-03,7,0,0,0.99,402.9,1237.0,7.81,0,64.2,832.65,934.47,76927,Delayed,3
103773,AL11,Indonesia,budget,2.0,economy,Window,11.87,Mobile App,No,Card,18.0,29,2024-09-03,9,0,0,0.852,329.94,1393.6,8.05,0,54.0,737.09,799.61,93901,Delayed,2
101868,AL06, Singapore ,premium,4.0,Economy,Aisle,2.12,Airport Counter,Yes,Online,35.0,18,2024-08-15,8,0,0,0.856,525.5,1640.2,8.17,0,53.4,804.58,853.15,199643,On-Time,3
103300,AL10,Malaysia,full-service,3.0,Economy,Window,2.56,Website,Yes, Online ,22.0,63,2024-04-11,4,0,0,0.715,705.14,1977.7,8.46,0,43.9,886.76,1123.45,151068,On-Time,4
100514,AL15, Australia ,budget,3.0,Economy,Aisle,4.76,Mobile App,Yes,Online,18.0,9,2024-12-09,12,0,0,0.736,684.45,2244.3,8.14,1,70.1,844.59,944.83,112409,Delayed,3
102534,AL15,Malaysia,budget,3.0,Economy,Middle,2.07,Website, No ,Card,27.0,39,2024-11-20,11,0,0,0.986,280.23,760.4,4.67,0,67.1,598.3,719.43,100656,On-Time,3
100890,AL10,Malaysia,full-service,3.0,Economy,Middle,2.1,website, Yes ,Online,54.0,12,2024-04-25,4,0,0,0.902,337.05,672.8,5.39,0,56.8,481.9,539.46,111662,On-Time,4
102065,AL13,Thailand,full-service,3.0,Economy,Middle,6.82,Website,No,Card,18.0,36,2024-04-24,4,0,0,0.909,206.11,606.0,8.06,0,40.0,525.55,553.34,117074,Delayed,3
100459,AL08,Australia,full-service,5.0,Economy,Window,2.26,mobile app, No ,Card,30.0,21,2025-05-22,5,0,0,0.99,518.92,1546.9,,0,60.9,717.63,783.73,144754,Delayed,2
100318,AL18,Indonesia,budget,4.0,Economy,Window,2.33,Travel Agent,Yes,Online,43.0,7,2024-03-27,3,0,0,0.898,272.69,486.9,,1,70.6,445.62,601.25,105529,On-Time,4
100653,AL15,Vietnam,budget,3.0,Economy,Middle,3.41,Walk-in,No,Online,18.0,95,2025-02-28,2,0,0,0.753,393.68,1065.7,8.45,0,44.8,545.35,635.77,139336,Delayed,3
100892,AL08,Singapore,full-service,4.0,Economy,Middle,3.79,Walk-in,No, Card ,34.0,24,2025-02-12,2,0,0,0.863,632.93,2062.8,8.07,0,52.7,931.88,1001.01,57220,On-Time,3
103529,AL05,Malaysia,budget,4.0,Economy,Aisle,2.0,Mobile App,No, Card ,37.0,2,2024-12-12,12,0,0,0.577,818.11,2559.0,7.52,1,38.1,895.05,981.41,233561,On-Time,3
103231,AL13,Malaysia,full-service,3.0,Economy,Aisle,3.01,Website,No,Card,34.0,30,2024-12-17,12,0,0,0.924,218.58,711.5,6.14,1,35.6,473.99,539.67,87663,Delayed,2
103219,AL04,philippines,full-service,3.0,Economy,Window,4.2,Travel Agent,Yes,Card,40.0,35,2025-04-21,4,0,0,0.799,571.99,1693.2,6.03,1,26.0,617.29,706.37,52681,On-Time,2
102019,AL07,australia,full-service,4.0,Economy,Aisle,3.91,Mobile App,No,Online,38.0,3,2024-09-06,9,0,0,0.72,273.22,1062.5,5.87,0,79.5,684.79,715.3,57853,Delayed,3
104061,AL03,Thailand,premium,4.0,Economy,Window,2.19,Travel Agent,No,Online,41.0,27,2024-04-13,4,1,0,0.867,504.58,1231.9,7.99,1,52.2,633.64,699.77,121331,On-Time,4
101549,AL06,Malaysia,premium,3.0,economy,Window,3.24,Website,Yes,Online,43.0,18,2024-11-06,11,0,0,0.863,1043.49,3359.3,10.0,0,46.9,1390.92,1429.26,280662,Delayed,3
100325,AL17,Indonesia,full-service,4.0,Economy,Aisle,6.25,Website,No,Online,64.0,48,2025-01-25,1,1,0,0.681,492.49,1628.6,8.07,1,65.4,713.55,845.53,55747,Delayed,3
100687,AL03, SINGAPORE ,premium,2.0,economy,Middle,3.06,Website,No,Online,50.0,6,2024-04-28,4,1,0,0.867,274.11,828.5,7.09,0,24.4,574.57,614.06,81290,Delayed,2
100098,AL15, Malaysia ,budget,3.0,Economy,Window,1.74,Website,No, Online ,39.0,47,2024-03-20,3,0,0,0.919,528.98,1700.0,6.33,1,36.6,726.94,854.84,54285,On-Time,3
101584,AL05,Indonesia,budget,4.0,Business,Aisle,3.72,Mobile App,Yes,Card,29.0,50,2025-04-05,4,1,0,0.612,285.7,1028.4,8.35,0,53.5,768.41,930.03,185123,Cancelled,3
102729,AL10,Philippines,full-service,4.0,Economy,Middle,13.52,Mobile App,No,Online,24.0,31,2024-10-16,10,0,0,0.637,273.08,716.7,8.5,0,55.7,480.06,605.97,148203,Delayed,4
101125,AL09,Singapore,budget,2.0,Economy,Aisle,10.85,Website,No, Card ,28.0,34,2024-04-05,4,0,0,0.761,354.71,1138.3,6.56,0,44.8,673.28,696.16,101823,Delayed,3
100372,AL17,Japan,full-service,3.0,Economy,Window,4.32,Airport Counter,Yes,Cash,18.0,10,2024-12-15,12,1,0,0.764,533.01,1960.0,7.88,0,53.0,894.92,941.95,223304,Delayed,3
101175,AL15,Thailand,budget,5.0,Economy,Window,4.93,airport counter,Yes, Cash ,29.0,91,2025-05-30,5,0,1,0.842,285.97,630.8,9.12,1,16.0,394.28,581.24,128902,Delayed,2
102779,AL02, Thailand ,budget,3.0,Economy,Aisle,4.68,Website, No ,Online,,28,2024-04-25,4,0,0,0.68,735.5,2737.8,6.52,0,48.8,1151.94,1225.35,180921,Delayed,1
101453,AL10,Malaysia,full-service,2.0,Economy,Aisle,5.13,Website,No, Card ,48.0,18,2025-02-23,2,1,0,0.664,510.46,1541.9,9.64,1,49.4,628.73,678.67,66418,On-Time,4
101939,AL01, JAPAN ,full-service,3.0,economy,Middle,1.28,Website,No,Card,58.0,4,2025-05-18,5,1,0,0.615,264.8,965.4,6.68,0,51.0,546.18,620.46,38696,On-Time,3
102057,AL04, Indonesia ,full-service,4.0,Economy,Middle,4.15,Travel Agent,Yes,Cash,44.0,19,2024-10-10,10,0,0,0.933,903.26,2659.8,,0,13.1,1123.91,1239.47,217956,On-Time,3
101158,AL10, THAILAND ,full-service,4.0,Economy,Window,5.0,Mobile App,Yes, Online ,38.0,70,2025-06-01,6,1,0,0.853,1287.41,4436.8,9.21,0,50.3,1673.4,1759.5,420855,On-Time,4
103687,AL18,Philippines,budget,,Economy,Window,4.56,mobile app,No,Online,28.0,28,2025-02-23,2,1,0,0.599,765.68,2517.8,6.28,1,49.4,1005.5,1136.36,192506,Delayed,3
102495,AL15,Thailand,budget,4.0,First,Aisle,3.28,Walk-in,Yes,Online,23.0,1,2024-02-26,2,0,0,0.86,597.31,1668.3,6.84,0,50.7,1090.03,1229.03,189624,On-Time,4
103705,AL06, Malaysia ,premium,3.0,first,Middle,2.65,Travel Agent,No,Online,24.0,1,2024-09-09,9,0,0,0.655,216.57,1028.4,7.93,1,39.7,833.28,981.4,215594,On-Time,4
103686,AL14,Thailand,full-service,4.0,economy,Aisle,2.95,Website,,Card,50.0,6,2025-03-03,3,0,0,0.681,371.58,937.7,7.15,0,29.3,564.88,632.76,47487,On-Time,2
101671,AL17,Philippines,full-service,5.0,Business,Aisle,4.98,Travel Agent,Yes,Online,56.0,6,2024-01-17,1,0,0,0.877,233.53,811.9,7.0,0,57.6,791.24,881.59,78151,On-Time,3
101864,AL10,Indonesia,full-service,2.0,economy,Window,5.71,Website,No,Card,39.0,4,2025-06-16,6,0,0,0.894,610.55,2238.6,6.36,0,46.4,1021.19,1195.38,115519,Delayed,2
101459,AL08,Singapore,full-service,5.0,Business,Window,11.42,Mobile App, No ,Card,39.0,52,2024-08-28,8,0,0,0.769,320.82,1046.6,8.26,0,70.2,734.84,876.34,222570,Delayed,4
101255,AL16,malaysia,budget,4.0,Economy,Window,5.45,Mobile App, Yes ,Online,47.0,14,2024-10-31,10,0,0,0.567,291.99,898.4,7.7,1,32.7,533.19,762.36,167421,On-Time,3
101680,AL12,Thailand,premium,2.0,Economy,Window,0.75,Travel Agent,Yes,Card,38.0,96,2025-01-16,1,0,0,0.594,701.87,2198.9,6.78,0,76.8,980.63,1118.44,85806,On-Time,4
102566,AL15,Japan,budget,4.0,Economy,Middle,5.73,mobile app,Yes,Card,36.0,15,2025-05-04,5,1,0,0.549,666.99,2096.4,7.53,1,55.4,757.01,873.09,73422,Cancelled,1
100903,AL10,vietnam,full-service,5.0,Economy,Middle,4.14,Website, No , Online ,37.0,64,2024-05-02,5,0,0,0.826,233.42,980.2,8.03,1,29.3,432.57,589.73,124343,Delayed,2
102224,AL01,Indonesia,full-service,,Economy,Middle,1.78,Website,Yes,Online,61.0,17,2025-02-14,2,0,0,0.815,351.11,1115.0,8.78,0,73.5,610.46,640.5,56420,On-Time,4
101121,AL16,Singapore,budget,4.0,Business,Window,5.51,mobile app,No, Cash ,50.0,11,2024-09-30,9,0,0,0.875,406.24,1599.1,6.52,0,35.3,1017.97,1127.7,295698,Delayed,2
100694,AL14,Philippines,full-service,5.0,Economy,Aisle,4.1,Website,No,Card,33.0,5,2024-04-29,4,0,0,0.687,488.47,1405.6,4.98,0,51.3,746.81,803.14,102222,On-Time,3
100786,AL03, Singapore ,premium,,Economy,Window,1.99,Travel Agent,No, Online ,27.0,55,2024-06-30,6,1,0,0.8,576.74,1979.3,6.44,0,51.7,903.16,1075.38,251265,On-Time,3
103443,AL15,singapore,budget,4.0,economy,Window,1.03,Airport Counter,Yes,Card,42.0,25,2025-02-26,2,0,0,0.807,355.09,782.6,7.11,1,100.0,461.86,767.0,112668,On-Time,2
100415,AL17,Malaysia,full-service,5.0,Premium Economy,Window,1.97,Website, Yes ,Cash,33.0,41,2025-06-22,6,1,0,0.813,87.83,286.7,8.18,1,61.3,518.26,647.02,67179,On-Time,2
101347,AL17, VIETNAM ,full-service,2.0,Economy,Middle,6.21,Airport Counter, Yes ,Card,61.0,75,2024-11-15,11,0,0,0.875,320.48,680.1,7.21,0,58.2,524.06,616.99,132135,Delayed,3
102328,AL14, Thailand ,full-service,4.0,Premium Economy,Middle,1.51,Travel Agent, No ,Cash,18.0,40,2024-12-21,12,1,0,0.99,315.07,1096.7,7.72,0,20.0,734.67,951.11,239258,On-Time,2
100187,AL04,singapore,full-service,4.0,Economy,Aisle,3.6,Mobile App,No,Card,25.0,9,2025-05-24,5,1,0,0.726,456.96,1363.9,6.97,0,41.4,675.95,734.2,101199,On-Time,3
102209,AL15,Vietnam,budget,2.0,Premium Economy,Middle,2.18,Website,Yes,Online,38.0,32,2025-01-12,1,1,0,0.777,652.75,2194.5,8.94,1,15.1,872.86,1114.1,89107,Cancelled,3
102445,AL16, VIETNAM ,budget,2.0,Premium Economy,Aisle,4.65,Airport Counter,No,Online,51.0,33,2024-02-02,2,0,0,0.804,328.16,580.8,6.92,0,89.1,610.65,670.34,161190,Delayed,3
102739,AL06,Indonesia,premium,2.0,First,Window,4.55,Mobile App,Yes,Card,60.0,18,2024-05-23,5,0,0,0.765,40.0,457.5,7.58,0,78.4,803.16,942.17,199950,On-Time,5
101789,AL17,Australia,full-service,3.0,Business,Aisle,6.74,Airport Counter,No,Online,18.0,16,2025-02-04,2,0,0,0.575,1058.53,3471.4,,0,34.0,1516.61,1651.51,165481,On-Time,4
100393,AL13,Thailand,full-service,5.0,Business,Window,5.38,mobile app, No ,Online,38.0,2,2024-01-11,1,0,0,0.592,329.78,1192.9,8.9,0,51.6,854.06,1196.96,122390,Cancelled,1
103228,AL10,Philippines,full-service,4.0,Premium Economy,Aisle,2.64,Walk-in,No, Online ,38.0,63,2024-03-11,3,0,0,0.902,561.74,1787.2,8.09,0,61.1,945.95,989.28,175952,On-Time,3
103003,AL04,Singapore,full-service,,Economy,Middle,7.62,Website,No,Online,43.0,7,2024-12-04,12,0,0,0.764,729.6,1946.1,7.22,1,56.1,799.73,863.81,169938,On-Time,3
102265,AL03, Thailand ,premium,4.0,Economy,Aisle,4.88,Website,, Card ,39.0,86,2024-05-23,5,0,0,0.969,158.06,609.1,5.66,0,34.3,442.8,623.53,131199,Delayed,2
101115,AL10,Malaysia,full-service,4.0,Economy,Window,4.07,Mobile App,No,Card,45.0,48,2025-03-11,3,0,0,0.856,235.74,667.7,9.22,1,45.9,489.18,543.59,74083,On-Time,4
102558,AL06,Malaysia,premium,4.0,Business,Aisle,10.81,Mobile App,No,Cash,38.0,12,2025-04-23,4,0,0,0.868,390.6,1129.8,7.13,0,43.2,815.0,951.47,159946,On-Time,4
101522,AL18, SINGAPORE ,budget,3.0,Business,Aisle,1.13,Website,No, Card ,18.0,22,2024-06-16,6,1,0,0.66,530.17,1655.2,8.2,0,51.7,936.93,1051.01,253338,Delayed,3
103194,AL16, SINGAPORE ,budget,2.0,Economy,Aisle,3.43,Travel Agent,Yes,Card,27.0,3,2024-06-21,6,0,0,0.856,727.86,2030.4,5.66,0,68.7,962.14,1041.35,243240,Delayed,2
101436,AL09, SINGAPORE ,budget,2.0,Economy,Middle,6.13,website, Yes , Online ,41.0,31,2024-03-01,3,0,0,0.537,376.47,1427.0,8.28,1,57.4,602.54,661.82,90245,Delayed,3
100757,AL15,Malaysia,budget,4.0,Economy,Middle,2.39,Mobile App,No,Card,42.0,19,2024-02-16,2,0,0,0.841,280.08,845.7,7.92,1,55.9,520.08,627.03,101865,On-Time,4
102379,AL09,thailand,budget,4.0,Economy,Middle,2.49,travel agent,No,Online,33.0,14,2024-03-22,3,0,0,0.783,,1327.3,5.64,0,5.0,599.36,696.89,122058,On-Time,4
100212,AL15,Indonesia,budget,4.0,Economy,Aisle,7.98,Website,Yes,Online,45.0,17,2024-03-11,3,0,1,0.827,916.45,2858.8,8.81,0,44.8,1223.75,1257.8,274440,Delayed,2
100991,AL06,Japan,premium,2.0,Economy,Aisle,3.11,Travel Agent,No,Online,27.0,8,2024-07-12,7,0,0,0.58,410.91,1376.2,7.67,0,76.3,739.04,808.53,73233,On-Time,5
102317,AL09,Indonesia,budget,5.0,Economy,Window,1.74,Travel Agent,No,Online,35.0,38,2025-06-24,6,0,0,0.655,769.67,2035.9,4.73,0,54.5,910.31,969.1,155615,On-Time,3
100760,AL18, INDONESIA ,budget,5.0,Economy,Aisle,4.62,travel agent,Yes,Cash,37.0,6,2024-09-28,9,1,0,0.743,495.42,1095.8,7.59,0,37.4,601.58,638.42,117732,Cancelled,3
102906,AL14,Indonesia,full-service,3.0,Economy,Aisle,2.04,Travel Agent,Yes,Cash,28.0,14,2025-06-17,6,0,0,0.743,522.21,1498.4,7.62,0,41.0,804.91,891.25,210663,On-Time,3
103356,AL15,Philippines,budget,4.0,Economy,Aisle,1.56,Airport Counter, No ,Card,45.0,31,2024-12-18,12,0,0,0.99,475.16,1638.3,8.75,0,47.6,822.07,1023.89,232485,Delayed,4
102935,AL01,Malaysia,full-service,4.0,Premium Economy,Aisle,4.88,Mobile App,No,Card,29.0,47,2024-01-28,1,1,0,0.785,572.84,1553.5,6.75,0,35.2,797.75,995.33,61794,Delayed,3
100487,AL15,Malaysia,budget,4.0,Premium Economy,Window,3.45,Website,No,Card,18.0,25,2024-04-07,4,1,0,0.87,1046.97,3354.4,10.0,0,32.9,1421.44,1522.8,188654,On-Time,4
100667,AL04,philippines,full-service,3.0,Premium Economy,Window,4.79,Website,Yes, Card ,40.0,4,2024-05-28,5,0,0,0.912,479.04,1270.5,7.41,0,77.3,876.01,954.9,59839,On-Time,3
100987,AL16,Philippines,budget,4.0,economy,Aisle,3.37,Website, No ,Card,43.0,66,2025-04-10,4,0,0,0.879,458.96,1417.4,6.04,0,39.7,683.52,746.91,136092,Delayed,3
101222,AL10,Singapore,full-service,3.0,business,Aisle,4.57,Website, Yes ,Online,24.0,34,2024-11-10,11,1,0,0.799,287.9,399.0,8.61,1,74.4,624.09,726.05,52804,Delayed,4
102571,AL05,philippines,budget,4.0,Economy,Window,1.9,Mobile App,Yes,Online,37.0,14,2024-10-22,10,0,0,0.715,709.83,2487.2,7.95,0,87.1,1092.94,1135.25,282434,On-Time,3
102439,AL08,Philippines,full-service,3.0,Economy,Aisle,11.74,Website,No,Card,34.0,2,2024-08-09,8,0,0,0.77,366.89,1188.5,5.29,0,72.3,658.27,726.17,151750,Delayed,1
101272,AL08,Malaysia,full-service,4.0,Economy,Aisle,11.54,Travel Agent, No ,Online,38.0,13,2025-01-16,1,0,0,0.804,481.96,1088.4,6.22,1,58.9,555.31,703.41,52616,On-Time,3
100895,AL13, Philippines ,full-service,4.0,Economy,Aisle,3.66,website,No, Online ,39.0,25,2024-09-25,9,0,0,0.989,351.09,1010.1,7.94,0,53.8,639.26,732.67,152178,Delayed,3
102857,AL17,thailand,full-service,4.0,First,Window,5.62,Website, No ,Online,37.0,13,2025-03-22,3,1,1,0.679,319.85,660.2,2.94,1,51.7,725.61,848.93,65618,Delayed,2
101062,AL01,japan,full-service,4.0,Economy,Middle,5.4,Mobile App,No,Online,27.0,19,2024-02-06,2,0,0,0.867,502.59,1461.4,5.22,1,16.8,528.59,569.63,116058,On-Time,2
101344,AL18,Malaysia,budget,3.0,Premium Economy,Aisle,5.47,Website, No ,Card,50.0,3,2024-05-21,5,0,0,0.886,130.05,311.2,7.51,0,71.7,514.93,665.16,47066,Delayed,2
103809,AL09,Vietnam,budget,3.0,Business,Window,3.75,website,No,Card,38.0,6,2024-05-12,5,1,0,0.686,669.63,1723.9,7.55,1,5.0,942.28,1012.19,102588,On-Time,4
102852,AL03, INDONESIA ,premium,3.0,Economy,Aisle,6.64,Website,Yes,Online,38.0,57,2025-05-05,5,0,0,0.94,575.53,1728.9,7.51,0,95.7,844.93,879.82,54715,Delayed,2
100735,AL18,singapore,budget,4.0,Economy,Aisle,2.61,Mobile App, Yes ,Online,27.0,27,2025-03-04,3,0,0,0.591,150.24,572.2,7.63,0,50.9,446.46,552.42,87738,On-Time,4
102518,AL18,Singapore,budget,3.0,Premium Economy,Window,4.22,Mobile App,Yes,Online,44.0,34,2024-08-06,8,0,0,0.745,339.07,1023.6,7.86,0,54.4,657.02,785.71,149514,On-Time,5
102520,AL15,Malaysia,budget,4.0,Economy,Aisle,2.02,Mobile App,No,Card,42.0,18,2025-04-02,4,0,0,0.658,554.94,1830.2,5.74,1,39.8,769.93,873.14,140481,Delayed,3
100800,AL15,Malaysia,budget,1.0,Economy,Window,3.14,Travel Agent,Yes,Cash,42.0,0,2024-12-01,12,1,0,0.782,371.54,1152.5,7.32,0,79.5,763.21,969.09,165447,Cancelled,3
101257,AL01,Thailand,full-service,5.0,First,Window,2.95,Mobile App,No,Online,65.0,37,2024-07-03,7,0,0,0.874,717.31,2218.0,6.14,0,44.1,1308.47,1498.16,202183,Delayed,4
100531,AL05,Australia,budget,3.0,Business,Middle,6.27,Mobile App,No, Card ,,9,2024-03-06,3,0,0,0.813,570.45,1939.6,8.63,0,80.4,1109.56,1199.4,157007,Cancelled,1
103900,AL10, VIETNAM ,full-service,3.0,Economy,Middle,4.79,Mobile App,No,Cash,25.0,89,2025-02-17,2,0,0,0.99,523.36,1533.8,,0,89.1,763.57,893.14,67836,Cancelled,1
101137,AL04,Vietnam,full-service,3.0,Economy,Aisle,3.04,Mobile App,No,Card,39.0,24,2024-02-02,2,0,0,0.827,957.38,3061.8,6.45,0,68.6,1223.19,1449.51,175405,Delayed,2
100562,AL12,Vietnam,premium,4.0,Economy,Window,7.32,Website,Yes,Card,31.0,28,2025-05-18,5,1,0,0.767,72.19,248.9,6.3,0,24.9,287.86,473.24,47198,Cancelled,2
101854,AL04,Indonesia,full-service,3.0,Economy,Middle,4.38,Walk-in,No,Cash,50.0,27,2024-09-14,9,1,0,0.587,533.35,2056.8,5.61,1,25.4,624.74,647.49,64955,On-Time,3
103763,AL01, SINGAPORE ,full-service,3.0,Economy,Window,3.4,Travel Agent,No,Online,42.0,17,2025-05-27,5,0,0,0.925,433.42,1191.4,6.57,0,50.5,644.63,681.97,154135,Delayed,2
103595,AL10,philippines,full-service,3.0,Economy,Middle,3.6,Travel Agent,Yes,Card,45.0,102,2024-09-16,9,0,0,0.703,374.28,1166.9,5.58,1,36.5,532.72,597.85,127064,On-Time,2
102623,AL03,Singapore,premium,3.0,Economy,Middle,3.49,Website,Yes, Card ,,2,2024-10-20,10,1,0,0.987,488.99,1733.7,7.01,1,55.3,791.82,885.69,152017,On-Time,4
100284,AL06,Vietnam,premium,2.0,Economy,Window,4.66,Travel Agent,Yes, Card ,43.0,31,2024-06-22,6,1,0,0.77,397.27,1021.4,6.41,1,60.3,559.64,724.16,155475,Delayed,3
100500,AL09,Vietnam,budget,4.0,Economy,Window,4.36,Website,Yes,Online,54.0,45,2024-09-18,9,0,0,0.6,308.93,992.7,8.63,0,35.4,519.59,711.37,117739,On-Time,4
103801,AL11,Singapore,budget,,Economy,Window,6.21,Mobile App, Yes ,Card,33.0,15,2024-03-28,3,0,0,0.936,280.26,937.6,6.64,0,38.0,585.11,695.41,86964,Delayed,2
101900,AL07,Malaysia,full-service,4.0,economy,Aisle,4.52,Mobile App,No,Cash,27.0,38,2024-03-10,3,1,0,0.936,212.52,384.3,6.75,0,71.2,413.4,522.81,38276,Delayed,2
103308,AL10, Japan ,full-service,4.0,Economy,Aisle,0.75,travel agent,Yes,Online,25.0,5,2024-08-01,8,0,0,0.68,475.21,1231.2,5.16,1,37.0,483.28,632.81,146300,On-Time,3
101268,AL11,Indonesia,budget,4.0,Economy,Aisle,2.25,Website,Yes,Online,40.0,28,2024-02-10,2,1,0,0.865,552.32,1798.6,8.31,1,75.2,729.98,809.63,55380,Delayed,3
102529,AL08, Malaysia ,full-service,3.0,Economy,Window,4.08,Airport Counter,No,Online,29.0,5,2024-03-21,3,0,0,0.74,545.53,1815.1,8.56,0,46.5,834.33,874.0,179145,Delayed,2
101927,AL15, Singapore ,budget,5.0,Economy,Middle,8.1,Travel Agent,No,Card,46.0,41,2024-04-03,4,0,0,0.861,630.75,2075.7,6.06,0,49.4,950.53,992.49,200521,Delayed,1
103697,AL17,Vietnam,full-service,4.0,Economy,Window,2.77,Mobile App,No,Online,51.0,21,2024-08-15,8,0,0,0.979,113.91,397.5,8.35,0,100.0,420.63,486.92,43651,Delayed,3
100860,AL10,Philippines,full-service,,Business,Aisle,5.28,Walk-in, No ,Online,18.0,27,2024-06-24,6,0,0,0.679,452.43,1756.0,5.94,1,48.4,889.61,1010.11,154806,On-Time,4
102999,AL18,Vietnam,budget,4.0,Economy,Window,4.09,Website,Yes,Card,28.0,4,2024-12-21,12,1,0,0.988,268.61,851.0,8.86,1,31.5,533.99,653.02,61242,On-Time,4
102293,AL03,malaysia,premium,4.0,Premium Economy,Middle,1.7,Travel Agent,Yes, Card ,19.0,198,2024-03-17,3,1,0,0.891,514.39,1869.8,4.57,0,35.6,928.82,974.69,95921,On-Time,2
102345,AL09,japan,budget,4.0,Business,Aisle,5.89,website,No,Card,32.0,49,2024-09-09,9,0,0,0.719,638.51,2093.8,5.61,0,41.0,1115.43,1180.41,108054,On-Time,3
101619,AL05,Philippines,budget,3.0,Economy,Aisle,5.07,Website, No ,Card,18.0,15,2025-01-07,1,0,0,0.688,649.74,2201.7,5.49,1,50.7,841.53,930.07,67017,Delayed,2
100652,AL09,malaysia,budget,3.0,Premium Economy,Window,4.4,Website,Yes,Online,34.0,2,2025-03-22,3,1,0,0.795,79.43,341.3,5.95,0,45.6,487.94,679.22,44980,Delayed,3
103302,AL16, THAILAND ,budget,4.0,Economy,Middle,2.56,Walk-in, No ,Online,33.0,73,2024-04-19,4,0,0,0.907,642.29,1980.0,7.18,1,40.2,810.49,904.66,223254,On-Time,3
102981,AL04,Australia,full-service,4.0,Economy,Aisle,3.13,Website, No ,Online,33.0,68,2024-08-22,8,0,0,0.858,638.41,1758.5,5.55,0,66.9,811.4,972.58,200547,On-Time,3
103790,AL07,Singapore,full-service,,Business,Window,3.69,Mobile App, Yes ,Card,50.0,33,2024-04-03,4,0,0,0.851,448.88,1494.0,9.08,0,14.8,880.0,1001.81,237197,On-Time,4
103237,AL08,Japan,full-service,3.0,Economy,Window,3.56,Mobile App,Yes,Online,34.0,12,2024-05-31,5,0,0,0.871,571.26,1941.5,9.53,1,64.4,861.4,961.99,210383,Delayed,3
103036,AL05,malaysia,budget,3.0,Premium Economy,Aisle,6.25,Mobile App,No,Card,30.0,48,2025-05-03,5,1,1,0.767,149.33,593.2,8.09,1,51.3,516.18,644.67,70802,Delayed,3
102138,AL05,Malaysia,budget,3.0,Business,Middle,3.34,Website, Yes ,Online,21.0,37,2025-01-31,1,0,0,0.869,867.57,2524.2,7.2,0,70.4,1340.74,1457.2,338394,On-Time,4
102424,AL07,Japan,full-service,3.0,Economy,Aisle,5.15,Travel Agent,No,Card,47.0,15,2024-06-19,6,0,0,0.693,225.38,684.9,6.96,0,61.0,544.15,600.87,93181,Delayed,3
103681,AL05,thailand,budget,3.0,Economy,Window,5.62,Travel Agent,No,Cash,55.0,10,2025-05-21,5,0,0,0.767,390.98,1321.4,7.84,0,16.0,712.77,741.55,131906,On-Time,4
100492,AL17,Australia,full-service,4.0,Economy,Middle,2.04,Mobile App, No ,Card,35.0,3,2024-03-09,3,1,0,0.882,289.81,653.6,9.38,0,29.6,529.45,618.03,118599,On-Time,4
101643,AL10,Singapore,full-service,3.0,Economy,Middle,0.92,Website,No, Online ,34.0,23,2024-12-15,12,1,0,0.821,350.46,1470.4,6.8,0,53.8,796.04,928.39,127143,On-Time,3
103580,AL01,Australia,full-service,3.0,Premium Economy,Middle,3.35,Mobile App,No,Cash,24.0,27,2025-04-25,4,0,0,0.734,361.01,1265.4,6.12,0,59.2,808.05,981.66,204339,On-Time,4
103661,AL08,malaysia,full-service,4.0,Economy,Middle,1.47,Travel Agent,Yes,Cash,60.0,10,2024-08-04,8,1,0,0.83,237.75,627.2,6.95,1,24.8,428.7,480.32,50069,On-Time,2
101180,AL10,Thailand,full-service,3.0,Premium Economy,Aisle,4.22,Mobile App,No,Card,18.0,7,2024-08-02,8,0,0,0.733,641.04,2011.8,5.82,1,28.9,828.42,924.94,232415,On-Time,4
103562,AL06,australia,premium,2.0,Economy,Aisle,3.61,Walk-in,Yes,Card,37.0,23,2024-03-26,3,0,0,0.783,221.36,617.3,,0,37.7,520.36,574.83,86149,On-Time,4
101227,AL15,Philippines,budget,3.0,Economy,Aisle,4.19,Website,No, Card ,41.0,3,2024-01-13,1,1,0,0.956,400.12,1066.7,5.15,0,45.6,691.75,743.37,92085,Delayed,2
103648,AL18,Singapore,budget,5.0,Economy,Aisle,2.45,Mobile App,Yes, Card ,28.0,1,2025-04-10,4,0,0,0.64,382.75,799.2,7.42,0,32.1,501.55,625.0,103900,On-Time,3
102740,AL10,Malaysia,full-service,3.0,Economy,Aisle,3.41,Website,, Card ,41.0,25,2024-01-06,1,1,0,0.577,193.18,545.6,7.23,0,74.1,467.25,590.5,60467,On-Time,3
101625,AL11,Thailand,budget,4.0,Economy,Middle,3.36,airport counter,No,Card,41.0,6,2024-01-09,1,0,0,0.869,286.85,990.7,6.9,0,38.9,576.98,675.44,94526,Delayed,1
102244,AL14,Philippines,full-service,4.0,Business,Window,5.92,Website,No,Card,18.0,9,2024-12-09,12,0,0,0.895,369.56,1324.0,,0,75.6,966.09,1104.31,243333,Delayed,4
101015,AL07,Malaysia,full-service,5.0,Premium Economy,Window,2.67,Mobile App,No,Cash,34.0,12,2024-02-26,2,0,0,0.687,476.55,1623.3,5.86,0,41.9,988.93,1088.24,198243,On-Time,3
102036,AL08,Indonesia,full-service,4.0,Economy,Window,4.67,Walk-in,Yes,Online,29.0,25,2025-03-03,3,0,0,0.886,544.16,1684.4,6.99,0,43.9,807.7,1000.31,91587,On-Time,2
102355,AL04,Malaysia,full-service,4.0,Economy,Middle,3.29,Mobile App,No,Online,31.0,17,2025-06-04,6,0,0,0.773,,967.3,4.61,1,36.8,555.67,605.17,45853,On-Time,2
103459,AL10,Philippines,full-service,3.0,Premium Economy,Aisle,4.59,Website, Yes ,Online,34.0,21,2025-02-18,2,0,0,0.787,,1137.0,6.02,0,22.6,668.69,709.94,146364,Delayed,3
100934,AL06,Philippines,premium,4.0,Business,Window,2.59,Website,No,Card,45.0,5,2024-08-15,8,0,1,0.962,530.64,1283.5,6.89,0,57.5,926.27,1139.11,82556,Delayed,4
100087,AL09,indonesia,budget,3.0,Premium Economy,Aisle,3.68,Mobile App,No,Online,31.0,3,2025-06-28,6,1,0,0.836,165.87,559.3,7.24,1,60.7,428.24,541.6,89205,Cancelled,1
100378,AL01,indonesia,full-service,3.0,Economy,Middle,8.79,Airport Counter,,Card,43.0,87,2024-06-03,6,0,0,0.785,263.64,758.8,6.74,0,59.8,476.53,581.26,144186,On-Time,3
101870,AL06,japan,premium,4.0,Premium Economy,Window,3.65,Mobile App,No,Card,37.0,26,2024-11-14,11,0,1,0.723,516.08,1812.2,8.56,1,57.9,836.73,937.83,141273,On-Time,3
103041,AL15,Singapore,budget,4.0,Economy,Aisle,3.64,Website,Yes, Card ,43.0,18,2025-02-08,2,1,0,0.788,332.64,893.9,4.97,0,19.2,545.23,620.95,135039,On-Time,2
100961,AL07, Singapore ,full-service,3.0,Premium Economy,Window,5.03,mobile app,No,Card,23.0,20,2024-06-22,6,1,0,0.976,573.76,1610.4,7.72,0,100.0,956.87,1117.67,209965,Delayed,3
103023,AL05,Indonesia,budget,4.0,economy,Window,2.59,Walk-in, No ,Online,50.0,2,2024-09-13,9,0,0,0.85,133.25,726.6,7.73,1,53.8,445.46,555.89,100372,On-Time,3
101521,AL14,Indonesia,full-service,5.0,Economy,Middle,7.73,Airport Counter,No,Card,36.0,37,2024-08-06,8,0,0,0.677,226.3,235.0,8.26,1,63.6,264.7,339.2,66469,On-Time,1
101168,AL12,Indonesia,premium,5.0,Economy,Aisle,3.38,Website,Yes,Card,21.0,11,2024-07-08,7,0,0,0.83,481.25,1731.6,7.57,0,46.6,878.42,909.82,76610,On-Time,4
102211,AL04,Japan,full-service,4.0,economy,Window,4.6,Airport Counter, No ,Card,44.0,47,2025-05-04,5,1,0,0.861,425.18,1423.4,7.94,0,70.8,705.26,935.47,115113,Delayed,2
103865,AL18,Singapore,budget,4.0,Economy,Aisle,4.22,Website, Yes ,Card,47.0,17,2025-01-25,1,1,0,0.815,406.34,1184.5,6.73,1,52.2,580.89,700.33,182754,On-Time,3
104030,AL16,Australia,budget,3.0,Economy,Middle,4.46,Mobile App,Yes,Online,47.0,3,2024-02-20,2,0,0,0.862,562.75,2057.8,8.4,0,31.8,1006.22,1163.49,263352,Delayed,2
101271,AL05,Singapore,budget,,economy,Aisle,1.82,Website,No,Cash,40.0,4,2024-01-13,1,1,0,0.918,509.17,1699.3,7.52,0,18.8,853.82,1115.21,130095,Delayed,2
103323,AL10,Vietnam,full-service,5.0,Economy,Window,1.66,Website,No,Cash,40.0,23,2024-10-05,10,1,0,0.802,236.26,571.6,5.05,0,41.9,427.19,502.56,110147,On-Time,3
101583,AL18,Singapore,budget,4.0,Premium Economy,Aisle,2.9,Travel Agent,Yes, Card ,58.0,15,2025-04-14,4,0,0,0.875,375.39,1421.8,6.04,0,85.9,888.81,976.58,75284,On-Time,5
101229,AL01,Indonesia,full-service,4.0,Economy,Window,8.63,Walk-in,No,Online,36.0,21,2025-04-17,4,0,0,0.737,587.2,1730.5,6.7,0,77.8,865.05,913.48,190611,Delayed,3
100881,AL15,Malaysia,budget,2.0,Premium Economy,Aisle,4.61,Travel Agent,No,Online,48.0,34,2024-10-11,10,0,0,0.788,1094.98,4026.9,7.22,0,62.8,1615.37,1712.59,446999,Delayed,2
100420,AL03,Malaysia,premium,4.0,Premium Economy,Middle,4.83,mobile app,No, Card ,53.0,3,2024-08-23,8,0,0,0.812,293.06,1039.8,7.95,0,33.8,723.22,839.58,138223,On-Time,5
103702,AL13,philippines,full-service,5.0,economy,Window,2.67,Mobile App,No, Card ,53.0,9,2025-04-04,4,0,0,0.868,432.3,1345.3,8.85,1,43.6,611.11,648.31,79197,On-Time,3
104048,AL10, INDONESIA ,full-service,3.0,Premium Economy,Aisle,5.38,Website,Yes,Online,30.0,46,2024-01-08,1,0,0,0.821,396.04,1395.1,7.77,0,29.2,725.69,854.16,99506,Delayed,3
102599,AL01,Indonesia,full-service,2.0,Economy,Window,4.25,Travel Agent,No,Online,32.0,3,2024-04-04,4,0,0,0.656,343.51,1367.9,7.07,0,58.6,747.28,858.04,209258,On-Time,5
102165,AL01,Malaysia,full-service,2.0,Economy,Middle,1.95,Mobile App,Yes, Cash ,38.0,11,2024-03-18,3,0,0,0.777,158.75,227.2,9.53,0,69.7,368.53,409.08,77337,On-Time,5
102916,AL17,Indonesia,full-service,4.0,Economy,Aisle,1.41,Walk-in,No,Online,39.0,10,2024-09-07,9,1,1,0.888,263.22,695.7,7.71,1,66.9,533.29,863.44,78196,On-Time,3
103449,AL01,Malaysia,full-service,3.0,Premium Economy,Aisle,7.95,Website,No, Cash ,55.0,46,2025-02-20,2,0,0,0.668,556.99,1804.2,7.04,1,44.6,813.97,959.85,63454,Delayed,2
103120,AL14, Thailand ,full-service,2.0,Economy,Window,3.51,Mobile App,No,Card,54.0,0,2024-03-11,3,0,0,0.588,572.09,2033.1,7.16,0,90.7,1021.66,1084.6,121133,Delayed,2
100740,AL08,Vietnam,full-service,3.0,Economy,Window,4.46,Website,Yes,Card,60.0,24,2024-01-21,1,1,0,0.755,551.13,1537.6,6.67,0,36.6,697.54,728.62,144653,On-Time,4
104072,AL10,Vietnam,full-service,4.0,Premium Economy,Aisle,4.2,Travel Agent,Yes,Card,24.0,14,2025-03-22,3,1,1,0.783,224.73,717.4,8.22,0,43.6,630.75,696.41,95064,Delayed,2
103563,AL12,Singapore,premium,3.0,Economy,Middle,10.25,Website,Yes, Online ,32.0,18,2024-01-28,1,1,0,0.779,413.7,1540.6,7.49,0,62.3,795.45,934.01,155724,Delayed,3
102682,AL11, Thailand ,budget,3.0,Business,Aisle,5.99,Airport Counter,Yes,Card,20.0,66,2024-04-16,4,0,0,0.622,258.76,1175.2,7.9,1,60.0,770.24,879.62,213027,On-Time,4
104147,AL16,Vietnam,budget,4.0,business,Aisle,5.76,Travel Agent,No,Online,45.0,0,2024-06-16,6,1,0,0.886,138.08,653.8,8.27,0,48.1,676.19,741.96,52436,On-Time,4
102290,AL07, Australia ,full-service,3.0,Economy,Aisle,4.53,Airport Counter,Yes, Online ,18.0,14,2024-01-03,1,0,0,0.824,796.16,2346.0,7.98,0,40.7,1101.45,1262.49,304166,On-Time,3
103066,AL01,Malaysia,full-service,3.0,Economy,Middle,3.81,Walk-in, No ,Card,45.0,34,2025-01-16,1,0,0,0.968,827.34,2806.0,7.9,1,54.4,992.18,1119.1,84561,On-Time,2
102227,AL10, Japan ,full-service,4.0,Economy,Aisle,2.66,Walk-in,No,Card,30.0,18,2024-02-18,2,1,0,0.656,271.65,846.5,8.44,0,41.4,571.17,618.42,67013,Delayed,3
103082,AL01,Singapore,full-service,2.0,premium economy,Aisle,6.52,Mobile App,Yes,Cash,18.0,26,2024-10-07,10,0,1,0.99,163.46,230.3,7.91,1,58.3,394.08,604.72,140993,Delayed,3
102267,AL16,Australia,budget,3.0,Economy,Middle,4.54,website,,Card,18.0,26,2024-08-19,8,0,0,0.695,838.77,2541.5,8.52,0,75.6,1016.51,1183.27,115869,Delayed,2
102060,AL17, PHILIPPINES ,full-service,2.0,Economy,Aisle,9.17,Mobile App,Yes, Online ,20.0,31,2025-02-08,2,1,0,0.768,1026.68,3264.9,8.8,1,25.3,998.96,1097.86,152418,Delayed,4
103732,AL15,Japan,budget,4.0,Economy,Aisle,2.76,Airport Counter,No, Cash ,22.0,110,2024-02-14,2,0,0,0.617,302.6,871.6,,0,49.4,440.4,477.52,75016,On-Time,2
101820,AL07, Thailand ,full-service,5.0,Premium Economy,Middle,6.69,Mobile App,Yes, Card ,18.0,34,2024-08-01,8,0,0,0.839,455.81,1522.1,,0,27.7,825.24,920.41,228779,On-Time,4
100400,AL11,Indonesia,budget,2.0,Premium Economy,Window,3.18,Mobile App, No , Online ,18.0,56,2024-07-25,7,0,0,0.912,544.27,1497.3,7.57,0,55.0,857.45,955.55,114229,On-Time,4
103474,AL18,Indonesia,budget,5.0,Economy,Aisle,3.77,mobile app,No,Online,34.0,33,2024-03-12,3,0,1,0.821,956.36,3388.1,8.53,1,56.9,1116.83,1168.63,242491,Delayed,2
101355,AL10,Thailand,full-service,3.0,Economy,Middle,2.47,Walk-in,Yes,Online,30.0,10,2024-05-08,5,0,0,0.786,383.93,979.0,7.54,1,7.7,486.81,558.47,84567,Delayed,2
101876,AL01,Singapore,full-service,3.0,Business,Aisle,6.19,travel agent,No, Card ,35.0,51,2024-02-10,2,1,0,0.64,462.91,1434.6,5.55,1,29.8,723.05,776.21,138616,On-Time,3
100823,AL15,Singapore,budget,5.0,Premium Economy,Aisle,6.1,Mobile App, No ,Card,54.0,4,2024-12-29,12,1,0,0.847,473.5,1538.5,5.79,1,76.0,845.78,938.34,159617,Delayed,1
101547,AL08, THAILAND ,full-service,2.0,economy,Aisle,4.28,Mobile App,Yes,Cash,34.0,13,2024-12-22,12,1,1,0.593,815.07,2347.2,7.31,1,42.6,816.94,911.73,93040,On-Time,4
102001,AL01,Thailand,full-service,3.0,Economy,Middle,3.95,Website, No ,Online,51.0,120,2024-12-18,12,0,0,0.598,63.35,374.6,8.82,1,44.5,334.19,443.31,38871,On-Time,4
102178,AL03,Thailand,premium,5.0,Economy,Window,4.11,Mobile App,Yes,Online,26.0,10,2024-01-20,1,1,1,0.669,213.17,784.2,6.73,1,67.0,473.51,494.06,80424,Delayed,3
101382,AL16,Thailand,budget,4.0,Economy,Aisle,0.75,Mobile App,No, Online ,32.0,64,2024-01-09,1,0,0,0.694,511.93,1705.2,9.54,0,49.4,776.1,879.64,133887,On-Time,5
101163,AL12,Malaysia,premium,4.0,Business,Aisle,2.34,Travel Agent,Yes,Card,27.0,40,2024-07-25,7,0,0,0.85,82.59,417.1,6.83,1,63.0,594.56,828.96,103644,On-Time,4
100438,AL12,Malaysia,premium,4.0,Premium Economy,Window,3.32,Travel Agent,No,Card,37.0,21,2024-08-27,8,0,0,0.872,530.08,1573.7,6.43,1,79.7,814.17,866.83,140393,Delayed,3
101591,AL11,Philippines,budget,4.0,Economy,Aisle,1.9,Mobile App, Yes ,Online,28.0,0,2025-02-16,2,1,0,0.832,202.11,625.2,7.26,1,40.6,443.33,488.34,109369,Cancelled,1
100219,AL03, SINGAPORE ,premium,,Economy,Middle,15.14,Website,Yes, Card ,42.0,23,2024-05-22,5,0,0,0.936,583.61,1717.9,8.93,0,52.5,871.1,1016.58,192985,Cancelled,2
103704,AL05,Philippines,budget,2.0,Economy,Window,2.7,Travel Agent,Yes,Online,42.0,71,2024-04-27,4,1,0,0.884,684.22,2286.9,8.81,0,85.3,972.31,1125.04,184546,On-Time,4
103437,AL16, AUSTRALIA ,budget,4.0,Economy,Aisle,5.65,Website,Yes, Online ,50.0,43,2024-07-13,7,1,0,0.908,655.53,1856.2,9.37,0,79.3,821.19,875.04,204605,Delayed,3
102806,AL14,Thailand,full-service,3.0,Business,Middle,1.92,Travel Agent,Yes,Online,37.0,45,2025-05-11,5,1,0,0.698,330.2,1179.6,5.76,0,41.3,824.74,888.76,216409,On-Time,3
100871,AL04,indonesia,full-service,2.0,Premium Economy,Middle,3.96,Travel Agent,No,Card,53.0,21,2025-05-27,5,0,0,0.866,440.28,999.3,5.31,0,37.0,668.14,824.16,126420,Delayed,2
101582,AL03,australia,premium,4.0,Economy,Aisle,6.46,Mobile App,Yes,Card,41.0,71,2024-05-09,5,0,0,0.99,467.51,1495.4,8.17,0,46.7,824.26,858.86,48812,On-Time,5
101841,AL17,thailand,full-service,2.0,Economy,Aisle,3.76,Walk-in,Yes,Card,18.0,1,2025-03-06,3,0,0,0.691,493.55,1560.1,7.6,1,44.5,701.16,818.12,192289,On-Time,4
103076,AL02, AUSTRALIA ,budget,3.0,Premium Economy,Middle,10.09,Website,Yes,Card,28.0,85,2024-06-04,6,0,0,0.99,210.18,367.9,7.71,0,53.3,532.25,599.24,69792,Delayed,2
102754,AL17,Philippines,full-service,2.0,Premium Economy,Middle,1.03,travel agent,No,Card,68.0,33,2025-01-21,1,0,0,0.667,527.31,1393.3,,0,66.9,787.56,910.35,227387,Delayed,2
103447,AL05, SINGAPORE ,budget,5.0,Economy,Window,2.68,Website,No,Cash,18.0,4,2024-04-22,4,0,0,0.843,645.0,1886.5,7.5,0,58.9,863.46,931.23,193912,On-Time,4
104080,AL01, THAILAND ,full-service,4.0,Business,Middle,5.69,Website, Yes ,Online,53.0,10,2024-10-15,10,0,0,0.785,678.21,2137.2,8.67,0,35.0,1112.66,1206.34,194053,On-Time,4
103787,AL04, AUSTRALIA ,full-service,5.0,Economy,Middle,5.14,Website, Yes ,Card,30.0,2,2024-12-14,12,1,0,0.814,203.77,429.3,7.64,1,63.1,416.67,487.76,110663,Cancelled,3
100852,AL01,thailand,full-service,3.0,Economy,Window,2.1,mobile app,Yes,Online,44.0,3,2024-07-03,7,0,0,0.586,701.73,2250.6,7.16,0,35.9,999.84,1203.77,303686,On-Time,3
104084,AL14,Indonesia,full-service,5.0,Economy,Aisle,5.36,Website,Yes,Online,54.0,2,2024-03-29,3,0,0,0.752,400.45,1378.9,6.92,0,59.5,762.07,791.76,110586,Delayed,2
102642,AL11,Thailand,budget,4.0,Economy,Aisle,1.93,Mobile App,Yes,Online,48.0,12,2024-03-19,3,0,0,0.807,527.08,1697.3,8.87,0,22.9,807.7,851.74,204771,On-Time,2
100640,AL11,Philippines,budget,2.0,Economy,Aisle,4.16,Airport Counter, No ,Card,50.0,9,2024-10-08,10,0,0,0.715,833.06,2536.9,9.83,1,48.5,887.86,992.12,243659,On-Time,4
103497,AL18,singapore,budget,5.0,economy,Aisle,1.29,travel agent,Yes,Card,53.0,45,2024-07-03,7,0,0,0.702,171.24,484.5,9.62,0,70.2,388.14,496.88,57868,Delayed,4
102856,AL07,Indonesia,full-service,4.0,Business,Middle,1.96,mobile app, No ,Card,23.0,17,2024-11-11,11,0,1,0.629,565.17,1723.8,6.9,0,68.7,995.76,1051.01,212182,Delayed,2
103481,AL17,Thailand,full-service,4.0,Economy,Window,3.45,Airport Counter,Yes,Card,52.0,53,2024-03-27,3,0,0,0.758,306.25,684.5,8.85,0,43.2,474.63,648.85,62860,On-Time,4
103881,AL16, Vietnam ,budget,3.0,Premium Economy,Aisle,6.83,Travel Agent,No,Online,42.0,4,2024-09-26,9,0,1,0.778,,2613.8,7.1,1,60.5,1077.9,1171.07,206707,Delayed,4
103445,AL05,Malaysia,budget,3.0,Economy,Aisle,7.31,Website, No ,Card,34.0,2,2025-01-14,1,0,0,0.561,164.23,306.8,7.05,0,45.9,375.1,492.16,75623,On-Time,3
100313,AL03,Philippines,premium,3.0,Economy,Window,1.14,mobile app, No , Card ,29.0,24,2024-11-19,11,0,0,0.834,382.2,1458.7,6.46,0,82.6,840.07,908.49,212516,Delayed,4
101463,AL16,Vietnam,budget,5.0,Economy,Aisle,3.1,travel agent,No, Online ,31.0,23,2024-01-15,1,0,0,0.836,424.3,853.8,4.84,1,76.1,521.97,615.93,103673,Delayed,1
101526,AL05,Malaysia,budget,2.0,Economy,Aisle,2.21,Travel Agent, Yes ,Card,38.0,14,2024-01-27,1,1,0,0.637,730.47,2638.9,7.36,0,39.6,1127.55,1302.7,204047,On-Time,2
102810,AL16,philippines,budget,2.0,Economy,Aisle,2.31,Airport Counter,No,Online,,17,2024-03-27,3,0,0,0.99,628.37,2331.7,6.95,0,29.5,1029.13,1114.86,275619,On-Time,4
101578,AL02,Singapore,budget,4.0,Economy,Window,7.44,Airport Counter, Yes ,Card,37.0,9,2024-04-18,4,0,0,0.768,791.49,2895.5,8.79,1,82.2,1117.1,1201.39,142239,Cancelled,2
100732,AL03,thailand,premium,3.0,first,Aisle,6.09,mobile app,No,Online,27.0,10,2024-12-07,12,1,0,0.888,556.11,1829.4,7.56,1,51.0,960.29,1089.75,176658,Delayed,2
100439,AL15, SINGAPORE ,budget,4.0,business,Middle,0.75,Website,Yes,Online,48.0,10,2024-09-19,9,0,0,0.377,374.92,1249.7,,0,17.0,744.94,908.26,209120,On-Time,3
103396,AL04,Malaysia,full-service,4.0,Economy,Window,3.53,Website,No,Card,35.0,14,2024-01-06,1,1,0,0.715,450.47,852.5,7.22,0,36.2,553.24,762.27,172812,On-Time,3
100259,AL10, INDONESIA ,full-service,4.0,Premium Economy,Aisle,2.07,Travel Agent, Yes , Cash ,48.0,5,2025-05-05,5,0,0,0.78,829.84,2498.7,5.93,0,39.4,1181.31,1244.94,189075,Delayed,1
104038,AL06,Thailand,premium,3.0,Economy,Aisle,2.35,Airport Counter,No, Card ,56.0,13,2024-02-14,2,0,0,0.739,794.43,2819.1,9.22,0,81.6,1206.06,1253.32,153941,Delayed,2
101955,AL08, MALAYSIA ,full-service,3.0,Premium Economy,Window,1.89,Mobile App,No,Card,47.0,86,2024-03-19,3,0,0,0.876,274.5,865.6,6.83,1,17.1,525.97,601.75,87602,On-Time,4
103249,AL09, VIETNAM ,budget,3.0,premium economy,Aisle,1.63,website,No,Online,18.0,31,2024-10-17,10,0,0,0.99,929.89,2861.5,7.67,0,56.5,1300.39,1353.74,281814,Delayed,1
101610,AL07, Philippines ,full-service,4.0,Economy,Window,4.23,website,Yes,Online,,6,2025-04-26,4,1,1,0.96,321.16,670.3,8.15,0,38.6,533.77,639.11,79634,Delayed,3
100638,AL12,Australia,premium,4.0,Economy,Window,1.86,Walk-in,No,Online,24.0,62,2024-10-16,10,0,0,0.69,967.83,3145.7,6.6,0,56.9,1272.38,1297.08,179833,Delayed,1
101511,AL16,Malaysia,budget,2.0,Economy,Window,6.94,airport counter,No, Card ,30.0,92,2024-05-16,5,0,0,0.771,1261.83,4436.5,6.11,1,35.1,1372.32,1419.25,309659,On-Time,3
101077,AL06, Thailand ,premium,3.0,Business,Aisle,5.11,Website,No,Card,22.0,2,2024-08-15,8,0,0,0.704,615.08,1781.1,6.18,1,71.4,1010.65,1071.57,104235,Delayed,3
102836,AL15,Singapore,budget,4.0,Economy,Aisle,3.13,mobile app,Yes,Card,18.0,101,2024-05-18,5,1,0,0.729,492.52,1248.5,6.81,0,32.6,582.92,779.75,149873,On-Time,4
100637,AL02,Vietnam,budget,5.0,Economy,Window,2.27,website,No,Card,27.0,39,2025-05-09,5,0,0,0.718,344.77,1151.9,6.07,1,43.6,583.01,615.51,36823,On-Time,2
102068,AL16,Malaysia,budget,2.0,First,Window,4.35,Mobile App,, Online ,32.0,86,2025-05-19,5,0,0,0.699,355.7,1006.2,6.86,0,36.3,842.71,928.89,188102,Cancelled,3
101281,AL11, Philippines ,budget,4.0,economy,Middle,1.92,Website,No,Online,38.0,8,2025-06-03,6,0,0,0.705,782.04,2406.6,8.61,0,98.5,1150.64,1226.15,173312,On-Time,4
102423,AL02,Malaysia,budget,2.0,Premium Economy,Aisle,1.15,Travel Agent,Yes,Card,30.0,12,2024-02-20,2,0,0,0.958,270.84,1075.5,8.27,0,68.2,731.72,906.21,220893,Delayed,4
100915,AL06,singapore,premium,1.0,Economy,Aisle,3.55,mobile app,No,Card,30.0,67,2024-08-31,8,1,0,0.754,330.46,854.1,7.69,0,55.5,555.97,620.73,153174,Delayed,3
100718,AL10, PHILIPPINES ,full-service,4.0,Economy,Aisle,6.6,Travel Agent, Yes , Online ,18.0,13,2025-04-08,4,0,1,0.536,320.5,876.3,6.6,0,43.7,546.17,693.61,104170,Delayed,2
101537,AL15,Malaysia,budget,4.0,Premium Economy,Window,2.22,Website,No,Cash,,33,2024-06-24,6,0,0,0.799,330.68,1178.5,8.56,0,55.3,732.54,813.51,181878,On-Time,4
103814,AL14,Singapore,full-service,5.0,Economy,Aisle,1.5,Website,No,Card,40.0,5,2024-03-12,3,0,0,0.817,617.72,2272.9,7.53,0,13.2,1005.3,1063.69,220516,On-Time,4
103160,AL05, Malaysia ,budget,2.0,Economy,Aisle,10.2,Website,No,Card,33.0,2,2024-12-05,12,0,0,0.707,686.79,1988.7,5.61,1,56.9,830.67,914.92,229455,Delayed,2
101030,AL17,Australia,full-service,4.0,Economy,Aisle,1.32,Mobile App, Yes , Online ,40.0,9,2025-02-19,2,0,0,0.752,47.03,496.9,8.11,0,66.1,503.61,586.53,117827,On-Time,4
104033,AL02,philippines,budget,5.0,Economy,Window,1.02,Travel Agent,,Online,39.0,7,2025-03-31,3,0,0,0.721,411.19,1402.4,7.86,0,56.9,746.7,915.33,132115,On-Time,3
103150,AL14,Australia,full-service,5.0,economy,Middle,3.86,Airport Counter,No,Card,,3,2025-01-11,1,1,0,0.756,187.34,596.7,9.11,0,45.9,418.51,617.75,58252,Delayed,4
103030,AL15,Australia,budget,4.0,Premium Economy,Window,10.61,Walk-in,No, Online ,33.0,34,2024-01-19,1,0,0,0.982,726.96,2057.6,6.61,0,33.7,989.0,1187.88,226976,On-Time,4
102859,AL10,Malaysia,full-service,4.0,Economy,Window,0.89,Mobile App,No, Card ,39.0,6,2024-03-24,3,1,0,0.874,367.06,1255.3,,0,70.8,728.46,824.69,160417,Delayed,2
101193,AL06, Japan ,premium,2.0,Economy,Middle,2.22,Website,No,Card,21.0,27,2024-12-07,12,1,1,0.651,433.25,1272.6,8.27,0,100.0,727.7,846.45,123435,Delayed,1
100075,AL15,Malaysia,budget,3.0,economy,Window,5.13,Airport Counter,No,Card,33.0,12,2024-01-11,1,0,0,0.789,806.3,2546.0,8.22,0,52.6,1123.56,1233.33,134759,Delayed,3
100540,AL17,Malaysia,full-service,2.0,Economy,Middle,3.26,Website,Yes,Card,30.0,13,2024-12-10,12,0,0,0.672,474.7,935.2,10.0,0,43.9,586.41,632.41,132980,On-Time,5
103501,AL03,malaysia,premium,2.0,Business,Middle,3.82,Website,No,Online,31.0,89,2024-03-13,3,0,0,0.646,181.28,278.3,8.25,1,39.9,499.54,665.1,147597,On-Time,4
101753,AL14,Malaysia,full-service,2.0,Economy,Window,2.74,Website,No, Online ,52.0,43,2025-04-25,4,0,0,0.622,516.95,1162.7,8.61,1,73.0,603.84,777.14,110964,On-Time,3
102776,AL04, PHILIPPINES ,full-service,3.0,Economy,Aisle,4.04,Website,No,Online,36.0,11,2024-05-13,5,0,0,0.51,139.5,551.2,6.49,1,44.8,396.95,578.98,115961,On-Time,4
100229,AL11,Vietnam,budget,4.0,Economy,Middle,5.61,walk-in,No,Online,24.0,86,2024-04-26,4,0,0,0.732,377.59,1134.2,6.21,1,50.8,504.18,602.0,51902,On-Time,3
103220,AL04,vietnam,full-service,2.0,Premium Economy,Middle,2.0,mobile app,Yes,Online,42.0,12,2025-06-22,6,1,0,0.808,165.96,206.8,10.0,0,24.0,434.19,574.43,57200,On-Time,3
100486,AL04,Malaysia,full-service,4.0,Business,Aisle,5.45,Walk-in,Yes,Card,34.0,45,2024-09-28,9,1,0,0.99,518.62,1454.2,8.15,0,45.5,918.15,989.5,178615,Delayed,3
100578,AL13,Vietnam,full-service,3.0,Business,Middle,2.13,Airport Counter,No,Online,27.0,27,2024-12-31,12,0,1,0.868,447.08,1182.3,8.49,0,26.1,853.95,1001.47,182830,Delayed,3
102422,AL09,Malaysia,budget,3.0,Economy,Aisle,2.0,Mobile App,No,Online,34.0,26,2025-01-31,1,0,0,0.664,930.5,3299.1,7.14,0,27.0,1261.57,1377.14,183754,On-Time,4
101032,AL07, MALAYSIA ,full-service,3.0,Economy,Aisle,8.21,Mobile App,Yes,Card,40.0,4,2025-01-21,1,0,0,0.89,1079.88,3263.1,5.53,0,77.9,1413.59,1528.07,364664,On-Time,2
101341,AL14,Vietnam,full-service,4.0,Economy,Window,4.4,Mobile App,No,Online,18.0,60,2025-05-14,5,0,0,0.666,685.02,2565.5,4.29,1,63.3,845.64,916.73,65214,Delayed,3
103546,AL04,Malaysia,full-service,5.0,Economy,Middle,3.04,Walk-in,Yes,Card,35.0,3,2024-12-28,12,1,0,0.882,339.96,943.8,7.55,1,28.2,510.37,638.46,73397,On-Time,4
102054,AL16, JAPAN ,budget,,Economy,Aisle,2.67,Mobile App,Yes, Online ,32.0,131,2024-02-21,2,0,0,0.705,679.43,1856.5,6.98,0,30.2,833.59,957.67,73789,On-Time,3
100798,AL16,Singapore,budget,5.0,Economy,Aisle,1.05,Mobile App,Yes,Card,43.0,8,2024-07-10,7,0,0,0.669,521.37,1814.6,8.95,0,76.8,818.75,983.46,244262,Delayed,3
100876,AL07, INDONESIA ,full-service,4.0,Premium Economy,Window,0.75,Website,Yes, Card ,50.0,98,2025-01-12,1,1,0,0.697,370.34,1017.7,5.28,1,60.4,545.43,669.13,168482,Delayed,2
100449,AL05,Malaysia,budget,3.0,Economy,Window,1.21,Airport Counter, Yes ,Card,26.0,6,2024-11-26,11,0,0,0.762,753.29,2629.3,6.95,0,53.3,1120.67,1285.47,244348,On-Time,4
100600,AL05,Malaysia,budget,3.0,economy,Middle,5.2,Airport Counter,Yes, Online ,42.0,19,2024-09-17,9,0,0,0.766,389.91,1020.4,3.5,1,40.6,528.75,697.05,160386,Delayed,3
100840,AL10,Singapore,full-service,4.0,economy,Aisle,6.15,Airport Counter, No ,Online,39.0,13,2025-03-24,3,0,0,0.704,334.16,902.7,,0,50.5,555.32,583.28,52213,Delayed,3
101701,AL02,Australia,budget,3.0,premium economy,Middle,9.29,Mobile App, No ,Online,36.0,61,2024-12-04,12,0,0,0.881,260.09,766.3,6.88,1,94.4,557.13,660.75,129780,Cancelled,3
103321,AL16,Malaysia,budget,3.0,Economy,Aisle,0.79,Website,Yes,Online,18.0,39,2024-05-01,5,0,0,0.759,495.18,1406.2,,0,17.6,717.64,750.93,148734,On-Time,4
103271,AL03,Japan,premium,4.0,Economy,Aisle,1.35,Website, No ,Online,41.0,31,2025-02-19,2,0,0,0.949,241.16,822.9,7.91,1,20.9,427.84,518.07,127146,On-Time,4
101262,AL10,Singapore,full-service,2.0,Economy,Middle,3.54,Airport Counter,No,Online,38.0,5,2024-08-31,8,1,0,0.925,792.93,2759.4,6.18,0,58.1,1207.01,1298.81,173551,On-Time,4
104023,AL11,Malaysia,budget,3.0,First,Aisle,1.23,Travel Agent,Yes,Cash,40.0,6,2025-01-02,1,0,0,0.73,627.03,2047.3,8.0,0,40.6,1272.25,1388.4,137734,Delayed,3
100727,AL17,indonesia,full-service,4.0,First,Middle,1.45,Travel Agent, No ,Online,55.0,11,2025-06-14,6,1,0,0.594,279.69,1022.3,4.83,0,43.2,869.07,964.09,189622,Delayed,2
101524,AL06,vietnam,premium,4.0,Economy,Middle,1.53,Walk-in,No,Online,51.0,31,2024-05-14,5,0,1,0.609,169.1,671.5,5.94,0,5.0,450.27,514.71,127686,On-Time,3
101852,AL02, JAPAN ,budget,4.0,First,Aisle,3.65,Airport Counter,No,Card,37.0,25,2025-04-26,4,1,0,0.839,423.85,1370.6,7.29,0,53.2,960.16,1276.62,143152,On-Time,5
102657,AL08,Malaysia,full-service,3.0,Economy,Aisle,2.03,Mobile App,No,Cash,34.0,4,2024-03-30,3,1,0,0.99,835.91,2405.9,7.66,0,69.4,1084.46,1238.92,78073,Delayed,3
101464,AL10,Thailand,full-service,4.0,Economy,Window,7.81,travel agent,Yes, Card ,37.0,37,2025-03-26,3,0,0,0.677,367.37,876.0,6.72,1,40.4,458.51,626.53,98013,Delayed,2
102862,AL15, AUSTRALIA ,budget,4.0,Economy,Aisle,1.97,Travel Agent,Yes,Card,26.0,10,2024-12-18,12,0,0,0.933,417.13,1517.4,8.02,1,54.6,692.99,720.86,108670,On-Time,3
101662,AL07,malaysia,full-service,4.0,Economy,Window,5.97,Mobile App,,Card,42.0,70,2025-05-17,5,1,1,0.869,240.45,455.2,7.83,1,26.7,338.54,451.42,57594,Delayed,2
103854,AL11,Indonesia,budget,3.0,Business,Window,2.63,website,Yes,Card,44.0,15,2024-04-20,4,1,1,0.58,495.48,1613.3,7.83,0,48.8,969.08,1132.73,77108,Delayed,3
100511,AL11,Singapore,budget,3.0,Premium Economy,Window,2.73,Mobile App,Yes, Card ,34.0,1,2024-06-24,6,0,0,0.836,95.92,430.5,6.57,0,42.1,508.43,603.38,56459,Delayed,1
103335,AL05, MALAYSIA ,budget,3.0,Premium Economy,Aisle,1.61,Airport Counter,Yes,Card,,30,2024-07-11,7,0,0,0.812,373.24,1132.3,9.24,0,46.0,675.55,854.94,176491,On-Time,4
103098,AL13,Singapore,full-service,4.0,Economy,Aisle,3.35,website,Yes, Online ,39.0,21,2024-03-04,3,0,0,0.699,612.16,1415.7,5.56,1,67.2,708.74,904.29,152663,Delayed,2
104109,AL06,singapore,premium,2.0,Premium Economy,Window,3.99,Mobile App,Yes,Online,33.0,7,2025-06-14,6,1,0,0.99,527.13,1715.3,6.72,0,57.9,919.19,1100.48,97530,Delayed,2
100827,AL14,Thailand,full-service,3.0,Premium Economy,Middle,5.06,Airport Counter,Yes,Online,35.0,2,2024-04-14,4,1,0,0.99,750.6,2752.7,6.67,1,65.7,1083.6,1229.86,160823,On-Time,2
102090,AL06,Thailand,premium,4.0,Business,Middle,3.44,walk-in,No, Card ,20.0,53,2024-05-17,5,0,0,0.787,203.7,516.9,6.98,0,40.3,645.08,749.08,47587,On-Time,4
102469,AL03, AUSTRALIA ,premium,3.0,Premium Economy,Aisle,1.99,website, No ,Card,38.0,0,2024-06-24,6,0,0,0.771,367.45,1391.5,7.2,0,36.2,848.57,1032.41,121453,Delayed,3
100213,AL01,Singapore,full-service,5.0,First,Middle,5.5,Airport Counter,Yes,Card,,110,2024-05-15,5,0,0,0.99,237.0,669.8,9.02,1,16.9,723.17,956.64,210057,Delayed,4
104157,AL01, PHILIPPINES ,full-service,5.0,Economy,Window,3.0,Mobile App,Yes, Card ,,1,2025-03-29,3,1,0,0.865,471.58,1493.1,9.54,0,46.7,752.34,794.88,188365,On-Time,5
100360,AL01,Singapore,full-service,3.0,Economy,Window,4.68,Mobile App,No,Online,30.0,10,2025-01-07,1,0,0,0.696,236.31,325.2,6.26,0,14.6,358.23,429.6,105357,On-Time,3
103048,AL07, Singapore ,full-service,4.0,premium economy,Aisle,0.76,mobile app,No,Online,29.0,107,2024-09-11,9,0,0,0.709,838.78,2867.9,7.0,0,39.0,1301.85,1366.28,86302,On-Time,2
103552,AL12,indonesia,premium,4.0,Economy,Aisle,7.63,Airport Counter,Yes,Online,51.0,10,2024-12-02,12,0,0,0.934,493.97,1370.9,6.79,0,53.1,681.93,716.99,177821,On-Time,2
100584,AL08,Thailand,full-service,4.0,Premium Economy,Aisle,5.21,mobile app, Yes ,Card,32.0,15,2024-03-08,3,0,0,0.853,246.43,582.9,7.5,1,31.4,470.65,534.64,131275,On-Time,4
100517,AL06, Thailand ,premium,3.0,Economy,Window,2.54,Website,No, Card ,63.0,4,2025-06-23,6,0,0,0.702,455.17,1754.4,6.91,0,79.3,903.07,963.33,118062,On-Time,3
103762,AL01,Singapore,full-service,4.0,Economy,Window,6.97,mobile app,Yes,Card,38.0,75,2024-05-19,5,1,0,0.759,356.05,1273.8,6.23,0,100.0,725.67,909.31,235565,Delayed,4
102752,AL01,thailand,full-service,4.0,Economy,Window,1.12,Airport Counter, Yes ,Online,22.0,4,2024-12-17,12,0,0,0.948,427.81,1270.6,7.31,0,56.2,717.09,827.48,110754,On-Time,3
100062,AL12,Vietnam,premium,4.0,Premium Economy,Aisle,4.4,website,No,Card,36.0,102,2024-08-30,8,0,0,0.636,337.8,831.1,3.92,1,77.9,583.33,857.21,209879,Delayed,4
100801,AL04, PHILIPPINES ,full-service,5.0,premium economy,Middle,2.04,Website,Yes,Online,18.0,64,2025-04-01,4,0,0,0.647,296.16,847.5,7.75,0,48.0,653.45,714.93,116342,On-Time,4
102000,AL11,Singapore,budget,4.0,Economy,Window,1.09,Website,No,Card,43.0,31,2025-01-07,1,0,1,0.747,240.1,1067.1,7.92,0,85.4,616.88,788.81,101263,Delayed,4
101305,AL03, THAILAND ,premium,3.0,Economy,Window,4.61,Mobile App,No,Card,38.0,22,2024-07-19,7,0,0,0.708,417.94,1316.2,9.01,1,75.3,526.77,606.1,131193,Delayed,4
104167,AL03, INDONESIA ,premium,2.0,Premium Economy,Aisle,1.62,Travel Agent,No, Card ,49.0,24,2024-11-22,11,0,0,0.687,628.43,1961.0,7.2,0,27.4,949.68,1266.22,221629,On-Time,5
102703,AL07,Singapore,full-service,3.0,First,Middle,1.02,Travel Agent,Yes,Online,20.0,8,2024-06-17,6,0,0,0.79,201.32,701.9,9.57,0,66.7,821.3,994.28,231988,On-Time,4
103825,AL12,Vietnam,premium,2.0,Economy,Window,2.85,walk-in,, Card ,37.0,74,2025-03-31,3,0,1,0.573,626.49,2036.8,9.2,0,37.7,889.71,959.72,236552,Delayed,3
101086,AL05,Japan,budget,4.0,Economy,Window,1.7,Mobile App, No ,Online,33.0,32,2024-11-29,11,0,0,0.71,579.07,1744.7,7.96,1,37.5,728.47,771.08,56943,Cancelled,3
103549,AL04,Australia,full-service,1.0,Premium Economy,Window,1.92,Airport Counter,Yes, Card ,,3,2025-02-15,2,1,0,0.837,339.85,1121.8,6.35,0,36.4,764.38,836.22,125930,On-Time,3
103345,AL15, Philippines ,budget,3.0,business,Aisle,2.64,Website,No,Card,37.0,12,2024-01-26,1,0,0,0.719,114.05,239.3,9.55,0,73.7,538.13,753.23,48610,Delayed,4
101166,AL18, MALAYSIA ,budget,1.0,Economy,Aisle,0.93,Travel Agent,No, Card ,,23,2024-05-26,5,1,1,0.78,844.44,2249.1,5.17,0,45.8,1038.41,1125.04,177064,Cancelled,1
103045,AL15,thailand,budget,3.0,Economy,Middle,2.2,website,No,Online,24.0,1,2025-01-28,1,0,0,0.792,549.47,1930.0,8.16,0,60.2,861.19,974.74,181672,Cancelled,2
101082,AL14,vietnam,full-service,3.0,Economy,Middle,10.74,Website,No, Online ,42.0,8,2024-04-04,4,0,0,0.934,437.02,1270.9,8.08,0,23.4,736.59,895.28,118747,Delayed,3
103421,AL01,malaysia,full-service,3.0,Premium Economy,Window,2.88,website,No,Online,51.0,49,2024-01-01,1,0,0,,504.14,1679.9,6.81,0,64.8,861.81,978.88,118888,On-Time,5
103864,AL10, VIETNAM ,full-service,3.0,Economy,Window,8.0,Travel Agent, Yes , Online ,34.0,31,2024-04-07,4,1,0,0.722,579.96,1804.4,8.53,1,39.4,789.34,988.01,64791,Delayed,3
101627,AL10,Philippines,full-service,5.0,Economy,Aisle,3.26,Website,No,Card,39.0,19,2025-06-19,6,0,0,0.889,659.19,2505.0,8.57,1,83.3,876.97,922.89,99883,On-Time,2
100453,AL11,Indonesia,budget,2.0,Economy,Window,2.05,walk-in,Yes,Cash,18.0,37,2024-02-20,2,0,1,0.976,542.8,1661.9,7.72,0,44.1,759.42,803.72,97011,On-Time,3
100664,AL10,Indonesia,full-service,5.0,Economy,Aisle,4.68,Mobile App, Yes , Online ,31.0,7,2024-11-18,11,0,0,0.818,166.04,578.7,,1,37.9,405.83,481.64,108754,On-Time,2
101611,AL12,Vietnam,premium,4.0,Premium Economy,Middle,1.25,Mobile App,No,Cash,58.0,23,2024-09-16,9,0,0,0.877,517.1,1448.1,7.23,0,22.6,859.59,999.7,127332,On-Time,4
102786,AL03, Philippines ,premium,4.0,premium economy,Middle,2.02,Mobile App,Yes,Online,38.0,11,2025-06-15,6,1,0,0.99,233.37,543.1,7.35,1,72.3,4235.7115498105595,733.94,129484,Delayed,2
100157,AL07,Malaysia,full-service,4.0,Economy,Middle,6.36,Website,Yes,Card,47.0,40,2024-09-08,9,1,0,0.703,261.52,732.2,8.15,0,16.9,442.57,480.46,55046,On-Time,3
102645,AL02,Thailand,budget,3.0,Economy,Aisle,4.75,Mobile App,No, Online ,18.0,74,2024-03-17,3,1,0,0.799,148.48,482.2,5.43,0,59.5,438.12,462.93,34511,On-Time,3
102334,AL01, Philippines ,full-service,4.0,First,Window,4.13,Mobile App, Yes , Online ,43.0,15,2025-01-16,1,0,0,0.934,496.92,1287.5,8.21,0,82.8,1042.08,1227.12,164757,Delayed,4
100156,AL11,Australia,budget,3.0,economy,Aisle,8.88,Website, No ,Online,47.0,69,2025-03-01,3,1,0,0.61,521.18,1535.3,5.68,1,52.8,611.87,649.61,116499,Delayed,2
104101,AL05,Thailand,budget,4.0,Premium Economy,Middle,5.33,Website, No ,Online,49.0,1,2024-04-05,4,0,0,0.778,294.67,631.7,7.99,0,55.9,582.56,629.46,145556,Delayed,4
102315,AL14,Singapore,full-service,3.0,premium economy,Aisle,6.25,Website,No,Online,45.0,5,2024-11-14,11,0,0,0.704,705.55,2330.6,5.81,0,72.4,1126.84,1262.11,176103,Delayed,3
103971,AL12, PHILIPPINES ,premium,2.0,Economy,Aisle,10.28,Website, No ,Card,31.0,18,2024-10-01,10,0,0,0.646,691.2,2001.5,6.88,1,42.5,756.2,922.01,102669,Delayed,1
100109,AL16, Malaysia ,budget,3.0,Economy,Middle,5.89,Mobile App,Yes,Card,24.0,17,2024-09-29,9,1,0,0.589,298.8,762.7,6.15,0,50.5,555.92,734.52,178490,On-Time,4
103810,AL14,australia,full-service,3.0,Economy,Aisle,3.93,Walk-in,No,Online,64.0,24,2024-04-16,4,0,0,0.704,466.76,1332.2,7.29,0,37.6,692.37,791.8,161602,On-Time,2
103956,AL03, Vietnam ,premium,3.0,economy,Middle,6.44,mobile app,Yes,Card,33.0,1,2025-06-21,6,1,0,0.936,614.42,2153.8,7.56,0,41.9,1062.16,1156.4,190771,Delayed,4
101375,AL11,Indonesia,budget,2.0,Economy,Window,3.94,Website,Yes, Online ,45.0,22,2024-12-25,12,0,0,0.792,238.63,917.8,7.76,0,27.4,532.09,735.98,137356,Delayed,2
104095,AL17,Indonesia,full-service,2.0,economy,Aisle,6.47,Mobile App,No,Online,,5,2024-07-20,7,1,1,0.783,760.0,2229.4,8.01,0,46.5,1000.2,1036.29,106487,On-Time,3
102288,AL14,Australia,full-service,3.0,Economy,Aisle,4.69,Mobile App, No ,Online,30.0,32,2024-11-07,11,0,0,0.761,108.41,352.6,7.65,1,47.4,353.38,468.48,48431,On-Time,3
100854,AL02,Malaysia,budget,3.0,Premium Economy,Middle,2.11,Website,No,Card,44.0,13,2025-05-18,5,1,1,0.99,187.85,844.1,8.88,0,86.4,696.91,922.85,142381,Delayed,3
102061,AL16,Australia,budget,4.0,Economy,Window,4.34,Travel Agent,Yes,Card,41.0,26,2024-10-26,10,1,0,0.842,673.4,2238.1,6.65,0,65.9,991.38,1020.19,81946,Cancelled,2
100533,AL11,thailand,budget,3.0,Economy,Middle,1.95,Mobile App,Yes,Online,40.0,10,2024-12-16,12,0,0,0.81,477.39,1434.7,8.14,0,47.9,719.53,776.84,163576,Delayed,4
102271,AL03,Indonesia,premium,3.0,Premium Economy,Middle,1.03,Mobile App,No,Online,30.0,6,2025-01-25,1,1,0,0.825,612.79,1680.4,7.01,0,32.8,943.81,1055.18,118392,On-Time,4
100788,AL12,Japan,premium,4.0,Premium Economy,Middle,2.8,Airport Counter,No,Online,18.0,17,2024-08-18,8,1,0,0.832,808.0,2531.4,8.6,0,46.7,1200.1,1370.8,113125,On-Time,4
101774,AL05,thailand,budget,4.0,Economy,Middle,2.83,Mobile App,Yes,Card,1.0,18,2025-03-25,3,0,0,0.966,503.27,1619.7,7.0,0,83.8,868.46,897.99,206376,Cancelled,2
103565,AL11,Indonesia,budget,5.0,Economy,Aisle,13.12,Travel Agent,Yes,Cash,47.0,8,2024-02-29,2,0,0,0.659,271.62,824.7,8.12,1,50.0,653.32,745.96,50942,Cancelled,2
103112,AL18,Vietnam,budget,5.0,Economy,Aisle,2.96,mobile app,Yes,Card,22.0,92,2024-03-25,3,0,0,0.878,293.88,1174.6,6.56,0,30.0,631.14,755.63,166651,Delayed,3
100927,AL04,Japan,full-service,2.0,First,Window,3.26,Walk-in,No,Card,55.0,6,2024-10-26,10,1,1,0.917,557.03,2004.9,6.8,0,55.6,1216.88,1375.41,218181,Delayed,2
100904,AL13,Thailand,full-service,,economy,Aisle,3.39,walk-in,Yes,Card,48.0,19,2024-12-23,12,0,1,0.872,365.4,873.3,7.12,0,55.0,583.01,706.28,57952,Delayed,2
102059,AL15, JAPAN ,budget,4.0,Business,Window,1.36,Mobile App,No,Card,21.0,20,2024-07-14,7,1,0,0.711,330.98,763.2,7.36,0,55.9,727.66,927.85,144305,Delayed,4
102075,AL13,vietnam,full-service,2.0,premium economy,Middle,1.36,Website,Yes,Card,38.0,134,2024-05-20,5,0,0,0.83,422.99,1281.3,7.56,0,30.4,742.66,849.81,138513,Delayed,3
103623,AL09,Philippines,budget,3.0,Economy,Middle,2.85,Mobile App, No ,Online,20.0,23,2024-09-26,9,0,0,0.875,370.31,895.3,7.7,0,56.1,555.22,623.07,162218,Delayed,3
101596,AL02,Australia,budget,3.0,Business,Window,1.72,Website,No,Card,30.0,2,2025-03-18,3,0,0,0.833,446.33,1205.6,5.13,1,34.1,787.31,1003.42,224481,On-Time,3
102208,AL13, Malaysia ,full-service,4.0,Business,Aisle,8.39,Travel Agent,Yes,Card,1.0,24,2025-06-22,6,1,0,0.668,334.82,847.1,7.82,1,65.9,585.11,637.08,153680,Delayed,4
101447,AL03, VIETNAM ,premium,3.0,Economy,Window,6.85,Website, Yes ,Online,19.0,18,2024-05-08,5,0,0,0.749,186.83,433.2,8.04,0,65.8,466.8,502.98,119198,On-Time,4
100498,AL11, MALAYSIA ,budget,3.0,Premium Economy,Middle,7.25,Website,No,Online,21.0,20,2024-05-30,5,0,0,0.835,286.64,1176.5,8.15,1,73.5,636.45,797.37,148786,Delayed,3
102378,AL07,Thailand,full-service,4.0,Economy,Middle,1.13,Walk-in,Yes,Card,49.0,10,2025-04-13,4,1,0,0.628,206.17,589.5,9.74,1,30.6,430.0,516.8,127406,On-Time,5
102218,AL06,Malaysia,premium,4.0,Economy,Aisle,0.75,Airport Counter,Yes,Card,,19,2024-02-07,2,0,0,0.82,271.7,620.4,7.61,0,63.7,521.13,570.31,91065,On-Time,3
103553,AL17,Australia,full-service,3.0,Business,Window,4.6,Mobile App,No, Card ,55.0,3,2025-03-11,3,0,0,0.768,511.11,2033.3,7.03,0,46.9,1147.97,1235.9,68505,On-Time,4
103918,AL11,Australia,budget,3.0,Business,Aisle,2.0,Website, No , Online ,39.0,25,2024-10-19,10,1,0,0.829,640.47,1818.5,6.99,0,53.5,1040.9,1126.16,102459,Delayed,4
102369,AL15,malaysia,budget,3.0,Economy,Window,7.31,Website,No,Card,42.0,44,2025-05-21,5,0,1,0.765,563.95,1697.6,6.27,0,74.8,820.39,929.42,139552,Delayed,3
100479,AL02,Thailand,budget,5.0,Economy,Middle,1.44,Mobile App,Yes,Card,29.0,31,2024-03-15,3,0,1,0.809,417.94,1265.9,6.7,1,50.7,475.29,704.06,180747,On-Time,3
100905,AL08,Indonesia,full-service,3.0,Economy,Middle,2.1,Website, Yes ,Online,39.0,8,2024-02-15,2,0,0,0.947,585.42,2200.2,9.07,0,33.9,1011.96,1083.4,81907,On-Time,4
103748,AL18,Vietnam,budget,3.0,Economy,Window,1.55,Airport Counter, Yes ,Card,27.0,32,2025-06-04,6,0,1,0.55,252.04,626.1,5.89,1,66.4,391.65,454.25,36216,On-Time,2
101144,AL11,malaysia,budget,5.0,Economy,Aisle,4.87,Mobile App,Yes,Card,52.0,64,2024-04-26,4,0,0,0.557,776.62,2601.8,7.94,0,45.2,979.27,1055.99,174405,Cancelled,2
100569,AL10,Philippines,full-service,3.0,Economy,Aisle,2.96,Website,Yes,Card,33.0,20,2024-12-07,12,1,1,0.738,407.52,1416.4,6.05,0,55.2,761.21,885.89,162378,Delayed,2
100117,AL06, AUSTRALIA ,premium,4.0,Economy,Aisle,6.87,Website, No ,Online,43.0,27,2025-03-12,3,0,0,0.694,494.15,1254.4,7.75,1,66.7,590.05,732.55,186100,Delayed,2
100720,AL14,Singapore,full-service,4.0,Business,Aisle,4.36,mobile app, No ,Card,35.0,29,2024-10-16,10,0,0,0.837,341.94,1010.8,6.79,0,49.7,786.97,865.08,126110,On-Time,2
102415,AL17,Thailand,full-service,3.0,Economy,Window,3.62,Travel Agent,No,Cash,,48,2024-09-27,9,0,0,0.652,883.97,3263.3,7.33,1,54.6,1060.81,1224.08,230886,On-Time,3
100648,AL04,Thailand,full-service,3.0,Economy,Window,7.14,Website,No,Online,30.0,36,2024-08-17,8,1,1,0.804,438.31,1488.0,7.13,0,71.7,753.62,826.34,206449,Delayed,3
103685,AL11,Indonesia,budget,4.0,Economy,Middle,5.33,Website,No,Card,52.0,51,2024-09-08,9,1,0,0.99,537.97,1519.2,9.76,0,71.2,790.91,934.69,235196,Delayed,3
100002,AL05,singapore,budget,3.0,economy,Middle,3.52,Website,No,Card,37.0,27,2024-07-24,7,0,0,0.774,267.86,776.7,7.74,1,55.6,469.37,532.07,71306,Delayed,3
103099,AL01,Malaysia,full-service,5.0,premium economy,Aisle,2.48,Website, No ,Online,31.0,36,2024-11-18,11,0,0,0.934,264.14,1234.8,4.8,0,69.3,812.13,900.2,119356,On-Time,3
102272,AL06,Malaysia,premium,2.0,Economy,Window,5.15,Travel Agent,No,Online,18.0,3,2024-04-07,4,1,0,0.721,531.76,1887.2,8.72,1,68.3,844.25,904.11,168868,Delayed,4
100358,AL13,Malaysia,full-service,5.0,economy,Window,4.51,Travel Agent,Yes, Online ,39.0,3,2024-12-09,12,0,1,0.607,626.55,1891.5,7.68,0,58.0,923.06,976.91,244534,Delayed,3
102513,AL03, THAILAND ,premium,4.0,Economy,Window,2.98,Travel Agent,No,Card,27.0,13,2025-06-06,6,0,0,0.565,568.42,2130.1,5.3,0,76.8,972.12,1031.94,221389,Delayed,1
100474,AL18,Philippines,budget,4.0,Premium Economy,Aisle,3.74,Travel Agent,Yes,Card,33.0,30,2024-06-28,6,0,0,0.621,293.33,785.2,5.96,1,41.6,539.85,684.82,100882,Delayed,3
103208,AL14, Indonesia ,full-service,2.0,Economy,Window,4.34,Website,Yes,Card,30.0,31,2024-06-07,6,0,0,0.986,319.78,971.4,8.24,1,82.6,483.98,558.61,75175,Delayed,3
102655,AL11,thailand,budget,2.0,Economy,Window,1.68,Airport Counter, Yes ,Cash,27.0,50,2024-03-25,3,0,0,0.99,704.43,2515.8,6.77,0,54.8,1106.61,1254.99,177279,On-Time,2
104128,AL13, JAPAN ,full-service,4.0,Business,Window,5.84,travel agent,No,Card,54.0,7,2025-01-11,1,1,0,0.718,641.3,1820.2,6.4,0,42.4,1013.71,1121.07,280986,On-Time,2
100370,AL08,Malaysia,full-service,5.0,economy,Aisle,6.07,Travel Agent,No, Card ,43.0,113,2024-06-05,6,0,0,0.926,832.45,2926.9,7.7,0,30.9,1223.89,1269.61,275277,On-Time,4
100615,AL12,singapore,premium,3.0,Premium Economy,Aisle,1.72,Walk-in,Yes, Online ,18.0,7,2024-11-19,11,0,0,0.656,1109.75,3994.9,8.21,1,41.9,1445.57,1520.11,388268,On-Time,3
101647,AL15, VIETNAM ,budget,4.0,Premium Economy,Aisle,4.14,Travel Agent,Yes,Online,39.0,34,2024-11-02,11,1,0,0.797,583.53,2186.0,8.59,0,78.2,1118.22,1282.37,301439,Delayed,2
100030,AL17, Vietnam ,full-service,4.0,Economy,Window,7.64,mobile app,No,Card,28.0,10,2024-05-18,5,1,1,0.848,398.24,1519.9,4.74,1,54.9,775.24,901.36,66338,Cancelled,1
100921,AL12,indonesia,premium,3.0,Business,Aisle,2.82,Walk-in,Yes, Cash ,31.0,4,2024-03-22,3,0,0,0.915,335.85,971.7,7.48,1,48.4,672.02,757.48,164675,Delayed,3
101765,AL09,Thailand,budget,3.0,Economy,Window,1.72,walk-in,Yes,Card,42.0,9,2024-12-24,12,0,0,0.917,596.58,1976.2,8.71,1,34.6,858.74,973.69,66743,On-Time,3
100328,AL03,Malaysia,premium,3.0,Economy,Window,4.29,Website,No,Online,40.0,27,2024-11-25,11,0,1,0.733,431.86,930.4,5.85,0,80.3,632.44,780.17,207742,Cancelled,2
100444,AL06,Vietnam,premium,4.0,Business,Window,5.05,Mobile App, No ,Cash,45.0,2,2025-04-30,4,0,0,0.75,213.59,651.1,7.85,0,58.5,822.58,992.74,103289,Delayed,4
104012,AL07,Singapore,full-service,3.0,Economy,Window,7.83,website,Yes,Online,57.0,8,2024-09-21,9,1,1,0.926,1167.13,3910.3,7.71,0,43.2,1495.73,1542.66,173339,Cancelled,1
102498,AL15, Malaysia ,budget,5.0,Business,Aisle,2.62,Mobile App,Yes, Card ,34.0,6,2024-08-19,8,0,0,0.701,783.59,2452.4,6.85,0,82.0,1303.21,1539.44,114706,Delayed,2
101042,AL08,japan,full-service,2.0,Economy,Middle,2.09,Walk-in,Yes,Online,39.0,7,2024-10-30,10,0,0,0.685,756.19,2341.7,6.94,0,64.6,1064.1,1314.16,260812,On-Time,3
103207,AL10, MALAYSIA ,full-service,4.0,Economy,Aisle,3.4,travel agent,No,Online,50.0,3,2024-08-12,8,0,0,0.99,293.87,862.7,7.97,0,92.0,657.2,749.64,79635,On-Time,3
102346,AL17,Malaysia,full-service,3.0,Economy,Middle,4.35,Website,Yes, Online ,18.0,11,2025-05-28,5,0,0,0.754,713.14,2484.6,6.93,0,53.2,1190.47,1217.38,80477,Cancelled,2
102811,AL07,Singapore,full-service,3.0,premium economy,Middle,2.97,Mobile App,No,Card,39.0,24,2024-01-07,1,1,0,0.887,323.51,992.3,7.3,0,48.3,669.87,742.17,105785,Delayed,4
100450,AL07,Philippines,full-service,3.0,Premium Economy,Middle,2.67,Website,No,Online,1.0,15,2024-12-09,12,0,0,0.99,394.34,1486.5,7.8,1,52.4,730.0,824.68,97605,On-Time,3
100603,AL18,Vietnam,budget,4.0,Premium Economy,Aisle,6.62,Travel Agent,,Cash,37.0,38,2024-01-05,1,0,0,0.77,358.57,921.6,7.03,0,44.3,637.71,743.16,138637,On-Time,4
101167,AL14,indonesia,full-service,3.0,Premium Economy,Aisle,1.64,Mobile App,No,Card,29.0,6,2024-03-06,3,0,0,0.497,1007.57,3182.7,7.03,1,47.8,1122.48,1225.4,244395,On-Time,3
103832,AL04,Singapore,full-service,4.0,Economy,Aisle,2.09,Mobile App,No,Card,18.0,64,2024-04-17,4,0,0,0.782,568.52,1615.6,5.8,0,34.0,796.6,901.82,131574,On-Time,2
100095,AL10, THAILAND ,full-service,4.0,Business,Middle,2.25,mobile app,No, Cash ,33.0,92,2024-12-27,12,0,0,0.563,318.95,552.7,9.78,1,85.3,559.76,648.63,30816,On-Time,5
103279,AL16,Singapore,budget,5.0,Economy,Middle,9.44,Website,Yes, Online ,24.0,24,2024-06-13,6,0,0,0.914,646.11,2115.6,8.19,0,50.4,922.27,988.99,122974,Delayed,3
100767,AL17, SINGAPORE ,full-service,4.0,Premium Economy,Aisle,3.97,Travel Agent,No,Card,22.0,19,2024-02-07,2,0,1,0.908,386.19,897.7,7.56,1,22.7,540.24,610.67,91336,Delayed,2
103617,AL10,Japan,full-service,4.0,Economy,Aisle,0.77,Walk-in,Yes, Card ,54.0,16,2025-04-22,4,0,0,0.732,197.48,610.6,5.58,1,26.4,346.82,444.18,78981,Delayed,2
103132,AL15,Thailand,budget,4.0,Business,Aisle,11.69,Walk-in, Yes ,Card,35.0,29,2024-07-13,7,1,0,0.846,557.3,1461.3,7.67,1,62.9,779.53,925.46,226448,Delayed,3
104171,AL17,australia,full-service,3.0,Premium Economy,Window,6.03,Website,Yes, Card ,53.0,86,2024-04-28,4,1,0,,304.26,574.8,8.62,0,82.4,562.44,667.41,125620,Cancelled,3
104184,AL03,Indonesia,premium,4.0,Economy,Aisle,5.33,Website, No , Card ,53.0,64,2025-06-24,6,0,0,0.871,553.8,1708.5,6.94,0,69.1,895.51,921.52,100325,Delayed,4
100289,AL05, SINGAPORE ,budget,1.0,Economy,Aisle,3.77,Website,No,Card,31.0,4,2024-05-23,5,0,1,0.661,396.0,953.1,8.0,1,47.7,563.55,694.9,128809,On-Time,3
102441,AL04, PHILIPPINES ,full-service,3.0,Economy,Aisle,4.94,Travel Agent,Yes,Online,39.0,14,2024-08-21,8,0,0,0.865,797.06,2611.1,6.89,0,26.0,1102.29,1223.44,265921,On-Time,4
103863,AL17, INDONESIA ,full-service,3.0,Economy,Middle,5.5,Travel Agent, Yes ,Online,,21,2025-05-19,5,0,0,0.895,662.81,1910.2,7.6,1,5.0,753.24,839.01,200738,On-Time,4
100028,AL08,Malaysia,full-service,3.0,Business,Window,2.36,airport counter,Yes,Online,44.0,5,2024-11-12,11,0,0,0.629,662.18,1900.4,8.51,0,59.1,1062.81,1154.79,199600,On-Time,3
100427,AL08,Singapore,full-service,2.0,Economy,Window,3.74,Mobile App,Yes,Online,35.0,45,2024-03-15,3,0,0,0.951,729.8,2410.6,6.81,1,73.1,946.49,978.38,91060,On-Time,4
103800,AL04,Australia,full-service,3.0,Economy,Aisle,2.95,Walk-in,No,Card,29.0,2,2024-06-18,6,0,0,0.618,424.16,1412.6,6.14,0,42.7,747.79,823.87,110195,On-Time,3
103919,AL17,Singapore,full-service,4.0,economy,Middle,1.31,Website,No,Card,42.0,0,2024-01-03,1,0,0,0.883,462.16,1239.9,6.14,1,56.7,628.17,730.05,172756,On-Time,3
101731,AL09,Singapore,budget,2.0,Premium Economy,Aisle,2.05,Website,No,Online,21.0,29,2024-10-22,10,0,0,0.564,887.71,3035.3,7.79,0,52.8,1297.42,1608.75,248417,On-Time,4
102531,AL12,Thailand,premium,3.0,First,Window,3.44,mobile app,No,Cash,35.0,28,2024-07-25,7,0,0,0.904,725.64,2355.4,7.9,0,47.4,1343.63,1529.28,110480,Delayed,3
100651,AL11,japan,budget,4.0,Economy,Window,2.63,Website,Yes,Card,18.0,1,2025-05-25,5,1,1,0.786,610.5,2140.0,8.52,0,84.0,1011.28,1059.73,264253,Delayed,3
101812,AL10, Indonesia ,full-service,3.0,Premium Economy,Aisle,1.82,Walk-in, No ,Online,45.0,27,2025-04-13,4,1,1,0.751,642.68,1893.8,9.27,0,54.0,1030.51,1129.73,79534,Delayed,4
103283,AL01,Malaysia,full-service,2.0,Economy,Window,0.88,Website,No, Card ,27.0,29,2025-05-25,5,1,0,0.795,536.04,1864.2,9.19,1,62.8,743.57,923.9,84472,Delayed,4
103866,AL10,Philippines,full-service,4.0,Economy,Aisle,6.42,Walk-in,Yes,Online,41.0,30,2025-01-10,1,0,0,0.876,578.45,1805.9,,0,78.5,858.37,954.7,102890,Delayed,3
102984,AL07,Malaysia,full-service,4.0,economy,Aisle,6.01,Website,No,Online,18.0,3,2025-04-09,4,0,1,0.72,522.5,1473.8,8.21,0,73.6,734.26,834.74,113548,Cancelled,1
101892,AL04,singapore,full-service,,Economy,Middle,3.12,Travel Agent,Yes,Card,46.0,75,2024-02-12,2,0,0,0.895,304.26,1425.3,6.22,0,74.7,711.82,849.57,175995,On-Time,1
104003,AL07,Singapore,full-service,2.0,Economy,Aisle,1.0,Travel Agent,No,Card,,0,2025-03-13,3,0,0,0.806,691.55,2193.7,7.97,0,68.3,1055.96,1093.85,204165,Delayed,3
102114,AL06, PHILIPPINES ,premium,3.0,Business,Middle,9.05,Travel Agent,No,Online,33.0,13,2024-11-15,11,0,1,0.566,330.43,1024.9,8.57,0,38.0,750.97,808.5,88151,Delayed,4
100532,AL12, Japan ,premium,3.0,First,Aisle,8.33,Website,No,Online,24.0,26,2025-06-09,6,0,0,0.626,335.38,597.1,7.49,0,79.4,750.99,834.41,80442,Delayed,4
102026,AL03,thailand,premium,5.0,Business,Window,3.51,Mobile App, Yes , Card ,31.0,103,2025-06-02,6,0,0,0.737,852.0,2208.8,6.75,0,67.4,1184.52,1278.47,134660,Delayed,3
101506,AL02,philippines,budget,2.0,First,Aisle,1.72,Airport Counter,No,Card,37.0,12,2024-02-06,2,0,0,0.907,825.01,2480.0,9.86,1,57.5,1277.74,1428.72,237503,Delayed,4
101209,AL18,Australia,budget,,Premium Economy,Aisle,7.66,Mobile App,Yes,Card,54.0,11,2024-04-28,4,1,0,0.687,657.95,1986.1,6.12,0,52.3,994.94,1144.42,72671,On-Time,3
102843,AL18, MALAYSIA ,budget,3.0,Business,Window,8.49,Website,No,Card,28.0,41,2024-02-10,2,1,0,0.705,428.84,1486.1,,0,50.1,914.76,1084.34,203962,Delayed,3
100539,AL07,indonesia,full-service,5.0,economy,Window,9.83,Airport Counter, No , Card ,42.0,29,2024-04-25,4,0,0,0.796,271.2,781.9,6.4,0,83.3,563.48,612.6,145700,Delayed,2
103423,AL08, Indonesia ,full-service,4.0,Economy,Window,5.46,Website,No, Card ,35.0,12,2024-12-14,12,1,0,0.67,790.22,2573.6,5.56,0,60.7,1048.93,1216.95,122935,Delayed,1
103848,AL03,Vietnam,premium,3.0,Business,Middle,4.62,Mobile App,Yes, Card ,37.0,5,2025-04-05,4,1,0,0.75,311.49,995.2,8.92,0,30.7,860.89,1035.03,239161,Delayed,3
103861,AL01, PHILIPPINES ,full-service,3.0,Premium Economy,Aisle,7.13,Travel Agent,No,Card,38.0,14,2024-04-29,4,0,0,0.774,175.49,571.1,7.35,0,47.5,519.77,593.7,118340,On-Time,2
102212,AL03,malaysia,premium,2.0,Premium Economy,Aisle,1.74,Travel Agent,No,Online,41.0,24,2024-06-29,6,1,0,0.86,378.65,1058.1,9.36,0,34.0,664.47,730.59,135602,Delayed,3
100034,AL15,Vietnam,budget,4.0,Premium Economy,Aisle,2.49,Website,Yes,Card,22.0,99,2024-02-05,2,0,0,0.894,391.92,1065.4,5.46,1,77.3,623.38,720.46,118524,Delayed,2
101441,AL08,Thailand,full-service,3.0,Economy,Aisle,7.39,Website,Yes, Card ,51.0,1,2024-09-30,9,0,0,0.867,463.48,1275.5,7.55,0,37.2,645.06,834.52,103032,On-Time,3
103384,AL10,malaysia,full-service,2.0,First,Aisle,2.63,Airport Counter,No,Online,29.0,45,2025-03-13,3,0,1,0.925,702.77,2154.4,7.12,0,60.5,1244.88,1381.07,231867,On-Time,3
103936,AL03,Malaysia,premium,2.0,premium economy,Aisle,7.26,Airport Counter,No, Online ,25.0,3,2024-10-02,10,0,1,0.825,234.45,810.6,8.64,0,43.6,697.04,759.03,143202,Delayed,2
102097,AL08,Malaysia,full-service,4.0,Business,Window,2.35,Mobile App,No,Cash,26.0,42,2025-04-11,4,0,0,,526.76,1930.9,7.88,0,66.1,1080.34,1194.99,224318,On-Time,4
103398,AL05,malaysia,budget,4.0,Economy,Window,1.11,Mobile App,Yes,Online,50.0,81,2025-02-28,2,0,0,0.99,536.52,1945.8,7.33,0,76.5,922.95,972.48,106915,Cancelled,1
102228,AL02,Vietnam,budget,4.0,Premium Economy,Middle,6.35,Mobile App, No ,Card,52.0,33,2024-09-30,9,0,0,0.662,387.13,1473.6,6.19,1,43.5,663.45,731.03,160735,On-Time,3
100262,AL06,australia,premium,3.0,Business,Aisle,0.75,Mobile App,No, Online ,27.0,20,2024-06-30,6,1,0,0.778,350.03,1248.4,9.26,1,57.7,723.8,786.57,89230,Delayed,3
100127,AL08,Malaysia,full-service,3.0,Economy,Window,3.84,airport counter,Yes,Online,38.0,7,2025-04-13,4,1,0,0.617,631.45,2043.7,7.61,0,50.4,901.79,944.47,132796,Delayed,3
100616,AL04,singapore,full-service,3.0,Premium Economy,Middle,3.4,Website,No,Cash,48.0,54,2024-01-19,1,0,0,0.8,392.4,1204.5,10.0,0,31.4,753.88,944.39,98213,On-Time,4
101244,AL14,Indonesia,full-service,5.0,economy,Window,5.71,Website, Yes , Card ,22.0,2,2025-04-15,4,0,0,0.9,394.31,1141.2,4.76,0,10.7,687.73,886.14,84186,On-Time,3
103545,AL14, MALAYSIA ,full-service,5.0,Business,Aisle,1.19,mobile app, No ,Card,27.0,4,2024-04-20,4,1,1,0.871,1177.53,4052.3,10.0,1,47.2,1553.08,1638.98,316265,On-Time,3
100887,AL03, VIETNAM ,premium,3.0,Economy,Aisle,6.47,travel agent,No,Card,47.0,107,2024-05-04,5,1,0,0.77,441.06,1159.2,8.84,1,32.7,522.95,730.59,184953,On-Time,3
100668,AL03, Philippines ,premium,4.0,Economy,Aisle,1.75,Website, No ,Cash,38.0,30,2025-03-24,3,0,0,0.67,470.5,1296.1,6.88,0,76.6,702.78,900.69,158996,Cancelled,1
103808,AL17,Vietnam,full-service,4.0,economy,Window,5.13,Travel Agent,Yes,Cash,40.0,9,2024-11-09,11,1,0,0.931,848.87,3126.7,9.85,0,69.8,1304.59,1449.96,178799,On-Time,4
100729,AL15,Malaysia,budget,4.0,Economy,Middle,6.43,Website,No,Card,37.0,11,2024-07-08,7,0,0,0.668,480.25,1513.5,6.5,0,42.2,769.91,847.6,151228,On-Time,4
104070,AL02,indonesia,budget,5.0,Economy,Window,2.06,Walk-in, No , Cash ,44.0,17,2024-01-24,1,0,1,0.857,756.85,2493.4,5.98,0,77.5,1096.56,1225.11,263650,Delayed,2
103058,AL17,Malaysia,full-service,5.0,First,Window,4.16,Mobile App,No,Online,33.0,4,2025-02-13,2,0,1,0.681,118.44,391.0,7.38,0,60.7,692.18,797.19,173234,Delayed,3
102480,AL13,Singapore,full-service,3.0,Economy,Window,2.4,Mobile App,Yes,Online,30.0,27,2024-03-19,3,0,0,,816.05,2395.1,8.02,0,60.7,1029.14,1101.82,209644,On-Time,4
102614,AL16,Singapore,budget,5.0,Economy,Aisle,3.8,Airport Counter,No,Card,,1,2025-05-31,5,1,0,0.708,594.08,1937.6,8.97,1,18.7,775.51,882.23,89339,Cancelled,3
102712,AL08,indonesia,full-service,4.0,Economy,Aisle,3.11,Mobile App,No,Card,44.0,3,2025-06-22,6,1,0,0.718,241.05,540.8,7.84,0,53.9,435.64,588.28,142072,On-Time,3
100121,AL11, INDONESIA ,budget,4.0,Economy,Window,5.62,Mobile App,No,Card,35.0,37,2024-08-05,8,0,0,0.674,160.97,318.9,6.9,1,38.5,309.06,411.51,55674,On-Time,3
100768,AL14,Malaysia,full-service,4.0,Premium Economy,Window,1.31,Website, Yes ,Online,49.0,31,2025-02-26,2,0,0,0.99,318.73,1048.6,7.67,1,55.3,614.62,652.86,129641,Delayed,3
101965,AL02, Singapore ,budget,3.0,Economy,Aisle,6.47,Mobile App,Yes,Card,49.0,74,2024-04-28,4,1,0,0.707,611.39,1648.5,6.69,0,22.9,703.84,754.37,139681,Cancelled,1
100662,AL01,Malaysia,full-service,3.0,First,Window,3.87,Walk-in,Yes,Online,54.0,0,2025-06-23,6,0,0,0.783,52.18,565.7,7.39,0,65.9,759.06,947.38,112809,On-Time,4
101873,AL17, THAILAND ,full-service,4.0,Business,Aisle,6.02,Website, No , Online ,35.0,7,2024-10-09,10,0,0,0.874,528.25,1627.1,5.4,1,61.0,900.88,1057.71,174619,Delayed,1
102225,AL18,Singapore,budget,4.0,first,Middle,4.64,Travel Agent,No,Card,30.0,36,2025-04-07,4,0,0,0.724,886.92,2436.2,7.17,0,35.4,1354.21,1482.25,141835,Delayed,4
102106,AL18, Malaysia ,budget,3.0,Economy,Middle,1.79,Website,No,Online,43.0,2,2025-04-26,4,1,0,0.678,421.62,1175.8,9.38,0,62.7,696.63,771.63,90061,On-Time,4
100111,AL05,philippines,budget,2.0,Economy,Window,5.16,Mobile App,No,Online,36.0,60,2024-08-12,8,0,0,0.873,504.63,1585.7,5.74,0,32.6,811.4,978.08,168790,Delayed,3
103179,AL05, SINGAPORE ,budget,2.0,Economy,Middle,1.39,Mobile App,No,Card,37.0,11,2024-11-22,11,0,0,0.731,249.43,631.1,6.21,1,100.0,420.34,467.14,80586,On-Time,4
103959,AL07,Singapore,full-service,3.0,economy,Middle,2.17,Airport Counter,No,Card,20.0,48,2024-01-08,1,0,0,0.768,258.91,790.7,5.42,0,78.1,510.67,644.88,57682,On-Time,3
103735,AL06,Singapore,premium,4.0,Economy,Window,3.07,Mobile App,No,Card,45.0,15,2024-10-19,10,1,0,0.673,618.45,1764.8,7.67,0,72.3,892.94,1032.66,189062,On-Time,4
102697,AL04,malaysia,full-service,3.0,Business,Aisle,4.19,travel agent,No,Cash,40.0,47,2024-08-12,8,0,0,0.911,440.56,1616.9,5.27,0,31.4,900.27,977.74,214846,On-Time,4
101749,AL05, Singapore ,budget,4.0,Economy,Middle,4.06,Website,No,Online,34.0,46,2024-04-14,4,1,0,0.769,629.41,1592.3,8.73,0,42.5,748.19,846.13,173110,On-Time,5
102318,AL06,Vietnam,premium,2.0,economy,Middle,5.72,Website,No,Cash,31.0,25,2024-06-04,6,0,0,0.645,293.23,1189.5,7.01,0,24.9,669.4,760.22,183665,On-Time,2
103342,AL16,philippines,budget,3.0,Economy,Aisle,3.14,mobile app, No ,Card,21.0,67,2025-05-01,5,0,0,0.695,307.09,813.6,6.73,0,65.3,521.98,736.4,71358,Delayed,3
102963,AL12,Indonesia,premium,5.0,First,Aisle,3.32,Mobile App,Yes, Online ,26.0,1,2025-05-30,5,0,0,0.921,403.75,1219.1,8.2,1,72.8,880.19,997.54,66710,On-Time,5
103430,AL10,Philippines,full-service,5.0,Business,Aisle,4.98,website,Yes,Card,34.0,18,2025-02-19,2,0,0,0.886,997.21,3770.0,7.14,1,69.1,1608.31,1782.03,374002,Delayed,2
102787,AL18,Indonesia,budget,3.0,Premium Economy,Window,4.74,travel agent,Yes,Online,18.0,13,2025-06-20,6,0,0,0.645,674.2,1534.6,7.36,0,29.7,872.24,978.44,190989,On-Time,3
104068,AL02,Philippines,budget,4.0,Premium Economy,Aisle,6.95,Mobile App,No,Card,42.0,12,2025-04-29,4,0,0,,484.31,1457.3,7.83,0,5.0,821.0,1012.99,109407,On-Time,4
100596,AL08, AUSTRALIA ,full-service,2.0,Premium Economy,Window,8.61,Mobile App,No,Card,39.0,24,2024-10-25,10,0,0,0.744,466.36,1298.0,6.83,0,60.6,788.66,988.16,148007,On-Time,3
103653,AL04,australia,full-service,3.0,Economy,Aisle,4.38,Mobile App,, Online ,50.0,4,2024-10-03,10,0,0,0.715,353.82,1086.0,6.8,0,38.5,554.84,620.76,88593,On-Time,3
100101,AL01, SINGAPORE ,full-service,4.0,Premium Economy,Window,4.33,Travel Agent,No, Card ,37.0,6,2024-06-19,6,0,0,0.732,,2619.6,6.36,1,65.1,1141.47,1284.34,88249,On-Time,3
100426,AL14,Indonesia,full-service,3.0,Economy,Window,1.51,Travel Agent,No,Online,44.0,47,2025-05-01,5,0,0,0.755,1020.43,3354.0,8.37,0,33.4,1316.85,1360.48,144384,On-Time,4
101065,AL09,Malaysia,budget,3.0,Economy,Window,8.29,Mobile App,Yes,Cash,39.0,71,2024-12-16,12,0,0,0.919,165.65,859.4,7.39,0,98.6,535.66,672.72,132409,Delayed,1
100564,AL12,Malaysia,premium,3.0,Economy,Middle,4.19,Travel Agent,Yes,Card,18.0,53,2024-07-21,7,1,0,0.843,249.08,1236.5,8.3,0,47.1,602.67,631.17,146430,On-Time,4
100405,AL06,Indonesia,premium,3.0,Economy,Aisle,1.77,Mobile App,No,Cash,43.0,7,2024-03-25,3,0,0,0.485,326.42,861.6,6.19,0,27.1,508.11,691.72,88670,On-Time,3
102200,AL05, Australia ,budget,3.0,Economy,Aisle,1.35,Travel Agent,No,Card,41.0,3,2024-04-01,4,0,0,0.748,284.64,1032.9,6.56,0,67.2,613.21,651.55,128644,On-Time,3
103500,AL01, INDONESIA ,full-service,5.0,Economy,Aisle,6.21,Mobile App, No ,Card,70.0,15,2025-06-10,6,0,0,0.861,178.15,429.5,9.13,1,53.2,390.22,444.24,47314,On-Time,4
101058,AL06,Australia,premium,3.0,Economy,Aisle,0.75,Mobile App,Yes, Online ,30.0,6,2024-12-25,12,0,0,0.675,485.14,1457.2,7.06,0,8.9,729.18,812.52,211875,On-Time,3
104084,AL14,Indonesia,full-service,5.0,Economy,Aisle,5.36,Website,Yes,Online,54.0,2,2024-03-29,3,0,0,0.752,400.45,1378.9,6.92,0,59.5,762.07,791.76,110586,Delayed,2
102319,AL07,singapore,full-service,3.0,Economy,Window,5.99,Travel Agent, No ,Online,42.0,35,2025-04-16,4,0,0,0.774,986.41,3203.7,8.64,0,50.1,1293.56,1362.01,120645,On-Time,4
100746,AL03,Thailand,premium,3.0,Economy,Aisle,1.37,Website,No, Card ,28.0,18,2024-06-05,6,0,0,0.878,577.22,1792.3,3.81,0,26.0,839.96,1022.14,176388,On-Time,2
103912,AL18,Singapore,budget,3.0,Economy,Aisle,4.01,Website,No,Card,19.0,34,2024-01-02,1,0,0,0.853,314.25,1031.7,7.93,0,15.3,549.54,640.16,70484,Delayed,4
101146,AL13,Singapore,full-service,3.0,Business,Window,4.69,Travel Agent,No,Online,45.0,34,2024-02-20,2,0,0,0.715,385.15,1097.4,6.49,0,85.1,929.75,1027.94,255450,On-Time,4
102791,AL17, MALAYSIA ,full-service,5.0,Economy,Aisle,3.22,Airport Counter,Yes,Cash,18.0,24,2024-06-07,6,0,0,0.822,240.74,725.1,5.24,0,44.6,460.61,509.63,115326,On-Time,3
101686,AL12, Malaysia ,premium,2.0,Premium Economy,Aisle,5.77,Mobile App,,Card,19.0,46,2025-03-21,3,0,0,0.547,342.48,1110.4,5.53,0,38.7,724.92,822.43,184593,On-Time,3
103354,AL05, Japan ,budget,4.0,Business,Aisle,5.34,Travel Agent,Yes, Card ,43.0,34,2024-09-20,9,0,0,0.673,460.64,1707.1,6.91,1,55.4,851.36,1063.92,173784,On-Time,5
103506,AL02,Malaysia,budget,3.0,Economy,Middle,3.92,Website, No ,Online,23.0,16,2024-10-06,10,1,0,0.893,717.62,2796.4,5.48,0,31.1,1138.76,1255.2,316733,Delayed,3
102936,AL11,Vietnam,budget,3.0,Business,Window,5.95,Airport Counter,Yes,Card,18.0,7,2025-02-04,2,0,0,0.988,294.54,1093.1,7.17,0,51.8,857.86,1051.76,250538,Delayed,5
100784,AL01,Malaysia,full-service,4.0,Economy,Middle,2.61,Travel Agent,No,Cash,27.0,4,2025-03-19,3,0,0,0.666,334.91,668.5,6.85,0,72.8,526.51,581.74,85996,Delayed,3
101724,AL07,philippines,full-service,2.0,Business,Window,3.66,Website,No, Online ,41.0,6,2025-05-21,5,0,1,0.807,990.69,3182.2,6.29,0,49.6,1479.97,1648.99,294406,Delayed,3
103119,AL16,Malaysia,budget,3.0,Premium Economy,Middle,6.25,mobile app,, Online ,33.0,33,2024-09-25,9,0,0,0.725,486.18,1651.6,8.1,0,69.3,911.79,1011.09,59890,On-Time,5
100949,AL12,Malaysia,premium,5.0,Premium Economy,Aisle,3.3,Mobile App, No ,Card,45.0,81,2024-09-02,9,0,0,0.819,1152.94,4014.8,5.32,0,89.3,1734.3,1866.62,260745,On-Time,2
100414,AL18,Philippines,budget,3.0,Business,Middle,3.27,Mobile App, Yes ,Card,42.0,11,2025-05-18,5,1,0,0.697,683.31,1973.0,8.54,1,55.5,904.72,1083.12,269192,Delayed,3
100587,AL08,thailand,full-service,3.0,Premium Economy,Window,10.71,Website, Yes ,Card,41.0,0,2024-10-20,10,1,0,0.72,642.62,2344.3,8.39,1,14.5,1008.88,1103.58,196364,On-Time,3
102443,AL03,Singapore,premium,4.0,Economy,Aisle,3.39,Website,No,Card,32.0,15,2024-07-26,7,0,0,0.604,542.48,1810.2,6.16,0,76.5,850.94,950.72,245510,Cancelled,2
102644,AL03,Japan,premium,3.0,Premium Economy,Aisle,4.08,mobile app,No, Card ,36.0,13,2024-05-24,5,0,0,0.814,629.84,2107.5,6.58,1,30.7,939.51,993.88,184819,On-Time,3
102254,AL08,Thailand,full-service,4.0,Premium Economy,Aisle,7.94,Travel Agent,No,Online,24.0,13,2024-11-27,11,0,1,0.729,207.3,620.3,7.43,0,84.5,606.31,691.91,78671,Delayed,3
100455,AL16,Vietnam,budget,2.0,First,Window,2.61,mobile app,No,Card,29.0,33,2024-04-11,4,0,0,0.865,554.83,1851.2,6.65,1,74.2,1139.35,1282.59,292404,Delayed,2
100419,AL10,Singapore,full-service,3.0,Economy,Window,2.3,Website,No, Card ,31.0,4,2024-07-29,7,0,0,0.777,265.05,624.6,7.72,0,35.5,468.68,521.17,48968,Cancelled,2
100933,AL01, MALAYSIA ,full-service,4.0,Economy,Window,3.32,Walk-in,No,Card,44.0,20,2025-05-16,5,0,0,0.826,737.39,2950.7,5.17,1,62.9,1173.96,1224.88,119410,Delayed,2
101252,AL02,Australia,budget,4.0,Premium Economy,Middle,4.89,Website, No ,Online,33.0,109,2025-01-17,1,0,0,0.787,447.09,1469.7,6.61,0,52.1,808.87,861.14,125961,Delayed,3
100448,AL09,Malaysia,budget,3.0,Business,Middle,6.18,Airport Counter,Yes,Card,43.0,10,2024-01-21,1,1,0,0.869,775.32,2569.1,5.82,0,60.6,1362.67,1444.06,316189,Delayed,2
103106,AL09,Thailand,budget,1.0,Economy,Aisle,2.28,website,No, Card ,26.0,14,2024-05-16,5,0,0,0.915,558.1,1584.8,7.72,0,72.9,869.41,963.43,189862,Delayed,3
100431,AL11,Singapore,budget,1.0,premium economy,Window,8.73,Website,Yes,Online,,21,2024-04-14,4,1,0,0.99,669.03,1884.2,6.36,0,42.0,979.85,1126.31,139273,Delayed,3
103736,AL10,Malaysia,full-service,3.0,Business,Middle,4.02,website,No, Card ,27.0,0,2024-01-12,1,0,0,0.717,389.03,997.0,7.43,1,62.0,654.0,797.61,116285,On-Time,3
102338,AL13,Malaysia,full-service,3.0,Economy,Aisle,1.26,Airport Counter,No,Online,41.0,17,2024-07-30,7,0,0,0.68,486.59,1926.2,8.9,0,57.5,910.11,1027.95,234482,On-Time,3
102590,AL18,Malaysia,budget,3.0,Economy,Window,3.97,mobile app,No,Online,33.0,7,2024-11-26,11,0,0,0.78,242.15,868.0,6.55,0,67.9,559.32,674.39,43830,Delayed,2
101457,AL06,Thailand,premium,3.0,Economy,Aisle,2.7,Website, Yes , Card ,51.0,98,2024-11-14,11,0,0,0.975,667.11,2622.1,6.78,0,55.4,1135.51,1272.0,76929,Delayed,2
102099,AL13,Malaysia,full-service,3.0,Business,Window,0.75,Mobile App,No,Card,44.0,15,2025-06-17,6,0,0,0.765,289.39,875.9,9.32,1,61.6,652.92,835.21,214852,On-Time,3
102084,AL14,Malaysia,full-service,3.0,Economy,Window,2.44,Airport Counter,Yes,Online,69.0,18,2025-01-26,1,1,0,0.799,154.25,689.6,6.88,0,52.5,526.74,595.42,144719,Delayed,3
100658,AL02,Philippines,budget,2.0,Business,Aisle,6.03,Travel Agent,No, Card ,47.0,21,2024-01-25,1,0,1,0.602,67.03,150.0,8.03,0,63.3,506.24,760.31,67986,Delayed,4
100196,AL01, SINGAPORE ,full-service,4.0,Economy,Aisle,5.55,mobile app,Yes,Card,51.0,41,2024-04-02,4,0,0,0.596,269.98,713.6,7.33,1,58.6,380.08,485.55,79759,On-Time,3
102022,AL08,Thailand,full-service,4.0,Economy,Middle,2.66,mobile app,Yes, Card ,33.0,37,2024-11-01,11,0,0,0.694,331.18,990.0,6.68,0,44.3,615.03,690.92,161641,On-Time,3
102245,AL07,japan,full-service,2.0,economy,Middle,4.12,Travel Agent,Yes, Online ,25.0,1,2024-01-12,1,0,0,0.828,700.15,2314.0,5.94,0,17.7,1017.58,1152.55,232020,On-Time,2
101982,AL13,Singapore,full-service,4.0,Premium Economy,Middle,6.7,Website, Yes , Online ,36.0,3,2024-08-17,8,1,0,0.677,502.12,1091.7,7.58,0,98.2,762.96,1033.19,57806,Delayed,4
101283,AL08,Vietnam,full-service,3.0,First,Aisle,3.75,Travel Agent,Yes,Card,18.0,6,2025-02-05,2,0,0,0.869,884.77,3104.0,9.2,1,29.8,1362.66,1593.52,320366,On-Time,2
104097,AL10,Malaysia,full-service,4.0,First,Aisle,6.14,website,Yes,Online,32.0,16,2024-11-10,11,1,0,0.82,510.55,1264.3,7.97,0,75.8,1012.17,1147.63,174978,On-Time,4
100841,AL14,Australia,full-service,4.0,Economy,Aisle,9.35,Website, No ,Online,22.0,15,2025-05-02,5,0,0,0.617,328.02,1015.6,,0,52.3,610.24,655.68,97986,Delayed,3
103063,AL05,Thailand,budget,4.0,Economy,Middle,7.43,Mobile App,No,Card,46.0,20,2024-12-31,12,0,1,0.657,129.41,512.7,6.91,0,67.6,361.01,427.35,46818,Delayed,2
102654,AL14, MALAYSIA ,full-service,4.0,Business,Aisle,3.81,Website,No, Card ,39.0,6,2024-04-30,4,0,1,0.707,482.02,1472.8,5.87,0,66.3,963.36,1138.69,200357,Delayed,1
101306,AL03, MALAYSIA ,premium,4.0,Economy,Window,3.58,Mobile App,Yes, Online ,31.0,43,2024-10-06,10,1,0,0.912,572.04,1535.0,5.14,0,74.3,772.96,835.33,198613,Delayed,1
102463,AL17,Vietnam,full-service,5.0,Economy,Middle,1.2,Website,No,Cash,38.0,8,2025-04-25,4,0,0,,141.23,432.2,8.28,0,46.6,389.73,503.85,128425,On-Time,4
103306,AL02,Japan,budget,5.0,Premium Economy,Aisle,3.27,Walk-in, No ,Card,51.0,4,2025-04-20,4,1,0,0.515,547.01,1704.6,,1,82.7,762.59,811.89,193724,Delayed,3
100700,AL14,Thailand,full-service,4.0,Economy,Window,5.73,Mobile App,No,Online,32.0,42,2025-01-10,1,0,0,0.676,754.93,2667.5,7.05,0,65.1,1118.03,1193.75,93276,Delayed,3
100340,AL14, Singapore ,full-service,4.0,Premium Economy,Aisle,2.58,Website,,Card,38.0,13,2024-05-21,5,0,0,0.791,405.33,989.9,9.34,0,33.3,643.96,688.04,136917,Delayed,3
102705,AL02,Philippines,budget,4.0,Economy,Window,5.96,Airport Counter,, Card ,50.0,41,2025-05-21,5,0,0,0.823,716.32,2396.5,7.63,1,41.4,937.4,1197.16,116656,Delayed,3
102651,AL11,Philippines,budget,1.0,Economy,Aisle,5.12,Airport Counter,No,Cash,65.0,15,2024-02-23,2,0,0,0.831,311.56,590.1,6.27,0,45.9,512.57,594.38,148152,On-Time,2
103452,AL08, MALAYSIA ,full-service,4.0,Economy,Middle,6.95,Website,No,Card,53.0,25,2024-03-16,3,1,0,0.783,332.39,1124.0,8.06,0,64.8,631.27,773.96,59092,Cancelled,2
100636,AL12,Australia,premium,4.0,Premium Economy,Window,4.43,Website,Yes,Card,32.0,1,2024-06-18,6,0,0,0.606,924.99,2807.2,6.1,0,47.8,1283.46,1381.47,286476,Delayed,3
100430,AL03,singapore,premium,3.0,Economy,Aisle,2.77,Airport Counter,Yes,Card,46.0,10,2024-03-25,3,0,0,0.716,732.54,2197.0,7.66,0,27.7,1009.39,1052.76,122018,On-Time,3
101674,AL07,Malaysia,full-service,4.0,Economy,Window,4.5,Mobile App,Yes,Card,45.0,8,2024-06-11,6,0,0,0.651,134.18,395.1,6.14,0,59.7,430.03,577.9,94735,Delayed,2
103191,AL07, SINGAPORE ,full-service,3.0,Economy,Aisle,3.56,Airport Counter,Yes,Card,43.0,9,2025-05-09,5,0,0,0.757,615.67,1998.7,,0,59.2,963.22,1057.66,211389,On-Time,3
101632,AL10, MALAYSIA ,full-service,2.0,Premium Economy,Window,5.32,Travel Agent, Yes , Online ,23.0,43,2025-02-22,2,1,0,0.99,1158.36,4206.9,6.59,0,51.7,1764.55,1889.39,368078,On-Time,3
102947,AL15, THAILAND ,budget,4.0,Premium Economy,Window,1.3,Mobile App,No,Card,37.0,13,2024-03-01,3,0,0,0.647,553.67,1472.7,9.02,0,45.7,780.44,935.52,81727,On-Time,5
100267,AL17,Vietnam,full-service,3.0,Economy,Window,5.14,Website,No, Card ,47.0,5,2024-01-02,1,0,0,0.74,237.9,822.5,8.22,0,81.1,580.0,622.31,129187,Cancelled,2
103908,AL03, MALAYSIA ,premium,4.0,Premium Economy,Middle,6.34,Airport Counter,Yes, Online ,40.0,10,2024-01-06,1,1,0,0.662,362.55,978.7,8.53,0,54.5,780.59,843.41,103846,Delayed,5
101235,AL02, Singapore ,budget,4.0,Economy,Middle,6.3,Walk-in,No, Card ,46.0,7,2024-09-08,9,1,0,0.874,766.55,2816.1,8.49,0,53.7,1164.46,1268.39,220139,Delayed,4
103777,AL08,Vietnam,full-service,2.0,Premium Economy,Middle,4.18,Mobile App,Yes, Card ,26.0,19,2024-07-10,7,0,0,0.867,470.69,1275.0,5.88,0,55.8,805.22,890.07,66350,On-Time,2
100748,AL09,Thailand,budget,5.0,Premium Economy,Window,4.9,Airport Counter,No,Online,18.0,8,2024-01-27,1,1,0,0.579,336.73,1262.9,10.0,0,30.6,796.42,869.49,80598,Delayed,3
100186,AL13, Thailand ,full-service,,Premium Economy,Window,7.16,Mobile App, Yes ,Online,,17,2024-07-20,7,1,0,0.597,487.16,1657.9,8.37,0,33.2,839.34,1092.19,149052,Delayed,3
101830,AL02, AUSTRALIA ,budget,4.0,business,Window,0.78,Mobile App,No,Online,45.0,19,2025-06-03,6,0,0,0.816,398.44,1543.1,7.37,1,78.5,772.44,959.34,162102,Delayed,4
102005,AL17,Thailand,full-service,3.0,Business,Aisle,5.46,Website,No,Card,39.0,0,2024-01-25,1,0,0,0.88,268.89,588.8,8.87,1,51.9,629.63,743.08,92240,Cancelled,2
103867,AL01,Singapore,full-service,1.0,Economy,Aisle,7.22,Mobile App,Yes, Online ,18.0,63,2024-07-24,7,0,0,0.732,679.4,1955.3,7.44,0,98.7,924.54,990.28,205848,Delayed,2
100279,AL12, MALAYSIA ,premium,3.0,Economy,Aisle,2.94,Mobile App,Yes,Cash,68.0,6,2024-03-17,3,1,0,0.801,320.92,1233.6,6.93,1,70.3,722.46,744.01,163846,Delayed,3
102464,AL13,Australia,full-service,3.0,Business,Aisle,1.98,website,No,Online,49.0,33,2024-07-12,7,0,0,0.609,271.36,954.0,5.55,0,46.1,754.72,879.51,102458,Delayed,2
100619,AL10, Indonesia ,full-service,3.0,economy,Aisle,9.39,Website, No ,Card,24.0,37,2025-06-07,6,1,0,0.788,236.13,567.0,8.86,0,39.7,422.95,458.52,67623,On-Time,4
103508,AL01,Philippines,full-service,3.0,Business,Aisle,6.31,Mobile App,Yes,Online,34.0,41,2024-01-06,1,1,0,0.77,391.23,1017.1,6.99,0,50.5,831.71,1006.78,244536,Delayed,3
103897,AL14,Malaysia,full-service,3.0,Economy,Aisle,2.92,Website,Yes,Cash,25.0,11,2024-01-05,1,0,0,0.829,384.06,1133.7,5.63,0,39.2,614.5,698.8,54170,On-Time,2
101096,AL15, MALAYSIA ,budget,3.0,Premium Economy,Aisle,3.31,Mobile App,No,Card,33.0,33,2024-10-14,10,0,0,0.5,1102.15,3754.6,6.03,0,49.6,1523.24,1607.16,194083,On-Time,3
100512,AL10, MALAYSIA ,full-service,5.0,Economy,Aisle,2.71,Website,No,Card,29.0,3,2025-03-12,3,0,0,0.687,379.59,1111.6,5.68,0,52.1,659.55,709.56,185500,On-Time,2
101337,AL08,Vietnam,full-service,5.0,premium economy,Middle,4.6,website,No,Online,42.0,33,2024-10-11,10,0,0,0.928,433.03,1135.6,6.91,0,29.5,722.35,822.04,204869,On-Time,3
101157,AL13,Vietnam,full-service,3.0,Economy,Aisle,6.51,mobile app,No,Online,19.0,58,2024-04-07,4,1,0,0.956,369.11,1374.4,10.0,0,39.3,689.26,729.18,146176,Delayed,3
101054,AL10, Philippines ,full-service,3.0,Economy,Middle,2.66,Website,No, Online ,30.0,10,2024-01-12,1,0,0,0.682,333.49,827.5,5.38,1,43.1,536.87,785.95,63918,On-Time,2
103933,AL12,Indonesia,premium,3.0,First,Aisle,2.86,Mobile App,No,Card,50.0,9,2024-07-18,7,0,0,0.928,384.0,1359.5,8.5,0,83.1,1004.2,1308.48,305277,Delayed,4
100932,AL17, AUSTRALIA ,full-service,4.0,economy,Aisle,6.44,Travel Agent,No,Card,51.0,9,2024-07-09,7,0,1,0.782,545.49,1591.1,5.99,0,90.0,818.27,879.12,177459,Delayed,3
101422,AL05,Australia,budget,3.0,economy,Window,5.94,Website,No, Card ,60.0,1,2024-05-04,5,1,0,0.89,578.49,1667.2,6.82,0,29.6,812.81,861.92,59005,On-Time,4
102914,AL01,Malaysia,full-service,4.0,Economy,Middle,5.5,Walk-in,Yes,Online,31.0,19,2025-01-09,1,0,0,0.688,352.46,969.4,6.71,0,35.7,585.07,672.6,162998,On-Time,4
101141,AL04,Malaysia,full-service,2.0,Premium Economy,Aisle,4.64,Website,Yes, Online ,54.0,39,2025-05-08,5,0,0,0.715,479.89,1381.1,7.1,1,64.4,707.27,855.22,71370,On-Time,4
102775,AL06,Singapore,premium,2.0,Economy,Window,4.1,travel agent,No,Online,22.0,1,2025-01-04,1,1,0,,264.91,778.5,6.13,0,83.7,562.6,602.08,43105,Delayed,3
103136,AL08,Vietnam,full-service,3.0,Economy,Window,4.23,Mobile App,No,Card,37.0,2,2025-05-13,5,0,0,0.759,350.97,984.5,7.63,1,74.2,587.91,826.53,180341,On-Time,3
103982,AL04,indonesia,full-service,3.0,Economy,Aisle,3.64,Website,Yes,Card,,13,2025-01-15,1,0,1,0.555,318.71,1014.1,8.03,0,51.1,590.13,673.59,105398,Delayed,3
100460,AL03,Malaysia,premium,3.0,Economy,Aisle,1.69,travel agent,No,Online,31.0,24,2025-06-07,6,1,0,0.99,616.77,2004.6,6.47,0,55.2,1062.72,1200.79,181648,Cancelled,2
102297,AL15,Vietnam,budget,4.0,Premium Economy,Window,2.41,website,No,Card,61.0,3,2024-08-19,8,0,0,0.749,216.06,610.9,8.51,0,66.6,585.89,706.17,181149,On-Time,3
103018,AL15,Malaysia,budget,4.0,economy,Aisle,4.0,mobile app,No,Cash,28.0,31,2024-01-16,1,0,0,0.759,269.54,917.0,6.48,0,44.6,632.81,708.19,179197,Delayed,2
101242,AL01,Singapore,full-service,4.0,Business,Aisle,2.84,Travel Agent,Yes,Online,18.0,20,2025-03-31,3,0,0,0.927,586.38,2004.0,8.38,0,51.7,1086.12,1214.18,252590,Delayed,4
101134,AL12,Singapore,premium,3.0,Economy,Aisle,4.6,Website, Yes ,Cash,18.0,68,2024-05-12,5,1,0,0.951,400.96,1337.8,7.37,1,31.5,651.64,708.8,55583,On-Time,4
100060,AL05,Singapore,budget,3.0,Economy,Window,5.31,Airport Counter,No,Online,34.0,24,2024-04-28,4,1,0,0.867,255.21,743.6,7.35,0,34.7,515.49,648.11,128311,Delayed,2
101805,AL02,Japan,budget,3.0,Economy,Middle,3.72,Mobile App,No,Online,52.0,6,2024-11-02,11,1,0,0.937,447.39,1541.9,4.64,0,53.0,797.54,930.22,160948,Delayed,3
101815,AL05,Malaysia,budget,4.0,Business,Window,5.04,Mobile App,Yes, Online ,41.0,77,2024-06-01,6,1,0,0.963,722.8,2432.6,7.12,0,40.4,1222.07,1335.55,102769,Delayed,3
101946,AL01, MALAYSIA ,full-service,4.0,Premium Economy,Aisle,7.39,walk-in,Yes,Card,37.0,25,2024-11-17,11,1,0,0.99,410.05,1201.0,5.18,0,66.1,764.33,812.72,75765,On-Time,3
100359,AL16,Malaysia,budget,3.0,Business,Window,0.75,Travel Agent,No,Online,35.0,8,2024-11-08,11,0,1,0.764,652.91,1801.7,7.85,0,78.5,1086.11,1151.21,277410,On-Time,3
101807,AL16, INDONESIA ,budget,3.0,Economy,Aisle,2.75,Airport Counter,Yes,Online,18.0,8,2024-11-30,11,1,0,0.591,338.34,879.9,6.99,0,32.6,517.4,649.7,65385,Delayed,3
100131,AL04,Singapore,full-service,5.0,Premium Economy,Middle,3.88,Website, No ,Online,51.0,18,2024-01-14,1,1,0,0.77,766.5,2919.2,6.82,0,43.7,1285.03,1373.8,244624,Delayed,3
101801,AL06,Thailand,premium,5.0,Premium Economy,Window,10.1,airport counter,Yes,Card,44.0,18,2025-03-14,3,0,0,0.803,383.26,1187.7,7.14,0,33.5,778.0,1001.22,169116,On-Time,4
103486,AL15,Indonesia,budget,4.0,Economy,Aisle,3.3,Website, Yes ,Online,23.0,88,2024-03-05,3,0,0,0.759,554.86,1778.4,9.3,0,45.1,825.25,967.23,237311,Delayed,4
102031,AL17,Thailand,full-service,2.0,Economy,Window,4.91,Travel Agent,No,Online,43.0,11,2025-06-09,6,0,1,0.659,569.59,1542.0,3.01,0,53.1,759.29,780.37,184711,Cancelled,1
100527,AL04, AUSTRALIA ,full-service,3.0,Economy,Window,5.77,Website,No,Online,43.0,9,2025-05-12,5,0,0,0.735,162.68,278.4,5.31,0,33.0,359.25,457.39,32680,Delayed,1
104099,AL18,Philippines,budget,4.0,Economy,Aisle,0.75,Website,, Cash ,48.0,13,2024-07-10,7,0,0,0.726,373.76,1037.9,7.4,0,51.7,595.76,638.18,85802,Delayed,3
102245,AL07,japan,full-service,2.0,economy,Middle,4.12,Travel Agent,Yes, Online ,25.0,1,2024-01-12,1,0,0,0.828,700.15,2314.0,5.94,0,17.7,1017.58,1152.55,232020,On-Time,2
102838,AL07, Australia ,full-service,2.0,Economy,Aisle,3.9,Walk-in,No,Online,28.0,30,2024-05-06,5,0,0,0.686,635.36,1852.8,8.56,1,63.7,824.04,901.53,231122,Delayed,3
101978,AL12,Indonesia,premium,4.0,Premium Economy,Middle,3.23,Website,Yes,Online,45.0,42,2025-01-08,1,0,0,0.759,503.67,1619.6,5.95,1,39.7,829.44,1058.77,230801,On-Time,4
102873,AL07, AUSTRALIA ,full-service,3.0,Economy,Aisle,6.45,Mobile App,No,Online,32.0,28,2024-11-04,11,0,1,0.876,190.46,515.3,7.91,0,43.6,396.43,445.06,83914,Delayed,2
103409,AL13,Malaysia,full-service,3.0,Economy,Window,6.04,Walk-in,No,Online,38.0,47,2025-01-26,1,1,0,0.631,66.91,463.0,8.22,1,88.3,380.04,436.64,48672,Delayed,3
101580,AL15,malaysia,budget,3.0,Business,Aisle,2.86,Mobile App,No,Cash,42.0,42,2025-03-02,3,1,0,0.952,590.41,2037.3,,0,23.4,1141.62,1373.13,137354,On-Time,4
101561,AL14,Malaysia,full-service,2.0,Business,Middle,3.81,Mobile App,No,Online,41.0,209,2024-11-02,11,1,0,0.624,348.0,1055.7,6.72,0,79.9,782.37,941.0,237271,Cancelled,2
101277,AL16, JAPAN ,budget,3.0,Business,Middle,6.96,website,No,Online,53.0,55,2024-08-13,8,0,0,0.703,,1815.4,7.61,0,56.7,1002.3,1148.64,112797,Delayed,3
100115,AL06, JAPAN ,premium,4.0,business,Aisle,2.23,Airport Counter,No,Online,43.0,14,2024-11-27,11,0,0,0.64,577.12,1791.8,5.73,0,57.5,1035.38,1115.5,279452,On-Time,3
103822,AL06,Philippines,premium,5.0,Economy,Middle,7.38,Travel Agent, Yes ,Online,47.0,55,2024-04-19,4,0,0,0.879,629.33,1981.9,9.31,0,30.9,893.49,1032.91,101058,On-Time,4
100524,AL10,Indonesia,full-service,4.0,Premium Economy,Window,3.06,website,No,Card,41.0,20,2024-02-08,2,0,0,0.857,468.68,1694.2,6.58,0,64.9,909.1,1217.86,110203,On-Time,4
101435,AL13,Thailand,full-service,3.0,Business,Window,3.0,Website,Yes,Online,53.0,34,2024-05-08,5,0,1,0.806,,2368.5,7.55,1,31.3,1003.89,1097.92,245360,Delayed,2
101310,AL16,Japan,budget,4.0,Economy,Window,4.8,Mobile App,No,Card,25.0,10,2024-07-16,7,0,0,,693.74,2208.4,6.35,0,76.0,1059.28,1233.78,141261,Cancelled,2
102015,AL06,Thailand,premium,3.0,Economy,Window,2.04,Mobile App,Yes,Online,33.0,87,2024-10-29,10,0,0,0.733,524.13,1591.9,6.56,0,31.9,774.65,851.02,102697,On-Time,3
103535,AL16,Singapore,budget,3.0,Economy,Aisle,6.07,Website,Yes,Online,24.0,35,2025-04-18,4,0,0,0.866,253.61,600.0,8.48,0,43.4,443.61,597.0,91010,On-Time,4
100124,AL18,singapore,budget,4.0,Business,Window,1.17,mobile app,Yes,Card,31.0,12,2024-11-15,11,0,0,0.816,592.19,1548.5,6.9,1,26.6,852.72,1005.61,124073,Delayed,2
100446,AL05,Indonesia,budget,4.0,Economy,Middle,2.37,Website,No,Card,29.0,125,2024-12-21,12,1,0,0.885,754.76,2669.7,8.13,1,10.9,980.75,1087.21,98118,On-Time,4
102509,AL08,singapore,full-service,2.0,Business,Aisle,4.42,Website, No ,Cash,37.0,6,2024-02-13,2,0,0,0.833,354.56,1260.0,8.42,0,64.5,903.61,1030.54,118087,Delayed,3
101491,AL03,Singapore,premium,3.0,Economy,Aisle,4.65,Mobile App,No,Card,21.0,65,2025-04-27,4,1,0,0.804,477.7,1516.5,8.29,0,25.6,822.73,846.49,117213,Delayed,3
101420,AL18,malaysia,budget,3.0,Economy,Aisle,1.12,Airport Counter,Yes,Card,48.0,28,2024-01-16,1,0,0,0.879,337.87,1009.7,8.07,0,16.2,560.87,675.98,170869,On-Time,4
101136,AL08, Malaysia ,full-service,4.0,Business,Window,1.97,Mobile App,No,Online,46.0,55,2025-03-13,3,0,0,,605.44,2118.9,6.25,0,41.8,1114.1,1473.68,244450,On-Time,2
101434,AL17,singapore,full-service,3.0,Business,Aisle,2.17,Website,No, Card ,37.0,22,2025-04-30,4,0,0,0.76,273.63,942.4,7.44,1,43.2,699.26,811.44,161479,On-Time,5
100070,AL15, Singapore ,budget,3.0,First,Window,7.3,Travel Agent,Yes,Card,55.0,21,2025-01-06,1,0,0,0.71,935.05,3000.8,7.6,1,46.1,1356.86,1507.09,314340,On-Time,4
102053,AL01,Philippines,full-service,4.0,Economy,Window,3.73,walk-in, Yes ,Cash,67.0,21,2025-02-23,2,1,0,0.684,552.16,2168.2,7.75,0,88.1,986.08,1070.25,258326,Delayed,3
102289,AL15,Singapore,budget,2.0,Premium Economy,Window,4.58,Website,No, Online ,31.0,1,2024-08-13,8,0,0,0.718,474.47,1687.1,6.88,0,69.1,906.84,980.98,79773,On-Time,4
101544,AL06,Australia,premium,4.0,Economy,Window,3.66,Mobile App,Yes,Card,32.0,62,2025-03-22,3,1,0,0.905,421.27,1364.7,8.77,1,60.8,622.85,660.58,106210,On-Time,4
101391,AL17,singapore,full-service,3.0,Premium Economy,Middle,3.28,Walk-in,Yes,Online,18.0,5,2024-10-22,10,0,0,0.795,440.85,1368.8,6.63,0,53.4,842.76,933.44,202095,On-Time,4
100387,AL11,Malaysia,budget,4.0,Economy,Aisle,4.93,Mobile App,Yes,Card,18.0,84,2025-06-18,6,0,0,0.796,395.3,1112.6,9.76,0,38.6,559.31,662.88,149677,On-Time,3
100807,AL01,Indonesia,full-service,3.0,First,Aisle,4.05,Mobile App,Yes,Card,37.0,68,2024-04-26,4,0,1,0.968,984.17,3135.6,8.39,0,60.3,1593.78,1875.98,132418,Delayed,2
101918,AL18,Singapore,budget,4.0,Business,Window,2.29,Airport Counter,Yes,Online,,17,2024-05-24,5,0,0,0.591,709.16,2332.1,8.48,0,76.4,1216.57,1320.6,186244,Delayed,3
103813,AL05,Singapore,budget,4.0,Economy,Aisle,1.42,Travel Agent,No,Online,34.0,21,2024-10-14,10,0,0,0.939,731.82,1952.6,5.49,1,48.3,764.8,857.04,186943,On-Time,2
103759,AL05,Malaysia,budget,4.0,Economy,Window,1.3,airport counter, Yes ,Card,31.0,4,2025-01-24,1,0,0,0.767,297.74,660.0,7.16,0,11.8,500.18,729.41,178944,On-Time,3
101926,AL03, THAILAND ,premium,3.0,Business,Aisle,3.92,Airport Counter,Yes,Card,41.0,21,2024-11-30,11,1,0,0.834,,2728.9,9.36,0,67.5,1366.92,1451.83,95958,On-Time,5
100684,AL03,Malaysia,premium,3.0,Economy,Aisle,3.3,Mobile App,No,Cash,,15,2025-01-29,1,0,0,,535.73,1654.4,7.97,0,35.1,811.14,975.58,223050,On-Time,4
103171,AL15, Indonesia ,budget,4.0,Business,Aisle,7.87,Airport Counter,Yes,Card,29.0,25,2024-08-10,8,1,0,0.622,513.35,1334.5,5.22,0,80.0,885.72,986.53,150203,Delayed,2
101783,AL06,Vietnam,premium,3.0,Economy,Middle,6.56,Website,No, Online ,29.0,0,2024-01-30,1,0,0,0.639,1019.57,2966.5,6.24,0,64.5,1303.2,1391.37,171086,Delayed,3
100183,AL17,Vietnam,full-service,4.0,Economy,Middle,1.05,Travel Agent,No,Online,20.0,25,2025-01-03,1,0,0,0.757,179.52,398.1,5.73,0,68.6,460.65,553.84,140075,On-Time,3
103392,AL15,malaysia,budget,2.0,Premium Economy,Aisle,3.16,Airport Counter,No,Card,38.0,8,2025-02-25,2,0,0,0.808,317.11,1249.3,,0,54.4,806.05,897.58,166022,On-Time,4
100632,AL17, SINGAPORE ,full-service,3.0,Economy,Middle,5.58,Airport Counter,No,Online,33.0,99,2025-05-16,5,0,0,0.609,566.79,1858.6,8.66,0,57.9,837.31,912.35,228818,Cancelled,3
103378,AL11, Japan ,budget,4.0,Economy,Window,4.6,Website, No ,Card,18.0,12,2024-04-27,4,1,0,0.9,205.26,505.9,8.53,0,16.4,473.09,577.43,53939,Delayed,2
100672,AL09,Vietnam,budget,3.0,Economy,Window,5.39,Travel Agent,Yes,Cash,35.0,9,2024-11-12,11,0,0,0.834,471.23,1582.3,5.84,0,62.0,816.17,883.94,197872,Delayed,2
102885,AL14,Malaysia,full-service,3.0,Economy,Aisle,6.65,Website,No, Card ,48.0,7,2024-03-29,3,0,0,0.737,612.17,2275.1,8.15,0,20.4,949.22,995.84,59321,On-Time,4
102736,AL04,Malaysia,full-service,,Business,Window,1.68,Travel Agent,No,Online,49.0,18,2025-01-15,1,0,0,0.736,135.04,541.2,9.28,1,57.1,547.46,808.58,187046,On-Time,4
102040,AL09,thailand,budget,3.0,Business,Aisle,4.73,Travel Agent,Yes, Card ,31.0,7,2024-08-22,8,0,0,0.769,,1110.0,8.02,0,45.9,750.07,898.61,105562,Delayed,3
102401,AL13,Singapore,full-service,4.0,Economy,Aisle,3.86,Website,Yes,Online,57.0,1,2024-07-09,7,0,0,0.796,548.41,1890.2,4.66,0,64.0,953.21,1069.41,273475,On-Time,2
103159,AL04,Philippines,full-service,4.0,Premium Economy,Window,0.75,Mobile App,No,Online,43.0,19,2025-04-01,4,0,1,0.922,371.74,874.6,7.85,0,73.0,664.31,750.16,117639,Delayed,3
101381,AL08,Australia,full-service,3.0,Economy,Window,4.33,Airport Counter,No, Online ,43.0,8,2025-02-19,2,0,0,0.698,231.05,375.5,5.7,0,63.4,399.92,476.14,103181,On-Time,3
102470,AL09,Philippines,budget,3.0,Economy,Aisle,1.7,Website,No, Online ,38.0,5,2024-04-15,4,0,0,0.756,402.44,1073.3,6.13,0,89.2,610.96,781.72,185834,Delayed,3
101113,AL16, MALAYSIA ,budget,4.0,Premium Economy,Window,5.23,Mobile App, Yes ,Card,46.0,57,2024-04-03,4,0,1,0.8,423.93,935.4,7.84,0,24.6,659.89,711.0,99647,Delayed,3
103387,AL07,Singapore,full-service,5.0,Economy,Window,5.34,mobile app,No,Online,36.0,6,2025-01-10,1,0,0,0.745,446.49,1395.5,8.2,0,40.1,776.8,820.54,125775,Delayed,3
100745,AL12, MALAYSIA ,premium,4.0,Economy,Window,3.89,Mobile App,Yes,Card,29.0,16,2025-06-05,6,0,0,0.742,487.66,1480.4,7.95,0,78.7,809.86,893.0,122847,On-Time,3
100099,AL06,Japan,premium,5.0,Economy,Window,1.38,Travel Agent,Yes,Online,27.0,57,2024-06-18,6,0,0,0.821,254.16,1119.3,7.42,0,54.8,687.1,871.62,74371,Delayed,2
100964,AL15, Philippines ,budget,4.0,Economy,Window,0.75,Airport Counter,No, Card ,37.0,0,2024-06-21,6,0,0,0.747,480.28,1520.3,9.41,0,27.9,839.7,956.19,137737,Delayed,3
102501,AL09,thailand,budget,3.0,Business,Middle,0.75,Website,Yes,Card,47.0,3,2024-05-08,5,0,0,0.76,281.85,826.5,4.21,0,59.0,721.79,817.84,113992,On-Time,2
101721,AL11, Singapore ,budget,3.0,Business,Middle,4.96,Mobile App,No,Online,28.0,28,2025-02-05,2,0,0,0.968,,3395.2,8.61,0,61.0,1492.56,1705.64,443548,Delayed,5
102841,AL17,Philippines,full-service,4.0,Economy,Window,3.0,Mobile App,No,Card,33.0,31,2024-03-08,3,0,0,0.819,582.0,1730.6,5.23,0,68.9,821.87,861.3,64845,On-Time,3
102397,AL06,Singapore,premium,4.0,economy,Middle,5.0,Website, No , Online ,29.0,13,2024-08-04,8,1,0,0.785,830.85,2968.4,6.41,0,31.6,1221.35,1366.5,137214,On-Time,2
100181,AL02,Philippines,budget,4.0,Economy,Middle,2.86,Website,, Cash ,32.0,10,2025-05-16,5,0,0,0.709,196.56,467.2,7.78,0,15.8,426.78,592.62,102339,Delayed,3
101720,AL07,vietnam,full-service,4.0,Economy,Middle,1.43,Website, No ,Cash,21.0,9,2025-03-20,3,0,0,0.785,330.93,1123.1,7.68,0,30.6,589.6,633.67,121405,On-Time,2
102738,AL10, THAILAND ,full-service,4.0,Premium Economy,Aisle,2.66,Mobile App,No,Online,33.0,18,2025-05-11,5,1,0,0.56,334.15,899.8,6.65,0,69.6,689.02,741.62,146571,Cancelled,3
100200,AL12,Thailand,premium,3.0,Economy,Window,2.98,mobile app,Yes,Online,18.0,73,2025-03-24,3,0,0,0.667,154.86,251.2,6.19,1,47.6,268.65,336.78,33228,On-Time,4
100454,AL17,Vietnam,full-service,2.0,Economy,Middle,6.66,Walk-in,No,Card,26.0,29,2024-09-09,9,0,0,0.963,232.34,1065.7,6.29,0,34.2,606.42,774.81,183462,On-Time,3
100960,AL10, Indonesia ,full-service,3.0,economy,Middle,3.64,Mobile App,No,Card,,0,2024-03-28,3,0,0,0.902,660.44,1642.3,7.47,0,38.8,881.05,900.55,77474,On-Time,3
103703,AL15,Australia,budget,3.0,Economy,Window,5.64,Website,Yes,Card,50.0,42,2025-01-23,1,0,0,0.99,443.28,1479.3,9.32,0,16.0,732.67,789.43,164199,Delayed,3
101979,AL06,Indonesia,premium,3.0,Economy,Middle,2.6,Travel Agent,No,Online,29.0,36,2025-01-28,1,0,1,0.908,667.86,2422.1,7.91,1,70.3,1035.29,1205.66,280894,Delayed,4
103548,AL14,Singapore,full-service,5.0,Economy,Window,1.39,Website, No ,Card,38.0,28,2024-02-27,2,0,1,0.897,108.92,341.7,5.95,0,19.5,380.43,532.19,124469,On-Time,4
100440,AL16, THAILAND ,budget,4.0,Economy,Window,5.28,Website,Yes,Online,26.0,29,2024-04-19,4,0,0,0.703,315.06,941.1,7.81,0,74.6,575.42,645.84,152057,Delayed,3
100962,AL18,Singapore,budget,3.0,Premium Economy,Aisle,0.75,Mobile App, No , Card ,67.0,18,2025-01-04,1,1,0,0.955,205.13,503.3,7.05,0,82.7,566.92,610.5,97183,On-Time,3
102521,AL16,Singapore,budget,3.0,Premium Economy,Window,2.88,Mobile App,Yes,Online,37.0,104,2024-07-14,7,1,0,0.99,847.65,2547.3,8.01,1,31.8,1009.74,1063.08,258199,On-Time,3
102348,AL04,Malaysia,full-service,2.0,Economy,Aisle,3.7,Mobile App,, Card ,18.0,4,2024-02-21,2,0,0,0.889,272.77,861.9,8.47,0,20.4,557.91,670.03,113752,On-Time,4
100432,AL04,Indonesia,full-service,3.0,Economy,Window,3.04,Mobile App,No,Card,45.0,34,2025-05-01,5,0,0,0.832,270.29,721.0,8.01,0,52.0,487.09,565.21,87640,Delayed,3
101406,AL17,Thailand,full-service,3.0,Business,Window,3.37,Travel Agent, Yes ,Card,28.0,38,2025-01-24,1,0,0,0.798,619.98,1952.6,9.04,0,30.6,1094.56,1192.78,141470,On-Time,3
103796,AL15, SINGAPORE ,budget,4.0,Economy,Window,12.8,Mobile App,Yes,Online,38.0,44,2024-12-27,12,0,1,0.809,445.8,1534.8,4.68,0,26.2,738.31,925.23,237198,Delayed,3
102487,AL08,singapore,full-service,3.0,Economy,Middle,5.13,Airport Counter,Yes,Online,43.0,39,2024-09-11,9,0,0,0.739,542.41,1639.3,7.72,0,29.0,807.67,859.98,58953,Delayed,3
104063,AL07,Indonesia,full-service,4.0,Economy,Aisle,1.43,mobile app,No,Card,42.0,8,2025-02-08,2,1,0,0.842,305.52,731.1,9.05,0,57.5,564.01,647.67,82035,Delayed,3
103446,AL15, Japan ,budget,4.0,Economy,Window,5.46,Travel Agent,Yes,Card,47.0,13,2024-01-04,1,0,0,0.876,303.63,1040.1,9.29,0,54.9,593.09,627.56,142730,On-Time,4
102403,AL02, Thailand ,budget,2.0,Economy,Window,4.0,Mobile App,Yes,Card,48.0,145,2025-04-15,4,0,0,0.796,482.94,1432.7,6.3,1,28.4,628.78,707.55,148725,Delayed,1
103364,AL15, SINGAPORE ,budget,3.0,Business,Window,3.32,Website,Yes,Online,50.0,36,2024-02-22,2,0,0,0.737,369.71,1059.4,5.45,0,72.7,840.07,909.17,173714,Delayed,2
104028,AL14,Vietnam,full-service,2.0,Economy,Aisle,13.57,Mobile App,Yes,Card,41.0,0,2025-01-14,1,0,0,0.84,583.83,1746.8,7.63,0,66.0,864.18,966.11,204166,Delayed,2
100681,AL09,Vietnam,budget,3.0,Premium Economy,Aisle,3.73,Mobile App,Yes, Card ,26.0,16,2025-02-22,2,1,0,0.704,405.05,1198.8,7.59,0,66.9,805.38,951.69,81432,On-Time,4
102035,AL12,Thailand,premium,5.0,Economy,Aisle,2.59,Airport Counter,No, Card ,35.0,7,2024-11-02,11,1,0,0.743,242.31,538.0,6.95,0,52.1,507.01,720.37,174084,On-Time,3
102028,AL11, Malaysia ,budget,5.0,Premium Economy,Middle,2.23,Travel Agent,No,Card,42.0,19,2025-01-26,1,1,0,0.579,596.63,1664.6,9.51,1,49.0,743.91,838.77,146829,Delayed,4
103284,AL02, Thailand ,budget,3.0,Premium Economy,Window,2.8,mobile app,No,Cash,42.0,10,2025-06-14,6,1,0,0.856,389.53,1267.7,6.82,1,33.0,711.25,797.92,79693,Delayed,3
103879,AL02,Vietnam,budget,3.0,Premium Economy,Aisle,2.8,Mobile App,No, Online ,40.0,23,2024-06-07,6,0,1,0.714,235.72,696.8,6.54,0,96.3,588.57,698.51,113933,Delayed,4
102385,AL14,Thailand,full-service,5.0,Economy,Middle,4.04,Mobile App,No,Card,39.0,22,2024-11-25,11,0,0,0.862,442.33,962.2,6.6,1,10.0,487.51,560.26,51041,On-Time,2
102366,AL14,australia,full-service,2.0,Economy,Aisle,6.02,Website,No, Online ,38.0,2,2024-08-09,8,0,0,0.892,252.06,725.9,6.5,0,28.3,569.65,758.32,80574,Delayed,2
102512,AL09,Singapore,budget,3.0,Economy,Window,4.41,Mobile App,No,Card,41.0,22,2025-05-07,5,0,0,0.99,355.85,1300.8,6.46,0,82.8,732.09,788.11,161122,Cancelled,3
104086,AL18,Malaysia,budget,3.0,Economy,Window,11.46,Website, Yes ,Card,29.0,5,2024-08-16,8,0,0,0.849,494.44,1431.4,3.97,1,65.0,582.69,603.08,150529,Cancelled,2
100984,AL02, JAPAN ,budget,5.0,Business,Aisle,1.12,Website,No,Card,28.0,38,2025-03-15,3,1,0,0.869,197.54,605.9,,1,41.3,520.9,597.67,114328,Delayed,4
102387,AL15,thailand,budget,3.0,Economy,Aisle,6.68,Website,No, Card ,36.0,51,2024-08-13,8,0,0,0.62,257.05,993.6,6.58,0,78.0,549.52,585.41,89862,Delayed,2
101373,AL06,Malaysia,premium,2.0,Economy,Aisle,6.42,Airport Counter,Yes,Online,30.0,40,2024-12-13,12,0,0,0.99,803.45,2792.6,7.5,0,27.2,1167.14,1228.31,316979,Delayed,2
103089,AL17,Japan,full-service,2.0,Economy,Middle,0.97,Airport Counter,No,Card,37.0,1,2024-08-20,8,0,1,0.918,879.97,2960.6,8.7,0,51.3,1318.26,1398.11,315613,On-Time,4
103373,AL09,philippines,budget,2.0,Economy,Aisle,4.74,Travel Agent,Yes, Card ,24.0,23,2024-11-14,11,0,0,0.868,339.89,613.1,7.23,0,57.8,429.04,496.01,72223,On-Time,3
102081,AL10,Malaysia,full-service,4.0,Premium Economy,Middle,8.31,Travel Agent, No ,Online,44.0,79,2025-02-21,2,0,0,0.608,144.26,255.9,5.86,1,65.7,330.11,401.25,38978,On-Time,2
103939,AL13,Indonesia,full-service,2.0,Economy,Aisle,5.73,Airport Counter,No, Card ,41.0,5,2024-10-30,10,0,0,0.717,181.09,838.0,6.29,0,37.1,541.58,583.36,145111,On-Time,3
102803,AL18, Malaysia ,budget,5.0,First,Aisle,0.75,Website,Yes,Card,35.0,1,2025-04-06,4,1,0,0.943,377.2,1170.3,8.58,1,51.5,858.48,1013.79,138303,On-Time,4
104124,AL08,Malaysia,full-service,4.0,First,Aisle,8.5,Website,No,Online,30.0,2,2024-07-29,7,0,0,0.681,621.57,2058.9,7.56,0,48.8,1171.33,1272.91,319626,On-Time,3
100243,AL02, Malaysia ,budget,2.0,Economy,Aisle,2.24,Website,No,Card,44.0,67,2024-09-15,9,1,0,0.53,387.43,1004.8,5.55,0,50.6,582.62,632.64,79716,Cancelled,1
101338,AL16,Japan,budget,3.0,Premium Economy,Middle,4.13,Website,Yes,Online,43.0,51,2024-08-31,8,1,1,0.761,365.76,1325.2,,0,63.4,787.15,984.27,164795,Delayed,3
102027,AL13,Singapore,full-service,3.0,Economy,Middle,2.89,Mobile App,No,Cash,,54,2024-08-03,8,1,0,0.666,364.44,1216.1,8.01,0,63.7,702.18,790.14,79685,On-Time,4
101772,AL02,Malaysia,budget,4.0,Economy,Aisle,3.97,Mobile App,No, Online ,18.0,0,2024-03-10,3,1,0,0.851,1110.87,3535.4,8.44,1,77.1,1258.06,1321.57,209464,On-Time,3
102890,AL12,Philippines,premium,3.0,Economy,Aisle,7.52,Website,Yes,Card,27.0,21,2024-04-10,4,0,1,0.654,365.54,965.3,5.93,1,44.8,557.7,722.46,76955,Delayed,2
102662,AL03,Singapore,premium,,Economy,Aisle,1.76,Mobile App,No,Card,59.0,30,2024-04-08,4,0,0,0.892,141.32,550.8,7.57,1,58.4,467.08,497.13,78287,On-Time,4
100369,AL10,Vietnam,full-service,4.0,Business,Aisle,4.17,Walk-in, No ,Online,48.0,7,2025-01-07,1,0,1,0.778,228.45,344.8,6.15,0,36.1,541.79,608.1,81471,On-Time,3
100456,AL14,Indonesia,full-service,1.0,Economy,Middle,4.49,Mobile App, No ,Card,19.0,31,2024-06-27,6,0,0,0.672,209.67,337.4,8.57,0,44.5,361.69,431.54,30249,On-Time,4
103314,AL03,Philippines,premium,3.0,Economy,Middle,4.75,Mobile App,Yes, Online ,20.0,10,2024-03-28,3,0,0,0.632,580.43,2061.9,8.18,0,40.9,993.27,1025.55,175359,On-Time,3
100283,AL14,Vietnam,full-service,4.0,Economy,Aisle,8.89,Website,No,Online,25.0,40,2024-05-24,5,0,0,0.89,740.52,2529.8,6.29,1,88.5,1061.78,1145.0,246525,Delayed,2
103727,AL12,Australia,premium,5.0,Economy,Middle,6.97,Website,No,Card,34.0,96,2025-03-17,3,0,0,0.695,251.63,713.6,7.19,0,27.0,488.32,584.13,122517,Delayed,2
101991,AL18,Thailand,budget,3.0,First,Middle,3.54,Website,No,Cash,39.0,19,2024-10-04,10,0,0,0.702,553.35,1656.5,8.98,0,67.6,1136.93,1270.68,262970,Cancelled,4
102737,AL13,Japan,full-service,2.0,Business,Aisle,1.21,Website,Yes, Online ,58.0,50,2024-03-11,3,0,1,0.663,344.67,1097.7,8.11,1,63.2,641.03,734.03,64010,Delayed,3
101714,AL17, Thailand ,full-service,3.0,Economy,Window,3.98,Mobile App,Yes,Online,33.0,14,2024-04-03,4,0,0,0.939,448.18,1130.9,6.51,0,30.6,585.02,730.07,105846,Delayed,3
101644,AL17,malaysia,full-service,3.0,Premium Economy,Middle,1.61,Website,No,Card,21.0,9,2024-06-14,6,0,0,0.775,369.47,1138.4,6.38,0,77.6,817.41,916.39,181573,On-Time,3
102986,AL07,Vietnam,full-service,3.0,Economy,Aisle,1.66,Airport Counter,No,Card,38.0,21,2025-06-17,6,0,0,0.817,168.44,497.5,5.5,0,58.7,424.32,495.43,87375,On-Time,2
100314,AL10, Indonesia ,full-service,3.0,Business,Middle,6.97,Travel Agent, Yes ,Online,30.0,8,2024-03-04,3,0,0,0.99,633.9,1792.0,7.76,0,81.3,1082.13,1243.16,147419,On-Time,3
102152,AL09,Japan,budget,4.0,Economy,Aisle,2.41,Website, No ,Card,20.0,0,2024-12-31,12,0,0,0.837,285.34,790.7,6.4,1,67.5,516.35,689.54,95451,On-Time,3
100255,AL05, Singapore ,budget,,Economy,Middle,7.92,Mobile App,No, Online ,48.0,4,2025-05-05,5,0,1,0.73,418.41,1690.2,7.04,0,78.7,859.51,1026.19,186139,Delayed,4
102411,AL12, Indonesia ,premium,4.0,Economy,Aisle,3.16,Travel Agent,Yes, Online ,27.0,36,2024-01-19,1,0,0,0.86,1001.03,3306.4,8.19,0,56.7,1383.97,1413.76,292441,On-Time,4
103554,AL03,Singapore,premium,3.0,Premium Economy,Middle,3.36,Mobile App,Yes,Online,39.0,39,2025-05-28,5,0,0,0.69,,959.1,8.31,0,29.1,651.7,760.25,181065,On-Time,4
103812,AL14,Japan,full-service,3.0,Business,Aisle,1.86,Airport Counter, No ,Card,38.0,2,2025-01-02,1,0,0,0.644,384.8,1526.0,7.68,1,66.6,944.33,1079.97,196756,On-Time,5
103913,AL04, THAILAND ,full-service,3.0,Premium Economy,Middle,4.25,Walk-in,No,Online,,13,2025-06-02,6,0,0,0.775,904.0,3395.4,7.11,1,82.0,1290.69,1332.47,242895,Delayed,3
101930,AL07,Singapore,full-service,5.0,Economy,Window,1.13,Travel Agent,No,Card,36.0,53,2024-11-10,11,1,0,0.757,496.59,1763.4,8.17,1,91.0,735.14,801.85,120181,Delayed,3
102471,AL12,australia,premium,3.0,Premium Economy,Aisle,2.78,Travel Agent,Yes,Card,26.0,6,2025-05-24,5,1,1,0.858,150.21,583.8,7.16,1,21.2,535.85,598.7,70984,Delayed,2
100572,AL18,Japan,budget,4.0,Premium Economy,Aisle,1.45,Travel Agent,,Online,32.0,11,2024-06-30,6,1,1,0.664,223.65,585.7,5.97,1,51.1,483.56,622.5,57964,Delayed,2
100445,AL15,Thailand,budget,4.0,Premium Economy,Middle,5.42,Mobile App,No,Card,40.0,3,2024-06-20,6,0,0,0.733,469.89,1329.0,9.73,0,72.1,783.93,892.64,61548,Delayed,3
102765,AL09,Singapore,budget,,Economy,Middle,3.89,Airport Counter, No ,Online,36.0,6,2024-11-22,11,0,0,0.644,531.73,1457.6,6.76,0,69.0,678.34,721.38,77787,Delayed,2
104194,AL02,Japan,budget,5.0,Economy,Window,6.35,Website,No,Card,33.0,12,2024-11-08,11,0,0,0.716,627.07,1997.8,7.2,0,77.0,900.59,948.16,118580,On-Time,3
101555,AL07,Singapore,full-service,4.0,Economy,Aisle,3.02,Website,Yes,Card,62.0,32,2025-04-06,4,1,0,0.89,343.56,1145.7,8.22,0,32.2,648.96,680.99,39566,On-Time,3
103926,AL12,Indonesia,premium,3.0,Economy,Window,8.39,travel agent,No, Card ,34.0,42,2025-04-08,4,0,0,0.925,530.13,1741.1,7.18,0,31.7,838.28,881.31,60849,On-Time,3
103153,AL16,australia,budget,5.0,Economy,Window,0.75,website,Yes,Card,59.0,29,2024-04-13,4,1,0,0.739,316.79,1188.1,6.53,1,37.0,545.43,618.24,57611,Delayed,2
100883,AL12, Indonesia ,premium,5.0,Economy,Window,4.54,Mobile App, Yes ,Cash,55.0,15,2024-04-16,4,0,0,0.651,284.66,676.6,6.27,0,36.8,497.75,593.89,69846,Delayed,2
102195,AL02, Vietnam ,budget,3.0,First,Window,1.26,Website,No,Online,,86,2024-05-01,5,0,0,0.708,278.25,643.8,5.28,0,53.2,713.15,776.89,50617,On-Time,3
100609,AL06,Malaysia,premium,3.0,Business,Middle,2.54,Mobile App, Yes , Card ,18.0,11,2025-02-18,2,0,0,0.748,169.62,379.8,7.81,1,87.5,621.15,706.6,89432,On-Time,4
103360,AL09, INDONESIA ,budget,5.0,Economy,Window,1.26,Website, Yes ,Card,35.0,65,2024-03-11,3,0,0,0.865,277.81,890.2,8.84,0,68.3,561.55,639.64,59032,Delayed,2
101498,AL15,Singapore,budget,3.0,Economy,Window,2.86,Airport Counter,No,Online,21.0,53,2024-10-25,10,0,0,0.649,250.0,668.5,7.18,0,54.7,487.62,632.57,137645,On-Time,3
103657,AL06, MALAYSIA ,premium,4.0,Economy,Window,5.28,Website,No, Online ,34.0,61,2024-05-22,5,0,0,0.868,556.84,1386.6,6.91,1,15.5,614.58,736.59,110704,On-Time,3
103235,AL08,Philippines,full-service,3.0,Economy,Aisle,0.78,Mobile App,Yes,Online,37.0,22,2024-02-21,2,0,0,0.785,532.21,1820.7,7.32,0,43.2,851.76,944.16,130256,On-Time,3
102872,AL03, MALAYSIA ,premium,5.0,Economy,Middle,2.7,Mobile App,Yes,Online,35.0,5,2024-11-06,11,0,0,0.587,799.86,2685.1,7.99,0,49.5,1208.02,1308.17,171737,On-Time,4
100375,AL05,Japan,budget,1.0,premium economy,Middle,1.66,Travel Agent, No ,Online,34.0,38,2024-07-18,7,0,0,0.99,701.54,2053.5,8.8,1,49.4,817.03,1110.59,230017,On-Time,3
102805,AL13,Australia,full-service,5.0,Economy,Window,0.75,airport counter,No,Card,35.0,44,2025-03-13,3,0,0,0.849,512.44,1622.5,7.16,0,60.4,811.11,960.3,84385,On-Time,3
101617,AL11, Japan ,budget,4.0,Economy,Window,2.3,Website,, Cash ,61.0,52,2024-11-15,11,0,0,0.955,296.34,855.7,,1,42.3,504.61,566.45,44919,On-Time,4
100691,AL02,Malaysia,budget,3.0,Economy,Window,4.3,Travel Agent,No, Card ,23.0,38,2024-12-27,12,0,0,0.69,309.25,978.8,,0,95.5,610.6,725.7,135134,Delayed,1
102673,AL16,Malaysia,budget,2.0,Economy,Aisle,3.22,Website,Yes,Card,33.0,2,2025-05-13,5,0,0,0.871,303.06,1125.8,6.45,0,46.6,669.32,718.17,131423,On-Time,3
102656,AL17,Malaysia,full-service,3.0,Economy,Aisle,1.1,Website,Yes, Online ,46.0,17,2024-02-10,2,1,0,0.803,365.71,896.2,8.41,0,65.6,609.06,725.87,160554,On-Time,5
101470,AL17,Vietnam,full-service,4.0,Economy,Aisle,1.27,travel agent, Yes ,Online,28.0,44,2025-05-19,5,0,0,0.638,223.43,602.4,4.99,1,26.7,385.72,418.52,42669,On-Time,3
103590,AL14,Malaysia,full-service,2.0,Economy,Aisle,7.44,Website,No,Card,50.0,50,2025-01-03,1,0,0,0.99,307.73,1474.6,8.41,0,67.1,787.51,875.07,184683,Delayed,3
101533,AL18,Malaysia,budget,4.0,Business,Window,1.55,Mobile App,Yes,Card,54.0,1,2024-11-12,11,0,0,0.969,574.36,1726.5,6.74,0,53.3,1097.57,1147.36,226130,On-Time,5
101787,AL16,Philippines,budget,4.0,Economy,Middle,5.47,Walk-in, Yes , Card ,48.0,32,2024-10-14,10,0,0,0.822,,862.1,6.45,0,55.3,502.57,607.98,103257,Delayed,2
102733,AL18,Philippines,budget,4.0,Economy,Aisle,0.75,Mobile App,No, Cash ,,61,2024-06-16,6,1,0,0.884,315.05,967.3,7.27,0,76.9,548.91,641.77,99365,On-Time,4
104127,AL04, MALAYSIA ,full-service,2.0,economy,Aisle,3.36,Travel Agent,No,Card,41.0,17,2024-12-18,12,0,0,0.95,293.33,1100.1,7.61,0,70.3,619.24,802.75,190128,On-Time,4
101210,AL16,thailand,budget,2.0,Economy,Window,0.82,mobile app, No , Card ,18.0,0,2025-05-06,5,0,0,0.824,497.89,1665.8,7.71,0,71.2,5904.6748907241,1050.5,99863,On-Time,4
101995,AL04,Thailand,full-service,3.0,Economy,Window,0.75,Website,No,Card,39.0,31,2024-06-18,6,0,0,0.789,339.5,892.9,7.69,0,25.5,548.96,634.82,147037,Cancelled,1
103130,AL14,Malaysia,full-service,2.0,Economy,Aisle,4.36,Website,No,Card,49.0,20,2024-10-06,10,1,0,0.845,416.06,1403.8,6.65,0,66.8,796.87,830.01,201403,On-Time,3
102697,AL04,malaysia,full-service,3.0,Business,Aisle,4.19,travel agent,No,Cash,40.0,47,2024-08-12,8,0,0,0.911,440.56,1616.9,5.27,0,31.4,900.27,977.74,214846,On-Time,4
100136,AL14,japan,full-service,4.0,Premium Economy,Middle,3.53,Website, Yes ,Online,38.0,20,2024-02-19,2,0,0,0.831,349.33,1229.7,5.26,0,37.8,740.24,811.43,144393,On-Time,3
100546,AL02, Thailand ,budget,5.0,Economy,Aisle,9.81,Airport Counter, No ,Online,59.0,14,2024-04-10,4,0,1,0.99,467.41,1734.4,8.45,0,26.7,775.41,892.36,182070,Delayed,3
101915,AL11,indonesia,budget,5.0,Economy,Middle,4.65,Website,No,Cash,18.0,10,2025-02-22,2,1,0,0.856,1104.44,3505.7,6.22,1,44.3,1131.74,1273.24,90311,Delayed,2
102532,AL07,Australia,full-service,5.0,Economy,Middle,0.75,Mobile App,Yes,Online,44.0,35,2025-02-10,2,0,1,0.786,471.55,1485.6,5.84,0,34.7,698.44,741.74,144011,Delayed,3
101942,AL02,Japan,budget,3.0,Economy,Aisle,1.06,Mobile App,Yes,Card,18.0,87,2024-01-26,1,0,0,0.743,313.46,1115.5,5.61,1,98.2,516.43,634.16,104554,On-Time,3
101703,AL04, Indonesia ,full-service,2.0,Economy,Window,3.01,Website,No,Online,47.0,70,2024-12-07,12,1,0,0.823,1001.19,3379.4,7.71,1,24.4,1141.78,1249.06,154449,Delayed,3
101715,AL16,Thailand,budget,3.0,Economy,Aisle,2.67,Mobile App,No,Online,45.0,47,2025-04-04,4,0,0,0.667,424.11,1392.2,6.24,0,67.7,680.08,742.87,131857,On-Time,3
100190,AL15,Indonesia,budget,4.0,economy,Middle,1.09,Travel Agent,No, Online ,19.0,75,2024-01-04,1,0,1,0.798,421.84,1298.5,5.33,1,31.1,571.5,685.63,144312,On-Time,2
103784,AL03, MALAYSIA ,premium,4.0,Business,Window,3.88,Airport Counter,No,Card,49.0,21,2025-03-27,3,0,0,0.88,714.91,1783.4,8.07,1,29.0,793.13,963.94,64501,On-Time,5
103920,AL10,singapore,full-service,4.0,Economy,Middle,1.98,Walk-in,Yes,Online,19.0,53,2025-05-12,5,0,0,0.91,660.98,2126.9,8.83,0,73.0,1005.65,1112.51,111467,On-Time,3
104067,AL01,Philippines,full-service,3.0,Economy,Aisle,2.22,Website,No,Card,42.0,39,2024-05-13,5,0,0,0.638,484.94,1706.4,6.09,0,5.0,835.3,1043.33,171700,On-Time,3
102677,AL10, MALAYSIA ,full-service,3.0,business,Window,2.93,Mobile App,Yes,Card,33.0,31,2024-03-07,3,0,0,0.682,258.54,492.9,5.07,0,77.5,590.57,822.92,66533,On-Time,3
104021,AL10,Thailand,full-service,3.0,premium economy,Aisle,4.38,Walk-in,Yes,Card,24.0,35,2024-06-10,6,0,0,0.722,386.65,1337.2,10.0,1,53.9,710.61,832.17,73267,On-Time,3
100795,AL05,Philippines,budget,4.0,Economy,Aisle,7.75,Mobile App, No ,Card,26.0,42,2024-05-10,5,0,0,0.811,607.08,1993.3,7.52,0,54.4,911.9,1097.88,106628,Delayed,3
101700,AL10,Philippines,full-service,3.0,Economy,Middle,3.25,Travel Agent, No ,Card,39.0,0,2024-03-29,3,0,0,,187.29,614.0,7.76,0,70.3,552.11,584.17,62618,Delayed,4
101195,AL14,Indonesia,full-service,3.0,Premium Economy,Middle,2.57,Website,No,Cash,18.0,19,2024-07-04,7,0,0,0.72,336.48,784.1,4.85,1,20.6,528.36,609.44,102561,On-Time,2
104146,AL02,Thailand,budget,4.0,Economy,Window,7.98,Website,Yes,Card,33.0,27,2024-04-02,4,0,0,0.634,374.38,996.1,7.55,0,57.1,599.55,675.56,40268,Delayed,3
103833,AL13,Thailand,full-service,3.0,Business,Aisle,5.1,Travel Agent,No,Card,49.0,19,2024-11-05,11,0,0,0.87,466.22,1243.2,6.44,0,5.9,834.15,927.67,182140,On-Time,3
103092,AL10,Thailand,full-service,3.0,Economy,Middle,1.81,Walk-in,No,Online,30.0,4,2024-01-31,1,0,0,0.737,646.97,2026.3,7.85,0,47.1,910.38,1083.19,151501,On-Time,4
100125,AL12,singapore,premium,2.0,Premium Economy,Window,2.42,Mobile App,No,Online,63.0,27,2024-12-10,12,0,0,0.61,655.42,2181.3,9.24,0,54.0,1089.04,1252.34,225994,Delayed,4
102796,AL06,Singapore,premium,4.0,Economy,Middle,3.41,Website, No ,Card,31.0,4,2024-09-16,9,0,0,0.866,348.33,1221.7,5.82,0,73.9,732.86,962.38,252168,Delayed,3
103915,AL04, Malaysia ,full-service,3.0,Economy,Aisle,2.71,website,No,Card,30.0,9,2025-01-14,1,0,1,0.833,490.41,1539.8,7.25,0,36.9,794.26,829.35,205601,Delayed,3
102864,AL10,Singapore,full-service,4.0,Economy,Aisle,4.55,Website,Yes,Card,48.0,25,2024-12-25,12,0,0,0.675,239.83,691.7,7.41,0,52.5,478.86,638.75,160786,On-Time,3
102312,AL04,singapore,full-service,5.0,economy,Aisle,2.81,Mobile App, Yes ,Card,28.0,12,2024-08-31,8,1,0,0.959,141.59,531.3,9.0,0,68.0,471.53,494.07,83363,Delayed,3
102234,AL06,Philippines,premium,4.0,Premium Economy,Window,2.02,Website,No,Online,25.0,1,2024-05-12,5,1,0,0.99,579.14,1654.3,,0,77.8,967.97,1050.3,267433,Delayed,4
102785,AL15, AUSTRALIA ,budget,3.0,Premium Economy,Window,2.18,Airport Counter, No ,Card,32.0,84,2024-06-16,6,1,0,0.618,283.81,713.6,5.9,1,48.2,527.77,710.61,138690,On-Time,3
101693,AL02,Malaysia,budget,3.0,Premium Economy,Aisle,4.71,Website,No,Online,30.0,31,2025-03-15,3,1,0,0.875,650.37,1751.1,8.78,0,27.6,936.35,1151.66,149627,Delayed,3
103570,AL06,vietnam,premium,4.0,Economy,Window,2.75,Website,No,Online,50.0,33,2024-03-17,3,1,0,0.869,517.27,1688.1,7.3,0,76.2,916.18,997.5,251381,On-Time,1
101256,AL08,Thailand,full-service,3.0,Economy,Aisle,1.67,Airport Counter,No,Card,46.0,11,2025-01-19,1,1,0,0.638,281.09,1100.2,5.22,1,56.6,545.12,658.05,169123,On-Time,3
101732,AL02,Thailand,budget,4.0,Economy,Middle,1.45,Website,Yes,Online,39.0,59,2025-03-14,3,0,0,0.523,618.47,1799.9,6.51,1,11.5,690.19,788.33,89411,On-Time,2
103490,AL03, Thailand ,premium,4.0,Economy,Middle,4.6,Travel Agent,Yes, Online ,37.0,110,2024-10-31,10,0,1,0.801,378.19,1098.0,6.22,0,54.8,632.04,765.27,84419,Delayed,4
100699,AL13,Indonesia,full-service,5.0,Economy,Middle,2.66,Website,No,Online,30.0,2,2025-02-15,2,1,1,0.883,,1762.5,5.85,0,38.0,891.24,965.81,233563,Delayed,1
102998,AL02,Indonesia,budget,5.0,business,Aisle,1.85,Website, No ,Card,48.0,28,2024-06-21,6,0,0,0.886,583.68,1980.3,4.3,1,58.7,998.44,1160.14,115177,Delayed,3
101380,AL12,Thailand,premium,4.0,economy,Window,2.17,Website,No,Card,18.0,78,2025-06-17,6,0,0,0.852,635.0,1991.2,4.97,0,29.8,948.29,1034.01,224449,On-Time,3
101958,AL14,Philippines,full-service,3.0,Economy,Aisle,2.75,Airport Counter, No ,Card,39.0,54,2024-02-22,2,0,0,0.99,387.62,1262.1,7.49,0,54.8,648.64,737.76,170437,On-Time,4
102553,AL07,Singapore,full-service,5.0,Business,Window,6.15,Travel Agent,No,Online,39.0,9,2025-01-07,1,0,0,0.622,371.72,1253.3,8.71,0,54.7,923.36,1100.9,127788,On-Time,4
101634,AL14,Thailand,full-service,3.0,Business,Aisle,5.79,Mobile App, No ,Card,33.0,63,2024-06-02,6,1,0,0.76,452.94,1437.5,7.56,1,50.0,762.51,911.84,133837,On-Time,4
100134,AL02, Singapore ,budget,4.0,Economy,Middle,9.14,Travel Agent,Yes,Card,38.0,3,2024-09-07,9,1,1,0.716,227.44,747.6,8.24,0,34.6,518.56,596.06,119101,Delayed,2
101776,AL13, JAPAN ,full-service,3.0,Economy,Window,6.28,Walk-in,Yes,Card,41.0,38,2024-10-20,10,1,0,0.827,524.37,1299.9,,0,73.6,699.91,856.4,153383,On-Time,4
100392,AL01, Thailand ,full-service,3.0,Economy,Aisle,1.75,Travel Agent, Yes ,Cash,48.0,11,2024-02-07,2,0,1,0.788,1000.26,2973.7,,1,91.3,1080.73,1215.21,202343,On-Time,4
100140,AL13,Malaysia,full-service,2.0,Economy,Aisle,3.3,Mobile App,Yes,Card,35.0,48,2024-06-09,6,1,0,0.631,654.39,2038.2,5.87,0,20.0,866.79,1084.43,120668,Delayed,2
103177,AL18,Indonesia,budget,4.0,Economy,Window,2.78,Website,Yes, Card ,38.0,3,2024-08-05,8,0,0,0.763,267.34,713.6,,0,77.0,605.07,928.25,176294,On-Time,4
100507,AL04,thailand,full-service,5.0,Economy,Aisle,4.3,Mobile App, Yes , Online ,23.0,18,2024-09-03,9,0,0,0.805,862.59,2722.1,7.04,0,42.8,1106.15,1144.42,273998,On-Time,3
101423,AL10,Indonesia,full-service,4.0,economy,Window,2.02,Mobile App,Yes,Card,40.0,9,2025-03-02,3,1,0,0.737,358.45,914.3,7.66,0,68.5,611.14,705.26,74038,On-Time,4
100244,AL05,thailand,budget,4.0,Economy,Aisle,0.75,Travel Agent,No,Online,24.0,8,2025-05-15,5,0,0,0.959,558.21,1588.0,7.44,0,62.6,759.71,789.73,65497,On-Time,4
101962,AL06,singapore,premium,4.0,Economy,Aisle,2.16,website,No,Card,29.0,20,2025-03-23,3,1,0,0.638,457.95,1209.1,6.35,0,70.5,693.9,745.39,109645,On-Time,4
101661,AL03,Japan,premium,3.0,Economy,Aisle,4.58,Website,Yes,Online,40.0,20,2024-09-11,9,0,0,0.826,295.92,548.1,6.75,0,45.8,571.28,812.27,114173,On-Time,3
100985,AL02,Vietnam,budget,3.0,Economy,Aisle,3.24,Travel Agent,No,Online,35.0,115,2024-02-10,2,1,0,0.745,234.56,874.2,6.94,0,49.1,594.95,638.49,97507,Delayed,3
103768,AL01, SINGAPORE ,full-service,3.0,Premium Economy,Middle,6.27,website,, Cash ,18.0,57,2025-03-22,3,1,1,0.874,423.22,1198.7,7.27,0,25.0,763.24,878.97,104391,Delayed,2
102142,AL12, JAPAN ,premium,5.0,Business,Middle,4.59,Airport Counter,No,Online,39.0,18,2024-09-30,9,0,1,0.968,465.63,1515.6,7.57,0,62.3,1007.61,1181.07,273824,Delayed,3
100300,AL18,Malaysia,budget,3.0,Economy,Middle,1.75,Airport Counter,No,Online,23.0,12,2025-02-10,2,0,1,0.747,324.2,746.0,5.99,0,57.3,528.0,584.59,67466,On-Time,3
103530,AL08,thailand,full-service,3.0,Economy,Window,4.96,Airport Counter,No, Online ,36.0,3,2025-03-13,3,0,0,0.752,1119.01,3665.3,7.75,0,50.3,1468.76,1555.49,356108,Delayed,2
101603,AL05,Thailand,budget,3.0,Economy,Aisle,3.44,Airport Counter, No ,Card,32.0,65,2025-03-18,3,0,0,0.681,530.57,1710.3,4.96,0,44.8,731.27,781.71,108115,On-Time,3
101740,AL06,philippines,premium,3.0,Premium Economy,Aisle,3.39,Airport Counter,No,Card,50.0,7,2024-10-20,10,1,0,0.684,605.45,1687.3,9.7,0,49.2,972.0,1090.0,134053,On-Time,4
103320,AL02,Japan,budget,4.0,economy,Window,3.88,Website, No , Online ,39.0,19,2024-07-10,7,0,0,0.572,413.07,1417.1,8.59,1,79.8,725.81,866.0,143931,On-Time,4
102347,AL08, MALAYSIA ,full-service,5.0,Premium Economy,Window,2.21,Website,No, Online ,31.0,1,2025-02-02,2,1,1,0.76,637.49,1752.0,6.67,0,82.2,955.78,1289.64,222747,Delayed,2
103608,AL18, PHILIPPINES ,budget,2.0,Premium Economy,Middle,2.45,Website,Yes,Online,60.0,26,2024-11-11,11,0,1,0.963,295.16,792.7,7.2,1,42.6,526.09,580.22,57148,Delayed,3
102145,AL05,Vietnam,budget,1.0,Business,Aisle,0.75,Website,, Cash ,46.0,28,2024-03-08,3,0,0,0.55,378.68,1081.1,6.23,0,70.1,826.47,967.33,225504,Delayed,1
101389,AL15,Vietnam,budget,2.0,Economy,Aisle,3.93,airport counter,Yes,Card,60.0,21,2024-02-27,2,0,1,0.804,306.42,1002.4,9.11,1,77.1,600.92,653.88,92159,Delayed,4
100678,AL17,Indonesia,full-service,4.0,Premium Economy,Window,12.04,mobile app,No,Card,,50,2024-11-16,11,1,0,0.661,92.17,299.3,9.86,1,56.2,457.43,533.06,137411,Delayed,3
101905,AL05,australia,budget,2.0,business,Middle,1.98,Travel Agent,Yes,Online,67.0,24,2024-08-04,8,1,0,0.715,462.66,1114.8,7.36,0,68.7,876.35,972.63,178690,On-Time,5
102735,AL01,malaysia,full-service,4.0,Premium Economy,Aisle,1.75,Mobile App, No ,Online,39.0,74,2024-04-29,4,0,1,0.91,420.41,1402.1,9.96,0,64.7,866.67,1051.09,128173,On-Time,4
101379,AL15,Vietnam,budget,3.0,Business,Aisle,0.75,Mobile App,No,Card,51.0,19,2024-01-16,1,0,0,0.629,547.2,1493.9,,0,45.1,889.24,1083.32,225938,Delayed,3
102540,AL05,Indonesia,budget,4.0,Economy,Aisle,1.99,Website,Yes,Cash,30.0,34,2024-10-05,10,1,0,0.595,681.24,2337.0,6.48,0,43.9,1034.38,1254.57,260059,Delayed,1
102668,AL02,Singapore,budget,3.0,Economy,Aisle,13.98,Website, Yes ,Online,21.0,1,2024-07-31,7,0,0,0.7,579.13,1680.3,6.26,1,83.3,740.62,776.26,167783,Delayed,1
102467,AL02,Vietnam,budget,5.0,Economy,Window,5.16,Travel Agent,No,Card,18.0,7,2024-10-30,10,0,0,0.692,456.79,1211.7,8.81,0,39.9,694.38,763.87,139722,Delayed,3
103094,AL07,Japan,full-service,1.0,Economy,Aisle,5.43,Website,Yes,Card,32.0,14,2024-08-23,8,0,0,0.829,1361.73,4660.5,4.4,0,35.7,1748.17,1786.31,182623,On-Time,2
101493,AL17,Singapore,full-service,3.0,Economy,Aisle,2.36,Website,No,Card,43.0,38,2025-05-29,5,0,0,0.801,391.38,1462.5,8.55,0,16.9,682.55,786.45,168294,On-Time,4
100040,AL06,Thailand,premium,3.0,Economy,Middle,2.25,Mobile App,Yes, Card ,30.0,11,2024-02-28,2,0,0,0.984,425.2,1043.8,,1,84.3,627.41,674.23,141753,Delayed,2
101232,AL18, MALAYSIA ,budget,4.0,business,Aisle,1.58,Airport Counter,Yes,Card,42.0,3,2025-01-11,1,1,0,0.99,935.96,2728.7,7.49,0,68.8,1412.28,1679.51,343171,Delayed,3
101140,AL06,Indonesia,premium,4.0,Economy,Aisle,9.83,Airport Counter,No,Card,42.0,6,2024-06-12,6,0,0,0.74,585.91,1625.1,7.65,1,35.3,766.31,847.98,199296,On-Time,4
103479,AL18,Thailand,budget,4.0,Economy,Window,4.86,Travel Agent,Yes,Card,,28,2024-03-13,3,0,1,0.897,750.58,2424.3,7.27,0,57.9,1015.31,1179.74,87649,Delayed,2
102420,AL16,Malaysia,budget,4.0,Premium Economy,Middle,2.45,Website,No, Card ,28.0,4,2025-02-23,2,1,0,0.702,259.14,863.6,6.66,1,85.0,579.63,669.69,110456,Delayed,3
102474,AL04,Philippines,full-service,2.0,Economy,Window,3.96,Mobile App, Yes ,Card,22.0,48,2024-04-06,4,1,1,,620.36,2112.9,7.17,0,86.0,960.12,1082.87,208382,Delayed,3
104082,AL04,Thailand,full-service,4.0,Business,Middle,7.22,Website,No,Card,37.0,120,2024-10-13,10,1,0,0.829,647.63,1680.3,6.38,0,51.6,996.11,1087.67,152393,Delayed,3
100541,AL10,Singapore,full-service,3.0,Economy,Window,1.6,Walk-in,No,Online,32.0,45,2024-02-22,2,0,0,0.679,239.28,1026.8,5.64,0,47.3,615.99,633.4,73759,On-Time,3
102555,AL07, SINGAPORE ,full-service,2.0,Premium Economy,Aisle,4.05,Airport Counter,Yes,Online,18.0,22,2025-02-08,2,1,1,0.834,1026.92,3148.0,7.63,0,63.7,1417.49,1542.24,245994,On-Time,4
103244,AL02,Malaysia,budget,5.0,Economy,Aisle,2.15,Website,No,Online,36.0,5,2025-05-10,5,1,0,0.765,425.85,1496.0,7.94,0,56.5,793.88,930.97,130639,On-Time,3
104025,AL01,Philippines,full-service,3.0,Business,Middle,6.59,Mobile App,No,Card,42.0,5,2025-03-25,3,0,0,0.583,333.65,830.3,6.99,0,29.6,696.9,801.96,132544,On-Time,4
103839,AL11,Malaysia,budget,3.0,Premium Economy,Aisle,3.73,Airport Counter,No, Card ,34.0,24,2024-05-07,5,0,0,0.91,391.62,913.5,7.18,1,33.6,595.41,833.21,117414,Cancelled,2
100928,AL18,Thailand,budget,2.0,business,Window,6.2,Mobile App, No ,Online,48.0,60,2024-06-28,6,0,0,0.907,845.92,2829.7,10.0,1,54.0,1260.33,1342.02,141660,On-Time,4
100009,AL18,singapore,budget,5.0,Economy,Aisle,5.92,Airport Counter, Yes ,Card,59.0,12,2025-03-17,3,0,1,0.799,609.11,1709.1,6.76,0,58.8,837.39,884.92,171420,Delayed,3
100889,AL18,Malaysia,budget,2.0,Economy,Window,1.64,mobile app, No ,Card,25.0,4,2024-03-15,3,0,0,0.715,490.39,1562.6,8.91,0,35.0,743.12,788.25,145832,On-Time,4
103174,AL18,Australia,budget,3.0,Business,Middle,7.47,Walk-in, No ,Online,57.0,7,2024-07-01,7,0,0,0.732,299.95,688.1,5.68,0,39.5,645.91,818.92,77015,On-Time,4
103389,AL18,Thailand,budget,4.0,Business,Middle,1.99,Travel Agent,Yes,Card,36.0,3,2024-12-07,12,1,0,0.724,279.77,1155.8,6.65,0,87.5,903.2,1055.76,147923,Delayed,4
102995,AL05,Japan,budget,4.0,Economy,Aisle,0.82,Travel Agent,No,Online,55.0,9,2025-06-13,6,0,0,0.79,385.44,1136.9,7.5,0,100.0,652.4,740.39,51809,On-Time,4
103811,AL07,Malaysia,full-service,4.0,economy,Window,4.49,Mobile App,Yes,Card,42.0,15,2024-09-11,9,0,0,0.59,499.49,997.6,6.64,0,27.5,586.36,630.09,63106,On-Time,3
102898,AL15,Thailand,budget,3.0,First,Aisle,1.68,Mobile App,Yes,Online,27.0,1,2025-05-28,5,0,0,0.756,416.0,1410.9,8.26,0,58.7,1054.36,1169.67,222352,On-Time,5
100736,AL01, Vietnam ,full-service,4.0,Economy,Aisle,1.07,Mobile App,Yes,Online,23.0,53,2024-03-21,3,0,0,0.565,231.26,770.0,6.41,0,35.8,475.65,596.51,118599,On-Time,3
102756,AL13,Thailand,full-service,3.0,Premium Economy,Aisle,3.43,Mobile App,Yes,Card,,2,2024-09-09,9,0,0,0.551,845.43,2951.3,8.48,1,23.5,1114.7,1227.15,138892,Delayed,2
102388,AL07, THAILAND ,full-service,5.0,Economy,Middle,3.5,Website,Yes,Online,37.0,0,2025-05-02,5,0,0,0.811,482.13,985.3,4.88,0,38.2,636.73,665.74,118928,On-Time,3
100339,AL02,Malaysia,budget,,Business,Aisle,3.77,travel agent,No,Card,33.0,91,2024-11-21,11,0,0,0.717,629.96,2217.8,8.76,1,58.4,1102.77,1243.59,234560,On-Time,4
100315,AL01,Singapore,full-service,2.0,Economy,Middle,5.89,Website,Yes, Cash ,,8,2025-05-10,5,1,0,0.708,,1548.1,7.13,0,33.1,732.78,836.9,196235,Delayed,1
100461,AL07,Japan,full-service,4.0,Premium Economy,Aisle,5.4,Website, No ,Card,19.0,8,2024-10-11,10,0,0,0.708,464.05,1405.8,6.7,0,49.4,824.7,961.55,95591,Delayed,2
100897,AL12,philippines,premium,4.0,Economy,Middle,1.5,Mobile App,No,Card,,21,2025-03-04,3,0,0,0.935,1439.71,4636.2,5.48,1,44.9,1543.11,1683.08,236875,On-Time,3
102639,AL11,Japan,budget,4.0,premium economy,Window,5.46,Walk-in,Yes,Card,43.0,42,2024-03-12,3,0,0,0.759,1089.45,3702.6,8.9,1,54.9,1297.49,1427.0,320764,Delayed,3
100884,AL16,Singapore,budget,4.0,Economy,Window,4.18,Website,Yes, Online ,18.0,3,2024-07-12,7,0,0,0.624,113.84,474.0,4.33,0,43.3,441.48,543.59,88711,On-Time,3
101881,AL09,Malaysia,budget,3.0,Economy,Aisle,2.55,Mobile App,No,Card,,3,2024-09-13,9,0,0,0.704,505.0,1076.2,5.47,0,62.5,699.63,772.14,186923,Delayed,2
100178,AL14, PHILIPPINES ,full-service,3.0,Economy,Window,4.1,Website,Yes, Card ,25.0,18,2025-02-19,2,0,1,0.795,387.61,1314.1,8.36,0,34.4,735.53,823.84,206341,On-Time,3
101106,AL17, MALAYSIA ,full-service,4.0,Premium Economy,Aisle,2.3,Mobile App,No,Card,25.0,46,2024-08-18,8,1,0,0.606,468.0,1938.6,7.66,1,68.9,739.49,802.42,82706,On-Time,3
102835,AL18, JAPAN ,budget,3.0,First,Aisle,1.85,Website,Yes,Card,34.0,19,2024-12-15,12,1,1,0.836,523.4,1719.0,8.05,0,72.7,1105.1,1315.36,141789,Delayed,4
103289,AL15,Malaysia,budget,3.0,Economy,Window,5.2,Website, Yes ,Card,31.0,30,2025-01-28,1,0,0,0.775,288.72,943.6,9.59,0,47.1,555.57,600.22,37384,On-Time,5
100802,AL01,Japan,full-service,4.0,Economy,Middle,6.12,Mobile App,,Online,47.0,61,2025-02-21,2,0,0,0.537,685.05,1884.1,10.0,0,30.3,815.14,909.55,82764,Delayed,2
103255,AL09, INDONESIA ,budget,4.0,Premium Economy,Middle,7.84,mobile app,No,Card,45.0,24,2024-07-17,7,0,1,0.76,345.71,1345.8,8.07,0,87.1,804.45,918.75,121591,Cancelled,3
102975,AL10,Singapore,full-service,4.0,Economy,Middle,1.36,mobile app,No,Card,26.0,92,2024-11-30,11,1,0,0.536,398.54,1272.6,9.35,1,96.8,521.03,577.16,97348,Cancelled,3
100132,AL07,Indonesia,full-service,4.0,Economy,Aisle,1.36,website,No,Online,41.0,6,2025-05-27,5,0,0,0.958,99.89,253.5,,0,23.2,313.6,361.04,83838,On-Time,4
101489,AL01,singapore,full-service,3.0,Economy,Aisle,2.13,Travel Agent,No,Cash,34.0,16,2024-08-15,8,0,0,0.835,649.99,2067.4,8.59,1,69.0,831.51,878.55,87901,Delayed,4
100206,AL02,Singapore,budget,4.0,Economy,Aisle,2.28,Airport Counter,No, Card ,41.0,40,2025-03-14,3,0,0,0.586,437.74,1429.3,7.59,0,38.8,584.48,721.96,91952,On-Time,3
103962,AL14,Malaysia,full-service,3.0,premium economy,Window,3.66,Walk-in, No ,Online,43.0,45,2024-09-20,9,0,0,0.906,327.1,964.6,7.31,1,49.2,627.54,737.26,46130,On-Time,3
103317,AL14,malaysia,full-service,3.0,economy,Middle,3.88,travel agent, No ,Cash,,6,2024-04-18,4,0,0,0.554,655.85,2383.4,7.05,0,37.6,991.11,1125.13,258272,On-Time,4
101871,AL03,japan,premium,3.0,Premium Economy,Aisle,2.18,Airport Counter,No,Card,25.0,15,2024-01-13,1,1,0,0.81,677.45,2053.5,7.46,0,38.4,1028.36,1205.88,98190,On-Time,3
101770,AL01,Japan,full-service,3.0,Economy,Window,4.5,mobile app,No, Online ,31.0,36,2025-03-13,3,0,0,0.856,160.14,444.2,4.39,0,87.3,477.39,624.49,74361,Delayed,2
100939,AL05, MALAYSIA ,budget,2.0,Business,Window,2.76,Website, No ,Online,44.0,65,2024-01-03,1,0,0,0.805,,1285.1,7.6,1,26.0,699.75,881.98,131596,On-Time,4
100069,AL15,Indonesia,budget,3.0,Economy,Aisle,3.1,Travel Agent, No ,Card,49.0,15,2024-10-01,10,0,0,0.87,732.07,2350.2,8.72,0,42.1,1065.63,1106.73,142120,On-Time,3
103113,AL02,Australia,budget,4.0,Economy,Middle,3.78,Mobile App,No,Card,22.0,62,2024-06-15,6,1,0,0.812,100.25,547.9,7.26,0,44.6,393.42,701.72,112772,Delayed,2
102658,AL17,Thailand,full-service,2.0,economy,Aisle,4.74,Website,Yes,Online,47.0,53,2024-02-26,2,0,0,0.99,381.69,1143.8,6.04,0,7.1,621.0,670.14,46663,Delayed,1
100547,AL01,Vietnam,full-service,3.0,Economy,Middle,7.08,Walk-in, No , Card ,38.0,6,2024-12-25,12,0,0,0.99,249.83,590.3,6.52,0,12.0,421.63,445.15,26225,On-Time,3
103888,AL12,Philippines,premium,4.0,Economy,Middle,0.75,Website, No ,Card,18.0,19,2025-05-19,5,0,0,0.754,680.86,1960.4,10.0,0,59.7,847.47,941.02,209227,On-Time,3
101903,AL04,Malaysia,full-service,5.0,Premium Economy,Middle,6.88,Walk-in, Yes , Card ,38.0,19,2024-06-21,6,0,0,0.744,660.1,2199.1,7.06,0,18.6,1028.29,1092.55,232820,On-Time,3
100979,AL16, THAILAND ,budget,4.0,Economy,Aisle,2.08,Travel Agent,Yes,Card,41.0,13,2025-02-09,2,1,0,0.961,78.59,255.7,7.2,1,70.5,266.5,324.51,34111,Delayed,3
100592,AL10,japan,full-service,1.0,Premium Economy,Aisle,3.99,Walk-in,No,Cash,30.0,13,2025-05-19,5,0,1,0.742,408.93,1418.2,6.88,0,55.2,859.18,1087.28,123183,Cancelled,1
103916,AL14, Japan ,full-service,5.0,premium economy,Window,4.25,Mobile App, Yes ,Card,48.0,29,2024-07-21,7,1,0,0.88,1199.57,4421.1,6.86,1,67.3,1595.02,1697.43,278368,On-Time,4
100571,AL10, Thailand ,full-service,2.0,Premium Economy,Aisle,2.58,Website,No,Card,27.0,29,2024-12-28,12,1,0,0.775,643.73,2306.3,6.33,0,67.9,1146.02,1296.25,253344,Delayed,4
100118,AL08,Malaysia,full-service,3.0,Economy,Middle,9.92,Airport Counter,No,Card,31.0,28,2024-12-26,12,0,1,0.86,597.83,1742.7,7.37,0,40.4,863.41,1163.61,241771,Delayed,4
102755,AL03, Indonesia ,premium,4.0,Premium Economy,Window,2.38,Website,Yes,Cash,18.0,81,2024-04-04,4,0,0,0.764,291.67,838.0,7.93,0,71.4,694.48,873.46,103229,On-Time,4
101428,AL16,Thailand,budget,4.0,Economy,Window,1.44,Website,No,Online,28.0,22,2024-06-10,6,0,0,0.879,,378.5,8.32,1,49.3,414.21,456.18,59449,On-Time,4
100195,AL16,malaysia,budget,4.0,Premium Economy,Aisle,10.03,Website,No,Cash,,21,2024-05-06,5,0,0,0.936,300.61,860.4,8.99,0,28.2,613.66,959.65,173098,Delayed,3
103372,AL12,Singapore,premium,4.0,Economy,Window,2.16,Mobile App,Yes,Card,18.0,32,2024-04-14,4,1,0,0.919,180.99,323.7,6.49,0,75.0,418.73,460.79,83859,On-Time,5
104162,AL18,Vietnam,budget,3.0,First,Aisle,4.51,travel agent,Yes,Online,43.0,35,2024-09-17,9,0,0,0.584,347.32,765.0,9.41,0,49.7,803.63,985.36,94152,Delayed,3
100858,AL14, PHILIPPINES ,full-service,2.0,Economy,Window,2.2,website,Yes, Card ,40.0,32,2024-02-04,2,1,0,0.618,441.67,1547.4,7.87,0,49.5,676.92,815.41,103691,On-Time,4
101114,AL07, THAILAND ,full-service,3.0,Premium Economy,Window,3.75,Website,No,Online,18.0,33,2025-05-15,5,0,0,,556.77,1559.9,6.84,0,12.5,841.25,930.54,163563,On-Time,3
103944,AL09,Malaysia,budget,5.0,Economy,Window,1.36,Mobile App,No,Online,33.0,11,2025-01-08,1,0,0,0.741,169.05,494.9,7.74,0,59.7,441.63,557.6,91568,Cancelled,2
100868,AL09,Malaysia,budget,5.0,Economy,Middle,2.41,Website,Yes,Online,39.0,4,2024-05-07,5,0,0,0.818,207.58,1023.5,5.07,0,50.7,562.89,615.69,96257,Delayed,1
103954,AL14,Malaysia,full-service,3.0,Economy,Aisle,4.91,Mobile App,No,Online,28.0,18,2024-08-04,8,1,0,0.941,339.72,1192.6,8.82,0,45.2,666.0,754.74,47776,On-Time,5
100296,AL06,Thailand,premium,3.0,first,Window,3.99,Airport Counter,Yes,Cash,24.0,25,2025-03-20,3,0,0,0.855,807.17,2405.7,6.65,0,48.9,1394.0,1494.96,280527,On-Time,3
103381,AL16,singapore,budget,2.0,Economy,Window,8.91,Mobile App,No,Online,42.0,13,2024-07-07,7,1,0,0.686,126.53,425.7,7.98,0,48.4,360.97,495.91,101054,Cancelled,2
100276,AL03,Indonesia,premium,4.0,First,Aisle,4.86,Mobile App,No,Cash,,32,2024-10-23,10,0,0,0.509,167.43,412.4,9.23,0,97.5,610.91,737.58,49689,On-Time,4
104034,AL02,Singapore,budget,3.0,Economy,Window,2.13,Website,No,Card,50.0,23,2024-07-10,7,0,0,0.703,460.74,1268.4,7.3,0,61.0,660.73,715.84,131751,Delayed,2
103781,AL15,Malaysia,budget,5.0,Economy,Middle,5.26,Website,,Card,,54,2025-05-24,5,1,1,0.81,580.37,2184.8,8.46,1,52.9,892.47,941.12,239914,Delayed,3
102850,AL17,Malaysia,full-service,4.0,Economy,Aisle,11.56,Travel Agent,Yes, Card ,47.0,1,2024-10-20,10,1,0,0.759,746.43,2164.7,7.91,0,47.5,1005.08,1045.96,205425,Delayed,3
101000,AL17, Singapore ,full-service,5.0,Economy,Middle,1.33,Website, Yes ,Card,29.0,34,2024-01-31,1,0,0,0.559,492.77,1222.2,7.62,0,32.8,720.79,814.31,81446,On-Time,3
100561,AL15,Singapore,budget,3.0,Economy,Aisle,5.07,Travel Agent, No , Card ,48.0,14,2024-07-30,7,0,0,0.857,187.82,289.1,8.96,0,37.2,458.28,513.01,79538,On-Time,4
102837,AL04,Singapore,full-service,,Business,Aisle,1.94,Mobile App,Yes,Card,,23,2024-03-11,3,0,0,0.693,468.58,1497.7,7.26,0,86.9,962.41,1052.43,252703,On-Time,4
103259,AL15,Philippines,budget,3.0,Premium Economy,Aisle,3.8,Travel Agent,No, Card ,39.0,15,2024-05-10,5,0,0,,458.02,2090.2,7.2,0,49.7,1031.23,1109.34,70343,On-Time,3
101208,AL16,Thailand,budget,3.0,Premium Economy,Middle,3.12,walk-in,No,Online,27.0,15,2024-07-10,7,0,0,0.642,801.59,2413.3,4.23,0,50.4,1065.62,1168.13,254384,On-Time,4
101550,AL15,Singapore,budget,2.0,Economy,Middle,4.69,Website,No,Online,59.0,8,2024-05-18,5,1,0,0.573,461.64,1660.3,8.94,0,9.7,741.38,830.74,178869,On-Time,5
100188,AL13,Indonesia,full-service,4.0,Business,Middle,1.68,Mobile App,No,Online,39.0,39,2025-04-29,4,0,0,0.86,398.47,962.9,5.78,0,55.3,795.29,986.45,191605,On-Time,4
104007,AL02,Singapore,budget,3.0,economy,Aisle,1.11,Mobile App,Yes,Card,27.0,28,2024-04-19,4,0,0,0.72,655.79,1866.5,7.52,0,19.9,805.9,961.85,221223,On-Time,4
100193,AL04,Malaysia,full-service,3.0,Economy,Aisle,4.93,Mobile App,No,Online,25.0,210,2024-05-06,5,0,0,,479.82,1044.1,7.64,1,38.6,470.62,539.49,104205,On-Time,2
103904,AL10,malaysia,full-service,4.0,Premium Economy,Window,3.08,Mobile App,Yes,Online,,84,2024-08-25,8,1,0,0.801,617.5,1859.9,6.57,0,97.4,994.72,1066.97,129595,Delayed,3
102374,AL10,Japan,full-service,4.0,Economy,Middle,6.34,Website, No ,Online,39.0,5,2024-11-05,11,0,0,0.754,711.42,1950.2,7.08,1,16.3,736.35,883.41,115708,On-Time,3
100495,AL03, VIETNAM ,premium,4.0,Economy,Window,4.35,Mobile App,No,Card,18.0,126,2024-10-30,10,0,0,0.815,274.46,937.1,7.53,0,62.0,591.13,750.02,174223,On-Time,4
102447,AL06,philippines,premium,5.0,Economy,Window,9.68,Website,No,Cash,22.0,31,2025-01-22,1,0,0,0.709,317.3,823.1,,1,53.3,536.97,557.69,44349,On-Time,2
102592,AL12,vietnam,premium,4.0,Economy,Middle,5.23,Travel Agent,No,Card,27.0,2,2024-12-30,12,0,0,0.818,587.41,1454.5,7.83,0,43.8,764.6,1013.42,181918,On-Time,4
100580,AL05,thailand,budget,4.0,Economy,Middle,7.48,Website,No,Card,27.0,51,2024-03-21,3,0,0,0.664,435.33,1238.1,7.8,1,56.9,556.74,615.73,150927,Delayed,2
102450,AL05,Indonesia,budget,5.0,Economy,Middle,9.74,Website,No, Card ,23.0,3,2024-12-03,12,0,0,0.648,832.02,2400.7,8.44,0,67.3,1114.21,1212.9,90226,Delayed,2
104158,AL11,Malaysia,budget,3.0,Economy,Aisle,2.46,Website,Yes, Card ,41.0,3,2025-02-16,2,1,0,0.784,354.19,692.3,8.15,1,61.4,433.77,551.09,101339,Delayed,3
102635,AL16, Thailand ,budget,2.0,First,Aisle,2.88,Mobile App,No,Online,28.0,53,2024-01-24,1,0,0,0.718,483.28,1389.7,8.02,0,32.6,947.57,1048.6,163115,Delayed,4
103925,AL16,Japan,budget,3.0,Economy,Window,2.29,Mobile App,No,Online,37.0,21,2024-10-03,10,0,0,0.754,401.44,1226.4,6.31,1,42.4,511.02,659.82,44550,Delayed,1
100231,AL07, Malaysia ,full-service,4.0,Economy,Window,5.49,Travel Agent,Yes,Card,31.0,7,2024-12-18,12,0,0,0.836,859.21,2582.4,8.68,1,47.2,964.1,1049.25,127214,On-Time,3
103754,AL03,Malaysia,premium,4.0,Economy,Window,6.89,Mobile App,No, Card ,52.0,74,2024-07-30,7,0,0,0.838,805.41,2611.8,6.94,0,43.3,1109.02,1321.03,196548,Cancelled,2
102077,AL17,Thailand,full-service,2.0,Economy,Aisle,4.6,Website,No,Card,27.0,93,2024-10-10,10,0,0,0.806,737.02,2182.5,7.15,0,66.8,1050.06,1132.82,242359,On-Time,2
102006,AL14, Japan ,full-service,4.0,Business,Aisle,3.31,Travel Agent,No,Online,53.0,23,2025-05-21,5,0,0,0.831,525.3,1527.3,9.81,1,53.6,778.56,1125.89,216137,On-Time,5
101849,AL04,Malaysia,full-service,3.0,First,Aisle,2.75,Mobile App, No ,Card,23.0,30,2024-12-07,12,1,0,0.604,287.37,861.7,6.4,1,81.5,775.03,871.27,133464,On-Time,4
101559,AL03,Indonesia,premium,3.0,Premium Economy,Middle,1.79,Website,No,Cash,27.0,78,2024-05-14,5,0,0,0.822,563.92,1721.8,7.92,0,61.9,934.48,1117.44,87049,On-Time,5
100977,AL06,Malaysia,premium,4.0,First,Window,4.85,Travel Agent,Yes,Online,39.0,1,2025-04-19,4,1,0,0.632,250.79,1057.5,6.64,0,38.5,951.47,1274.47,330589,On-Time,3
104176,AL08,Malaysia,full-service,3.0,Business,Window,3.69,Website,No,Card,39.0,159,2025-04-13,4,1,0,0.84,172.49,599.8,9.38,0,74.4,713.46,786.26,76091,On-Time,5
103634,AL03,Vietnam,premium,,Premium Economy,Window,2.11,Website, No ,Online,,13,2025-03-14,3,0,0,0.844,368.53,1275.4,8.42,0,61.6,849.14,937.8,72342,On-Time,3
103334,AL18, Vietnam ,budget,4.0,economy,Middle,2.22,Travel Agent,No,Card,41.0,7,2025-03-21,3,0,0,0.739,230.0,427.3,7.97,0,62.1,425.71,459.2,101877,On-Time,3
104057,AL09, JAPAN ,budget,3.0,premium economy,Middle,7.74,Mobile App,Yes, Card ,42.0,12,2025-02-15,2,1,0,0.883,448.57,1730.9,5.97,0,31.1,886.62,1009.82,137983,Delayed,3
101803,AL10, AUSTRALIA ,full-service,3.0,Economy,Aisle,5.37,Airport Counter, No , Card ,18.0,74,2024-07-10,7,0,1,0.844,169.3,442.4,8.07,0,42.8,412.62,492.45,96405,Delayed,2
102082,AL10,Malaysia,full-service,4.0,economy,Middle,3.42,mobile app, Yes ,Card,23.0,16,2024-12-25,12,0,0,0.532,532.52,1879.4,6.48,0,50.6,892.3,992.16,147891,Delayed,2
102325,AL14, AUSTRALIA ,full-service,5.0,Economy,Middle,2.48,Website,Yes,Card,-5.0,39,2024-06-29,6,1,1,0.977,,209.2,6.14,1,61.3,333.45,447.87,93058,Delayed,2
103743,AL09,malaysia,budget,3.0,Economy,Aisle,4.82,Website,No,Card,18.0,49,2024-07-18,7,0,0,0.699,903.16,2680.9,8.08,0,27.1,1056.97,1122.46,192827,On-Time,4
100754,AL02,Malaysia,budget,5.0,economy,Window,4.74,Travel Agent, Yes , Card ,35.0,40,2024-05-05,5,1,1,0.771,259.07,436.8,,0,70.0,431.8,511.72,82528,Delayed,2
101218,AL12,Indonesia,premium,3.0,Economy,Aisle,4.0,Airport Counter,Yes,Cash,32.0,50,2024-10-13,10,1,0,0.891,348.42,892.8,6.86,0,28.8,554.68,624.03,92965,On-Time,3
100836,AL03,Thailand,premium,3.0,Premium Economy,Window,6.04,Website,Yes,Online,44.0,1,2024-03-19,3,0,0,0.613,617.21,1796.7,6.21,1,91.3,926.32,1018.4,112102,Delayed,3
102748,AL17, SINGAPORE ,full-service,5.0,Economy,Window,1.71,Travel Agent,Yes,Card,33.0,40,2024-09-16,9,0,0,0.8,474.89,1444.8,8.66,0,100.0,820.0,925.95,143661,Delayed,3
100971,AL10,Australia,full-service,4.0,Economy,Middle,5.21,Website,No,Cash,39.0,13,2024-09-25,9,0,0,0.826,744.76,2276.9,8.16,1,64.2,954.76,1020.52,89845,Delayed,2
100545,AL16, Singapore ,budget,4.0,Economy,Window,4.04,website,No, Card ,26.0,44,2025-05-29,5,0,0,0.689,315.39,942.6,7.64,0,47.4,573.63,681.01,78560,Cancelled,1
103744,AL02, PHILIPPINES ,budget,3.0,Premium Economy,Aisle,1.91,Website,No,Online,46.0,67,2024-11-26,11,0,0,0.726,216.38,685.6,9.41,0,60.8,574.05,695.22,81129,Cancelled,3
100361,AL04, JAPAN ,full-service,2.0,Economy,Window,2.2,Travel Agent, Yes ,Cash,36.0,8,2024-08-21,8,0,0,0.521,322.38,867.9,6.81,1,25.0,476.46,741.16,55712,On-Time,3
101589,AL18,Philippines,budget,4.0,Business,Aisle,3.48,Website,No,Card,60.0,63,2025-01-07,1,0,0,0.942,310.77,977.4,8.65,1,54.6,683.16,800.97,103766,Delayed,4
104013,AL09,Philippines,budget,2.0,Business,Aisle,0.88,Airport Counter,Yes, Online ,44.0,12,2025-02-24,2,0,0,0.47,430.68,1049.1,8.32,0,70.6,866.53,975.64,184571,On-Time,4
101523,AL16, Malaysia ,budget,3.0,Economy,Aisle,4.61,Mobile App,No,Card,29.0,40,2025-05-20,5,0,0,0.99,208.14,791.3,9.61,1,40.8,537.32,719.57,184875,Delayed,3
101450,AL03, Vietnam ,premium,1.0,First,Window,8.65,Website,Yes,Online,56.0,27,2024-04-22,4,0,1,0.716,967.75,2628.7,5.99,0,82.7,1446.49,1567.72,302011,Delayed,3
100200,AL12,Thailand,premium,3.0,Economy,Window,2.98,mobile app,Yes,Online,18.0,73,2025-03-24,3,0,0,0.667,154.86,251.2,6.19,1,47.6,268.65,336.78,33228,On-Time,4
102970,AL11,Japan,budget,4.0,Economy,Aisle,0.88,Mobile App,No,Cash,26.0,68,2025-03-30,3,1,0,0.508,530.9,1728.7,6.59,1,85.0,655.04,713.85,113688,Delayed,2
100268,AL10,japan,full-service,4.0,Economy,Aisle,4.47,Travel Agent, No ,Card,39.0,4,2024-08-21,8,0,0,0.787,356.43,1278.8,7.77,0,10.1,644.01,700.72,178146,On-Time,4
101387,AL13,Indonesia,full-service,3.0,Economy,Aisle,9.81,Website,No,Card,20.0,88,2025-02-16,2,1,0,0.828,603.54,1937.2,7.92,1,39.7,782.78,854.51,133447,Delayed,4
102559,AL03,Malaysia,premium,3.0,Premium Economy,Aisle,5.74,Website,No,Online,18.0,21,2025-03-11,3,0,0,0.948,489.58,1486.9,7.12,0,23.7,875.62,946.32,155089,Delayed,2
103060,AL04, THAILAND ,full-service,2.0,Economy,Middle,4.6,airport counter, No ,Online,27.0,61,2024-10-21,10,0,0,0.505,686.59,2301.4,5.93,0,69.0,1016.2,1118.62,196488,On-Time,2
103070,AL16, AUSTRALIA ,budget,3.0,Economy,Middle,6.84,Website,Yes,Online,28.0,5,2025-01-10,1,0,0,0.941,776.72,2714.5,5.52,1,76.3,1151.89,1240.45,160256,Delayed,2
103326,AL01,Japan,full-service,4.0,Business,Middle,2.73,Mobile App,No,Online,39.0,9,2024-01-20,1,1,0,0.778,169.37,396.3,8.59,1,50.7,494.22,704.28,180385,Delayed,4
100227,AL17,malaysia,full-service,3.0,Business,Window,1.96,walk-in,No,Online,130.0,27,2024-06-07,6,0,0,0.661,295.09,475.0,7.15,0,66.9,616.72,691.52,162550,On-Time,4
101260,AL05,Thailand,budget,5.0,economy,Window,2.14,Mobile App,No,Online,30.0,38,2024-10-21,10,0,0,0.944,,2045.3,8.35,0,90.1,943.63,1077.5,144263,Delayed,3
100643,AL17, Australia ,full-service,3.0,Economy,Aisle,9.68,Website,,Card,51.0,5,2025-06-01,6,1,0,0.839,153.13,603.7,5.91,0,74.9,459.65,497.09,92885,Delayed,2
103122,AL13,Malaysia,full-service,4.0,Economy,Middle,3.21,Website,No, Cash ,33.0,1,2025-06-18,6,0,0,0.795,1145.32,3780.2,7.91,1,58.8,1304.44,1445.52,319931,On-Time,3
103363,AL13, Malaysia ,full-service,2.0,Economy,Aisle,1.19,Mobile App,Yes,Card,55.0,63,2025-05-03,5,1,0,0.615,455.53,1441.5,6.84,0,59.4,692.21,735.96,81136,On-Time,4
101354,AL06,Indonesia,premium,2.0,Business,Aisle,6.14,Travel Agent, No ,Card,33.0,22,2025-05-12,5,0,0,0.638,452.16,1438.3,7.32,0,65.4,944.71,1015.29,130013,Delayed,2
103581,AL08, MALAYSIA ,full-service,4.0,Business,Window,2.16,Mobile App,Yes,Cash,28.0,10,2024-11-24,11,1,0,0.845,569.99,1696.4,5.92,0,49.4,1041.47,1248.33,304263,On-Time,3
101095,AL13,Indonesia,full-service,3.0,Economy,Aisle,3.57,Website,,Card,39.0,44,2025-05-05,5,0,0,0.888,298.57,865.9,8.79,0,47.9,564.92,822.91,144555,Delayed,2
101483,AL09,malaysia,budget,3.0,Premium Economy,Middle,2.15,Website, Yes , Online ,59.0,41,2025-02-14,2,0,0,0.795,977.1,2844.3,8.97,0,12.0,1257.38,1316.47,187647,Delayed,4
101010,AL05,Philippines,budget,2.0,Economy,Aisle,3.04,mobile app,No,Online,29.0,13,2024-11-30,11,1,0,0.705,553.94,1600.5,6.39,0,61.2,787.94,861.65,58113,Delayed,4
103856,AL08,Japan,full-service,3.0,economy,Aisle,7.84,Website,No, Online ,22.0,33,2024-05-25,5,1,0,0.834,435.65,1075.1,6.67,0,45.7,643.79,688.23,117379,Delayed,2
101334,AL16, Malaysia ,budget,4.0,Economy,Aisle,7.64,Travel Agent,No,Card,46.0,74,2025-03-04,3,0,0,0.914,225.59,540.1,7.66,1,8.4,302.76,370.92,71427,On-Time,4
102259,AL15, MALAYSIA ,budget,4.0,Economy,Middle,9.2,Travel Agent,Yes, Cash ,35.0,26,2024-10-16,10,0,0,0.877,211.28,692.8,6.78,0,41.9,428.18,471.7,88755,Delayed,3
101364,AL16,Vietnam,budget,4.0,Economy,Aisle,5.73,Mobile App,Yes,Online,25.0,31,2024-05-23,5,0,1,0.84,453.95,1634.1,6.65,0,47.4,762.33,971.12,175811,Delayed,2
102904,AL13, AUSTRALIA ,full-service,2.0,Economy,Window,4.39,Website, Yes ,Card,51.0,32,2024-01-29,1,0,0,0.727,519.07,1712.4,,0,74.4,848.54,1032.32,95687,Delayed,3
103462,AL03,philippines,premium,3.0,Economy,Middle,1.4,Travel Agent,Yes,Card,21.0,46,2025-04-06,4,1,0,0.903,336.64,915.5,6.27,1,55.1,457.62,631.87,99773,On-Time,3
102659,AL07,Malaysia,full-service,2.0,Business,Aisle,4.03,mobile app,No, Card ,33.0,7,2024-03-21,3,0,0,0.72,247.63,772.4,7.73,0,49.7,670.91,736.09,194291,On-Time,3
102391,AL07, Singapore ,full-service,3.0,Economy,Window,0.84,Travel Agent,No,Card,43.0,6,2024-06-27,6,0,0,0.679,706.67,2477.4,9.71,0,71.8,1082.48,1110.58,277574,On-Time,3
102072,AL06, Malaysia ,premium,4.0,premium economy,Window,3.63,Mobile App,No,Cash,41.0,1,2024-10-30,10,0,1,0.64,395.71,1367.1,4.86,0,48.4,875.01,960.01,221049,Delayed,2
100079,AL11,thailand,budget,3.0,Economy,Aisle,5.48,Airport Counter, Yes ,Card,45.0,4,2024-06-18,6,0,0,0.592,506.86,1583.2,7.77,0,16.1,713.31,774.32,129896,On-Time,2
100847,AL03,Indonesia,premium,3.0,Economy,Aisle,1.87,Travel Agent, No ,Card,60.0,36,2024-04-15,4,0,0,0.74,259.38,1030.6,7.59,0,52.0,605.2,646.17,42972,Delayed,3
103974,AL07,Indonesia,full-service,2.0,Business,Middle,0.75,Airport Counter,No,Cash,32.0,18,2025-05-08,5,0,0,0.692,279.82,745.0,7.27,1,40.8,595.92,747.16,92877,Delayed,3
101188,AL08, Malaysia ,full-service,2.0,First,Window,7.38,Website,No, Card ,33.0,9,2024-10-06,10,1,0,0.823,792.45,2727.1,,0,58.6,1420.96,1504.03,380776,On-Time,5
102551,AL06, SINGAPORE ,premium,2.0,Premium Economy,Middle,8.67,website,Yes,Card,39.0,48,2024-08-20,8,0,0,0.99,,1334.0,9.24,0,77.3,941.26,1163.26,253749,On-Time,4
103223,AL08,Malaysia,full-service,4.0,Business,Window,3.36,Walk-in,No,Cash,24.0,6,2024-11-27,11,0,0,0.792,300.0,776.6,6.18,1,67.4,697.64,820.16,197697,On-Time,5
103710,AL09, INDONESIA ,budget,2.0,Business,Aisle,4.06,Travel Agent,No,Online,36.0,14,2024-09-27,9,0,1,0.968,1093.93,3882.7,9.5,1,40.3,1473.47,1539.4,217990,Delayed,2
101335,AL07, Malaysia ,full-service,2.0,Economy,Middle,6.4,Mobile App,No,Online,52.0,3,2024-04-07,4,1,0,0.878,812.16,2829.8,6.7,0,73.0,1207.33,1320.1,91828,Delayed,3
101090,AL16,Malaysia,budget,3.0,Economy,Window,6.17,Airport Counter,Yes,Card,30.0,80,2025-03-25,3,0,0,0.726,445.95,1484.4,5.5,1,96.0,712.52,768.69,130689,Delayed,2
100935,AL08,Vietnam,full-service,4.0,economy,Middle,1.5,website,No,Online,29.0,34,2025-04-30,4,0,0,0.75,216.6,658.3,7.04,0,22.2,487.93,742.82,72214,On-Time,3
102888,AL08,vietnam,full-service,4.0,Premium Economy,Aisle,5.11,Mobile App,No,Online,55.0,5,2024-05-07,5,0,1,0.918,,787.4,8.87,0,70.2,641.63,803.53,106777,Delayed,2
103630,AL11,Japan,budget,,Premium Economy,Window,2.81,mobile app, Yes ,Online,44.0,51,2024-01-20,1,1,0,0.892,446.12,1208.7,6.72,0,57.2,739.45,835.99,62142,On-Time,3
103293,AL17,Vietnam,full-service,4.0,Premium Economy,Aisle,2.96,Mobile App,No,Online,47.0,59,2025-05-12,5,0,0,0.983,644.56,2251.8,4.47,0,71.2,1125.05,1235.36,92094,On-Time,4
102294,AL02,Vietnam,budget,3.0,Premium Economy,Aisle,5.08,Website,Yes,Card,64.0,24,2024-05-13,5,0,0,0.635,394.98,1257.6,8.38,1,45.8,678.2,732.68,59257,On-Time,3
103598,AL18,Vietnam,budget,4.0,Economy,Aisle,8.47,Mobile App,Yes,Online,48.0,29,2024-09-01,9,1,0,0.677,468.05,1002.7,10.0,0,23.1,543.76,672.96,169685,Delayed,4
103969,AL18,Singapore,budget,3.0,Business,Window,7.79,Website,No,Cash,46.0,13,2025-04-16,4,0,0,0.681,302.73,996.4,6.34,1,52.3,729.82,898.19,179795,On-Time,4
103663,AL14, Japan ,full-service,5.0,Economy,Aisle,2.8,Website,Yes,Online,31.0,71,2025-05-06,5,0,0,0.749,495.92,1611.4,6.69,0,95.5,790.17,873.2,116928,Delayed,2
100180,AL02,Malaysia,budget,3.0,Economy,Middle,4.2,Airport Counter, No , Cash ,56.0,18,2024-10-24,10,0,0,0.897,380.04,1076.9,5.3,0,46.0,613.42,643.36,115138,Delayed,2
103512,AL06,Thailand,premium,4.0,Premium Economy,Aisle,5.03,Website, Yes ,Card,61.0,27,2024-09-08,9,1,0,0.711,384.82,1536.0,4.07,1,27.8,713.05,790.14,113873,On-Time,2
101539,AL06,Thailand,premium,4.0,Economy,Aisle,1.33,Mobile App,No, Card ,38.0,60,2024-05-05,5,1,0,0.826,316.58,1083.5,5.74,0,79.8,689.99,752.65,181780,On-Time,3
100278,AL05, Singapore ,budget,4.0,Economy,Window,4.7,travel agent,No,Card,20.0,21,2024-05-07,5,0,0,0.838,1191.84,4352.9,10.0,1,30.4,1524.07,1662.77,385804,On-Time,5
101415,AL01,Malaysia,full-service,5.0,Economy,Window,3.87,Mobile App,No,Card,25.0,37,2025-06-22,6,1,0,0.827,249.28,649.6,10.0,1,63.1,444.9,487.71,117184,Delayed,4
102425,AL04,Thailand,full-service,4.0,Premium Economy,Window,9.07,Travel Agent,No,Online,,107,2024-01-04,1,0,0,0.675,412.17,902.2,7.01,0,7.9,648.19,772.27,93979,On-Time,4
102515,AL06,Singapore,premium,3.0,economy,Aisle,0.75,Website,No,Card,35.0,7,2024-05-19,5,1,0,0.72,463.01,1054.5,6.65,1,44.6,556.59,644.92,139075,On-Time,3
103930,AL15,Singapore,budget,4.0,Economy,Aisle,3.83,Website,No,Online,,18,2024-03-30,3,1,0,0.727,792.8,2713.9,7.33,1,39.6,1121.09,1446.57,184988,Delayed,2
100582,AL02,Philippines,budget,4.0,Economy,Window,2.5,Walk-in,No,Card,23.0,21,2024-02-17,2,1,0,0.609,329.19,1137.4,5.91,0,27.4,614.02,704.27,146219,Delayed,3
101291,AL02, MALAYSIA ,budget,4.0,Business,Window,6.3,Travel Agent,Yes, Online ,49.0,4,2024-06-06,6,0,0,0.882,241.81,931.7,5.42,0,42.2,839.37,974.61,109830,On-Time,4
103169,AL13,Indonesia,full-service,5.0,Economy,Middle,11.45,Walk-in,No, Online ,48.0,13,2024-08-22,8,0,0,0.723,180.04,390.7,6.88,1,59.8,392.39,457.98,26610,On-Time,4
102942,AL06,malaysia,premium,3.0,first,Middle,6.62,Website,Yes,Online,40.0,5,2024-07-29,7,0,0,0.781,569.62,1650.1,6.62,0,51.6,1119.33,1253.53,291118,On-Time,4
102003,AL09, VIETNAM ,budget,5.0,Economy,Aisle,2.85,Website,No,Online,26.0,9,2024-08-21,8,0,0,0.661,,1128.7,6.91,0,22.6,640.4,786.59,138563,On-Time,4
102974,AL07,Singapore,full-service,4.0,premium economy,Window,7.08,Walk-in,Yes,Card,34.0,10,2024-11-16,11,1,0,0.712,681.0,2117.7,7.39,0,52.1,1021.09,1130.84,127586,Delayed,3
100057,AL07,Indonesia,full-service,3.0,Economy,Aisle,6.68,Travel Agent,Yes, Online ,28.0,38,2024-09-27,9,0,0,0.656,231.05,932.6,8.25,0,34.7,534.74,620.09,87919,Delayed,4
103907,AL18,Australia,budget,4.0,Premium Economy,Window,5.38,mobile app,No,Online,24.0,12,2024-05-03,5,0,0,0.45,430.76,1268.3,9.12,1,85.8,741.45,825.06,202117,Delayed,4
102763,AL08,Indonesia,full-service,3.0,economy,Aisle,6.55,Airport Counter, No , Cash ,31.0,58,2024-07-12,7,0,0,0.938,274.28,749.5,8.96,0,5.0,471.94,556.48,43848,Delayed,3
103729,AL08, Malaysia ,full-service,3.0,Economy,Aisle,4.0,Website,No,Card,45.0,6,2024-02-04,2,1,1,0.617,886.39,2804.3,5.47,0,50.5,1175.31,1395.52,287690,Delayed,2
100738,AL16,Philippines,budget,3.0,Business,Window,3.96,Website,Yes,Online,44.0,2,2024-11-22,11,0,0,0.677,216.12,546.3,8.78,0,55.1,653.76,815.13,86850,On-Time,5
103538,AL18,Australia,budget,3.0,Premium Economy,Aisle,1.34,Mobile App,No,Online,45.0,6,2024-10-17,10,0,0,0.624,644.04,1770.6,6.69,0,37.5,898.89,1032.2,227666,Cancelled,1
102220,AL15,Thailand,budget,4.0,Economy,Aisle,3.38,travel agent,No,Cash,32.0,24,2024-04-14,4,1,0,0.894,440.64,1244.8,9.71,1,49.2,642.69,730.62,165796,On-Time,3
101023,AL06,Malaysia,premium,2.0,Economy,Middle,2.29,Website,No,Online,33.0,5,2024-12-09,12,0,0,0.691,689.3,2353.9,8.14,0,82.5,1113.44,1190.57,76030,On-Time,4
103507,AL14,Indonesia,full-service,3.0,Economy,Aisle,1.59,Website, No ,Online,21.0,19,2025-02-02,2,1,0,0.823,404.11,1765.3,7.15,1,54.2,805.1,835.02,145110,On-Time,3
101859,AL16,malaysia,budget,3.0,Economy,Middle,2.81,mobile app,No, Card ,40.0,52,2025-02-04,2,0,1,0.739,280.7,715.1,9.44,0,69.6,475.61,567.15,103283,Delayed,3
101297,AL15,Singapore,budget,3.0,Premium Economy,Aisle,3.39,Website,No,Online,45.0,51,2024-09-19,9,0,0,0.757,724.91,2492.6,6.81,1,46.3,1070.57,1148.89,236988,On-Time,3
100346,AL18,Singapore,budget,3.0,Economy,Aisle,3.42,Website, Yes ,Cash,49.0,36,2024-04-18,4,0,0,0.961,618.79,2018.6,3.89,0,34.0,938.31,1110.06,75918,Delayed,1
100502,AL10,Australia,full-service,2.0,Premium Economy,Window,3.55,Website, No ,Card,41.0,4,2024-01-17,1,0,0,0.722,1130.22,4160.4,7.75,1,38.8,1451.18,1494.52,355121,Delayed,3
103986,AL10,thailand,full-service,5.0,Business,Aisle,3.56,Travel Agent,No, Card ,51.0,9,2024-08-07,8,0,0,0.872,317.09,1527.6,7.18,0,41.7,1045.7,1184.31,224884,Delayed,2
100833,AL01, VIETNAM ,full-service,4.0,Premium Economy,Middle,6.23,Mobile App,Yes,Card,39.0,26,2024-03-23,3,1,0,0.709,308.3,707.6,8.51,0,54.4,522.64,616.54,144121,Delayed,4
101771,AL09,Singapore,budget,3.0,Economy,Window,2.45,Website,No,Online,53.0,8,2025-05-06,5,0,0,0.734,850.28,2287.1,8.48,0,31.7,985.31,1013.47,226417,Delayed,3
102650,AL05,malaysia,budget,3.0,Business,Window,3.04,Website, Yes ,Online,43.0,23,2024-01-11,1,0,0,0.801,817.79,2619.5,5.45,1,86.7,1084.91,1276.22,159806,On-Time,3
102074,AL06,indonesia,premium,2.0,Economy,Aisle,4.7,Website,Yes,Card,42.0,30,2024-09-24,9,0,0,0.879,528.26,1548.3,8.19,0,43.6,791.36,954.07,69634,Delayed,3
101179,AL03,Thailand,premium,4.0,economy,Aisle,6.81,Website,No,Online,32.0,0,2024-07-03,7,0,0,0.99,450.29,1007.0,8.52,0,64.4,661.5,697.74,94219,Delayed,3
103815,AL01,Singapore,full-service,5.0,Business,Middle,6.0,Mobile App, No ,Card,18.0,24,2025-01-23,1,0,0,0.565,666.16,1973.0,6.64,1,45.8,953.9,1068.69,247559,Delayed,2
102858,AL05,Thailand,budget,3.0,Economy,Window,3.72,travel agent,Yes,Online,59.0,23,2024-07-29,7,0,0,0.704,908.37,2540.8,8.71,0,68.4,1106.6,1216.67,160742,On-Time,4
101584,AL05,Indonesia,budget,4.0,Business,Aisle,3.72,Mobile App,Yes,Card,29.0,50,2025-04-05,4,1,0,0.612,285.7,1028.4,8.35,0,53.5,768.41,930.03,185123,Cancelled,3
101002,AL08, MALAYSIA ,full-service,4.0,Economy,Window,2.48,Airport Counter,Yes,Card,36.0,3,2024-12-14,12,1,0,0.895,772.39,2660.4,8.14,0,67.1,1176.5,1477.63,308476,Delayed,4
101008,AL13, Indonesia ,full-service,3.0,first,Aisle,5.68,Mobile App,Yes,Online,,1,2024-01-25,1,0,0,0.867,450.84,1232.9,7.64,0,43.1,1001.65,1122.19,244761,On-Time,5
101847,AL16,malaysia,budget,4.0,Premium Economy,Aisle,2.28,Website,Yes,Card,27.0,124,2024-02-28,2,0,0,0.864,344.61,1155.8,6.55,0,26.2,757.19,802.55,131506,On-Time,3
100565,AL15,Indonesia,budget,3.0,Premium Economy,Window,0.75,website,Yes,Card,38.0,3,2025-03-16,3,1,1,0.643,183.05,759.3,7.52,0,27.2,585.84,704.22,96260,On-Time,4
100263,AL01,Singapore,full-service,3.0,Economy,Middle,2.12,mobile app,No, Card ,31.0,20,2024-02-09,2,0,0,0.719,393.92,954.1,7.59,0,58.5,482.38,596.36,138958,On-Time,4
101799,AL03,Indonesia,premium,4.0,Economy,Window,0.8,Mobile App,No,Card,41.0,39,2024-05-27,5,0,0,0.854,722.0,2068.4,6.72,0,64.8,1005.32,1131.99,229861,Delayed,3
100381,AL03,thailand,premium,4.0,Economy,Aisle,4.0,Website,,Card,29.0,61,2025-03-23,3,1,0,0.571,236.0,377.7,8.41,0,64.2,377.4,420.48,100162,On-Time,3
103621,AL17, THAILAND ,full-service,3.0,Premium Economy,Middle,3.1,Website, Yes ,Card,32.0,38,2024-04-06,4,1,0,0.755,693.13,2255.6,7.73,0,91.8,1194.38,1254.36,310662,Cancelled,1
103842,AL04,Malaysia,full-service,3.0,Economy,Middle,1.47,Website, No ,Card,37.0,2,2024-12-19,12,0,0,0.801,879.65,2785.0,8.51,0,71.3,1205.09,1344.33,149957,Delayed,3
103217,AL07,Vietnam,full-service,4.0,economy,Aisle,1.89,Travel Agent,No,Card,48.0,23,2024-08-12,8,0,0,0.722,256.99,719.9,6.36,1,81.2,498.22,567.83,69642,Delayed,3
102129,AL17,Malaysia,full-service,,Premium Economy,Aisle,2.52,mobile app, No ,Online,21.0,4,2024-06-21,6,0,0,0.707,614.12,2095.9,,0,40.7,1103.27,1185.4,270065,On-Time,3
101102,AL14, SINGAPORE ,full-service,4.0,economy,Window,1.06,Travel Agent,No,Card,,1,2024-11-03,11,1,0,0.99,653.18,1896.8,8.1,0,85.8,985.3,1134.16,204716,On-Time,4
103125,AL17, SINGAPORE ,full-service,2.0,Economy,Middle,3.28,Website,Yes,Card,18.0,18,2024-01-06,1,1,0,0.77,317.66,1300.1,6.72,1,32.5,592.75,666.16,66083,Delayed,3
101696,AL13,Thailand,full-service,4.0,Economy,Window,3.35,Mobile App,Yes,Card,18.0,9,2025-01-23,1,0,0,0.775,171.93,560.1,8.87,0,23.1,453.42,487.32,113957,On-Time,4
102686,AL03, VIETNAM ,premium,3.0,Economy,Aisle,3.22,Mobile App, Yes ,Online,19.0,47,2024-05-19,5,1,0,0.804,642.56,1525.1,9.07,0,26.2,809.99,849.75,215494,On-Time,4
103746,AL02,Philippines,budget,4.0,Economy,Middle,2.24,Website,No,Card,25.0,22,2024-12-16,12,0,0,0.718,377.71,1319.5,8.76,0,66.9,4871.742410436944,849.38,80871,On-Time,4
101690,AL18,Japan,budget,4.0,business,Middle,3.26,Travel Agent, No ,Card,34.0,59,2025-01-25,1,1,0,0.565,287.49,1074.0,8.21,1,30.8,693.15,808.87,203766,On-Time,4
101358,AL04, Vietnam ,full-service,4.0,Economy,Window,2.8,Website,Yes,Cash,50.0,33,2025-01-24,1,0,0,0.883,271.77,487.1,7.67,0,48.9,438.9,486.46,86423,On-Time,3
104169,AL15, JAPAN ,budget,4.0,Economy,Middle,3.42,Mobile App, Yes ,Card,27.0,34,2024-02-16,2,0,0,0.865,955.15,3207.8,9.06,1,37.2,1035.0,1137.94,154211,On-Time,4
102646,AL08,Thailand,full-service,1.0,Economy,Aisle,1.73,Walk-in,No,Card,45.0,26,2024-10-10,10,0,0,0.751,408.97,1731.8,5.72,1,69.4,754.55,887.77,128338,On-Time,3
100032,AL02,Philippines,budget,3.0,Premium Economy,Window,3.05,walk-in, No ,Card,40.0,74,2025-02-02,2,1,0,0.62,561.44,1772.8,7.04,1,65.1,782.36,842.76,170011,Delayed,3
101947,AL14,Vietnam,full-service,4.0,First,Window,3.87,website,No,Card,48.0,11,2024-08-10,8,1,0,0.858,154.5,479.2,8.51,0,73.9,740.77,915.42,63918,On-Time,4
102959,AL12,Malaysia,premium,4.0,Economy,Window,3.24,Travel Agent, No ,Online,51.0,44,2024-09-19,9,0,0,0.717,452.86,1534.1,7.24,1,68.0,656.47,1085.47,277010,On-Time,4
102230,AL13,Thailand,full-service,3.0,Premium Economy,Middle,5.83,Mobile App, Yes ,Card,32.0,32,2024-12-06,12,0,1,0.706,168.64,504.5,,0,60.3,471.58,656.57,155547,Delayed,3
100240,AL09, JAPAN ,budget,2.0,Business,Window,1.94,Mobile App,Yes,Card,47.0,3,2025-06-27,6,0,0,0.846,1018.86,3242.4,7.57,0,45.2,1569.73,1640.66,168181,Delayed,3
101263,AL01,Australia,full-service,3.0,Business,Window,1.03,Travel Agent,Yes, Card ,18.0,3,2025-03-17,3,0,0,0.831,485.82,1883.6,9.69,0,63.0,1145.11,1234.66,179701,On-Time,4
102561,AL14,Australia,full-service,3.0,Economy,Window,1.72,Mobile App,Yes,Card,47.0,36,2024-08-11,8,1,0,0.744,453.22,1643.7,7.61,0,48.7,784.13,811.14,198715,On-Time,3
102716,AL11,Singapore,budget,5.0,Economy,Aisle,3.24,Mobile App,Yes,Card,31.0,29,2025-02-08,2,1,0,0.694,451.19,1419.5,9.43,1,32.3,594.14,667.98,94466,Delayed,3
102687,AL07,Philippines,full-service,4.0,Premium Economy,Middle,3.44,Mobile App,Yes, Cash ,32.0,89,2024-11-04,11,0,0,0.656,547.06,1770.9,8.41,0,8.4,841.3,962.55,224408,Delayed,4
101763,AL10, AUSTRALIA ,full-service,2.0,Economy,Aisle,4.56,Mobile App,Yes,Online,38.0,41,2024-04-09,4,0,0,0.7,525.52,1709.3,6.03,0,33.8,847.95,914.38,62737,Delayed,3
100393,AL13,Thailand,full-service,5.0,Business,Window,5.38,mobile app, No ,Online,38.0,2,2024-01-11,1,0,0,0.592,329.78,1192.9,8.9,0,51.6,854.06,1196.96,122390,Cancelled,1
102296,AL05,Singapore,budget,4.0,Economy,Aisle,2.52,website,Yes,Online,26.0,7,2024-10-17,10,0,0,0.798,446.36,1351.2,9.63,0,63.6,710.0,741.99,113484,On-Time,3
103927,AL07, THAILAND ,full-service,3.0,Premium Economy,Window,2.76,Walk-in,No,Card,,15,2025-02-06,2,0,0,0.673,564.49,1835.3,7.02,0,32.8,906.19,955.7,224287,On-Time,3
101414,AL06,Thailand,premium,4.0,Economy,Aisle,5.01,Mobile App,Yes, Cash ,34.0,10,2024-06-10,6,0,0,0.757,530.63,1689.4,7.38,0,40.0,847.42,902.31,99572,On-Time,3
100280,AL14,malaysia,full-service,3.0,Economy,Middle,6.44,Mobile App, Yes , Card ,25.0,32,2024-06-25,6,0,0,0.91,146.66,429.3,6.67,0,23.9,390.17,464.27,118158,On-Time,3
100217,AL06,Philippines,premium,2.0,Economy,Middle,5.56,Travel Agent,Yes,Online,18.0,26,2025-06-14,6,1,0,0.892,255.43,824.9,6.29,0,56.2,604.04,862.15,95248,On-Time,4
102584,AL16,Singapore,budget,3.0,Premium Economy,Window,3.38,Travel Agent,Yes,Card,54.0,81,2025-02-21,2,0,0,0.832,1314.36,4256.2,8.01,0,97.6,1727.42,1793.84,264400,Delayed,2
100983,AL03,Malaysia,premium,3.0,premium economy,Middle,7.5,Mobile App,No, Card ,31.0,26,2025-06-01,6,1,0,0.781,868.66,2692.6,6.98,1,78.6,1119.12,1245.35,153882,Delayed,3
100189,AL06,Thailand,premium,5.0,Economy,Middle,0.84,Mobile App,Yes,Card,18.0,48,2024-03-29,3,0,0,0.8,251.92,533.4,5.88,0,46.5,492.77,657.36,91550,On-Time,3
103199,AL11,Australia,budget,5.0,Economy,Middle,2.64,Airport Counter,No,Card,48.0,20,2024-06-25,6,0,0,0.863,790.93,2697.9,8.6,0,37.0,1089.18,1208.5,203080,On-Time,4
100553,AL16,Thailand,budget,5.0,Economy,Aisle,6.42,Website, Yes ,Online,,4,2024-05-10,5,0,0,0.712,258.17,1212.5,,0,5.4,608.33,655.86,161579,On-Time,3
103351,AL14,Malaysia,full-service,2.0,Business,Middle,0.75,Website,No,Card,44.0,92,2024-09-09,9,0,0,0.78,714.56,2064.2,6.74,0,30.3,1125.58,1201.71,231304,On-Time,4
102073,AL06,Philippines,premium,3.0,Economy,Window,3.05,Travel Agent,Yes,Online,41.0,8,2024-08-29,8,0,0,0.961,294.84,878.0,5.94,0,37.5,582.47,657.57,106516,On-Time,4
101495,AL01, AUSTRALIA ,full-service,3.0,Economy,Aisle,9.51,Mobile App,No,Card,29.0,18,2024-11-14,11,0,0,0.99,427.29,1521.4,6.9,1,67.2,697.75,742.34,44596,On-Time,4
101128,AL10, Singapore ,full-service,3.0,premium economy,Middle,5.94,Travel Agent,No,Online,32.0,29,2024-08-10,8,1,0,0.99,308.08,856.0,8.22,1,86.2,662.29,738.58,113291,Delayed,3
103463,AL09,Thailand,budget,4.0,Economy,Middle,3.76,Mobile App,,Card,30.0,12,2025-01-29,1,0,0,0.616,520.49,1744.9,4.79,0,12.8,771.5,843.23,64589,Cancelled,1
103776,AL13, MALAYSIA ,full-service,,Business,Middle,4.09,Mobile App,No,Card,,33,2025-06-13,6,0,0,0.674,410.23,1229.4,7.75,1,74.5,814.5,980.16,253041,On-Time,4
103891,AL03,australia,premium,4.0,Economy,Middle,4.59,Mobile App,Yes,Card,52.0,14,2024-11-28,11,0,0,0.824,808.0,2827.5,8.33,0,46.0,1197.45,1287.71,129273,Delayed,2
102305,AL08,Singapore,full-service,3.0,Premium Economy,Window,6.22,Travel Agent, Yes ,Online,,21,2024-02-13,2,0,0,0.723,208.59,440.3,7.43,0,58.2,506.54,593.48,115042,Delayed,4
103921,AL14,thailand,full-service,3.0,Economy,Window,2.31,Mobile App,Yes,Cash,30.0,28,2024-09-13,9,0,1,0.824,257.93,971.7,8.11,0,63.7,588.44,676.21,47419,On-Time,5
100739,AL18, Thailand ,budget,5.0,Economy,Middle,2.54,Mobile App,No,Card,58.0,1,2024-06-13,6,0,0,0.599,296.48,821.2,7.42,0,80.0,548.16,683.46,92008,Delayed,3
101398,AL06,Indonesia,premium,5.0,Economy,Window,4.92,Mobile App,No, Cash ,29.0,12,2024-06-08,6,1,0,0.874,415.8,1179.6,7.4,0,33.7,747.67,852.05,191835,Delayed,3
101940,AL17, THAILAND ,full-service,3.0,Premium Economy,Middle,3.83,Airport Counter, No ,Online,40.0,15,2025-02-03,2,0,0,0.801,226.75,486.8,5.68,0,57.7,486.7,645.35,103568,Delayed,1
101425,AL06, SINGAPORE ,premium,3.0,Business,Window,4.1,Travel Agent, No , Online ,32.0,6,2025-03-30,3,1,0,0.771,274.44,662.6,8.02,0,5.0,689.2,745.42,82437,Delayed,2
100666,AL04, Malaysia ,full-service,5.0,Economy,Aisle,3.09,Website,No,Online,21.0,20,2024-07-09,7,0,0,0.756,,2399.0,7.07,0,50.6,1006.77,1254.21,289617,On-Time,3
103795,AL04, SINGAPORE ,full-service,5.0,Business,Window,4.65,Website,No, Online ,35.0,18,2024-06-30,6,1,0,0.765,352.07,935.4,8.39,0,47.9,777.3,929.52,177151,On-Time,4
100631,AL16,malaysia,budget,4.0,business,Window,5.02,Website, Yes ,Card,52.0,17,2025-03-13,3,0,0,0.75,607.14,2238.2,7.3,0,59.8,1170.59,1240.87,118840,Cancelled,2
101682,AL08,Malaysia,full-service,,Economy,Window,4.75,Airport Counter, No ,Online,39.0,57,2024-03-27,3,0,1,0.665,145.7,527.5,6.43,0,50.3,420.25,545.63,80153,On-Time,2
101343,AL10,Vietnam,full-service,3.0,First,Aisle,1.66,mobile app,Yes,Online,35.0,18,2024-10-30,10,0,0,0.798,321.44,1097.1,9.47,0,32.4,893.03,1112.22,211692,On-Time,4
102402,AL16,Malaysia,budget,2.0,Premium Economy,Aisle,2.47,Mobile App,No,Online,27.0,17,2024-07-01,7,0,0,0.696,107.1,614.5,8.15,1,58.0,384.8,509.09,100391,On-Time,5
100012,AL13,malaysia,full-service,4.0,Economy,Window,6.54,Mobile App,No,Card,50.0,37,2025-03-26,3,0,0,0.929,678.01,2457.0,6.83,0,32.7,1099.01,1209.0,166995,On-Time,4
100485,AL03,vietnam,premium,4.0,economy,Window,2.09,Travel Agent,Yes, Online ,31.0,11,2024-03-11,3,0,0,0.667,450.37,1349.9,10.0,0,46.7,694.45,815.35,187195,Delayed,3
101261,AL13, JAPAN ,full-service,3.0,Economy,Window,1.29,Mobile App,No,Online,60.0,19,2024-08-09,8,0,0,0.984,333.2,712.4,9.66,1,54.2,431.83,478.01,58624,Delayed,3
102621,AL05,Indonesia,budget,4.0,Business,Window,8.22,Walk-in,No,Online,27.0,6,2024-01-09,1,0,0,0.775,356.09,913.8,8.62,0,61.4,733.45,822.4,124645,Delayed,3
101276,AL15,vietnam,budget,3.0,economy,Middle,1.49,Website, No ,Online,22.0,10,2024-01-21,1,1,0,0.592,879.84,2992.4,5.78,1,5.0,1024.51,1190.84,230993,Delayed,3
102804,AL08, SINGAPORE ,full-service,4.0,Business,Window,4.39,Mobile App,No,Online,48.0,25,2024-08-08,8,0,0,0.778,319.99,1482.6,7.86,0,70.1,926.42,997.75,249573,Delayed,3
101675,AL09, Malaysia ,budget,3.0,business,Window,4.97,Website,Yes,Online,,13,2025-06-18,6,0,0,0.64,649.68,2102.2,9.3,1,71.2,999.75,1152.12,168072,Delayed,5
102552,AL18,Malaysia,budget,3.0,Economy,Window,2.42,Travel Agent,No,Card,22.0,24,2024-07-09,7,0,0,0.826,698.6,1973.8,8.14,0,53.3,841.35,884.28,221741,Delayed,3
104154,AL08,indonesia,full-service,4.0,Premium Economy,Window,3.22,website,No,Card,40.0,33,2024-09-10,9,0,0,0.805,351.67,1108.5,8.23,0,64.0,783.92,842.62,88906,Delayed,4
104134,AL07,Thailand,full-service,3.0,Premium Economy,Middle,9.51,Airport Counter,Yes, Card ,29.0,21,2024-10-10,10,0,0,0.809,667.6,2017.8,6.93,1,93.9,989.93,1093.87,107369,Delayed,3
103227,AL16,Malaysia,budget,4.0,Economy,Middle,3.86,Website,,Card,46.0,16,2024-11-02,11,1,0,0.934,332.94,1019.9,5.96,0,34.4,607.45,698.97,124673,Delayed,2
102510,AL15, MALAYSIA ,budget,2.0,Economy,Window,5.53,Website, No , Card ,33.0,0,2024-02-02,2,0,0,0.827,686.3,1970.7,8.65,0,36.4,907.88,1010.95,197500,On-Time,5
102777,AL18, THAILAND ,budget,2.0,Economy,Aisle,2.32,walk-in,No,Card,34.0,72,2025-04-01,4,0,0,0.861,325.57,1146.2,6.78,0,69.0,619.86,753.36,132457,Delayed,3
101659,AL13,Malaysia,full-service,3.0,Business,Window,3.24,Mobile App,Yes,Online,23.0,52,2024-10-01,10,0,0,0.89,140.24,183.2,8.57,0,47.0,458.1,551.24,117796,On-Time,3
103403,AL15, Singapore ,budget,3.0,First,Aisle,4.68,Website,Yes,Online,31.0,3,2024-07-25,7,0,0,0.825,637.44,2101.9,7.43,0,55.0,1226.86,1327.16,264854,On-Time,5
103253,AL04,Japan,full-service,4.0,Premium Economy,Window,4.8,Travel Agent,No,Online,27.0,83,2024-01-06,1,1,0,0.663,493.69,1616.3,6.67,1,39.1,730.6,941.0,180780,On-Time,3
100158,AL18, Indonesia ,budget,3.0,Premium Economy,Middle,0.8,Mobile App, Yes ,Online,37.0,8,2024-08-29,8,0,0,0.785,227.49,580.9,10.0,0,44.6,564.56,644.52,147183,Delayed,3
102820,AL11,Indonesia,budget,4.0,economy,Window,14.45,Walk-in,Yes, Card ,40.0,8,2024-11-23,11,1,0,0.942,249.12,802.1,7.3,0,57.1,508.6,597.89,41570,Delayed,3
101440,AL09, Indonesia ,budget,3.0,Economy,Window,3.08,Airport Counter, No ,Online,38.0,11,2024-08-07,8,0,1,0.764,643.05,2109.0,6.96,0,62.2,938.62,1069.75,258514,Cancelled,3
101599,AL10,Vietnam,full-service,4.0,economy,Window,0.75,airport counter,No,Card,48.0,9,2025-01-14,1,0,0,0.65,175.77,821.3,8.07,0,28.0,549.57,734.19,169706,On-Time,4
103059,AL14,malaysia,full-service,5.0,Economy,Aisle,3.79,Travel Agent,Yes,Card,44.0,11,2024-07-15,7,0,0,0.99,686.0,1931.2,,0,71.1,925.34,970.39,76162,On-Time,4
103406,AL09,singapore,budget,4.0,Economy,Aisle,3.24,Travel Agent,No,Online,31.0,109,2025-03-02,3,1,0,0.823,504.8,1307.1,,0,43.8,654.04,839.19,47221,Delayed,2
101123,AL07, INDONESIA ,full-service,3.0,Premium Economy,Middle,4.41,Website,No,Card,28.0,21,2025-01-10,1,0,0,0.641,282.09,849.9,9.05,0,64.1,646.45,742.57,75887,On-Time,5
103324,AL18,vietnam,budget,5.0,Business,Aisle,7.36,Mobile App,Yes,Card,45.0,42,2024-02-22,2,0,0,0.819,851.75,2573.8,6.51,0,5.0,1224.3,1287.92,166372,Delayed,2
100226,AL06,Philippines,premium,3.0,Economy,Middle,4.26,Mobile App,No, Card ,43.0,4,2025-03-16,3,1,1,0.918,322.15,810.1,,0,58.6,612.02,665.64,98769,Delayed,3
103522,AL04,Thailand,full-service,5.0,Economy,Window,6.81,website,Yes,Card,29.0,14,2024-10-08,10,0,0,0.671,428.25,1252.9,8.27,0,54.5,671.88,786.55,180083,On-Time,3
103164,AL17, JAPAN ,full-service,4.0,First,Aisle,0.79,Website,Yes,Card,,7,2025-05-24,5,1,0,0.614,331.97,787.9,,0,45.9,771.82,848.36,61588,On-Time,5
102749,AL03,Singapore,premium,3.0,Economy,Middle,1.18,Mobile App,No,Card,52.0,20,2024-04-26,4,0,0,0.778,517.68,1790.9,6.96,0,57.1,892.26,1022.87,92495,Cancelled,2
103970,AL05,Singapore,budget,4.0,Economy,Window,10.63,walk-in,No,Card,54.0,13,2025-05-18,5,1,0,0.734,258.13,431.6,6.97,0,65.0,451.28,585.89,43475,Delayed,2
101832,AL01, Thailand ,full-service,3.0,Economy,Aisle,8.19,Mobile App,No,Online,63.0,43,2024-01-04,1,0,0,0.801,,2618.6,6.63,0,57.2,1112.45,1191.64,289464,Delayed,3
103998,AL08,Thailand,full-service,,Economy,Middle,4.23,Website,No,Online,39.0,9,2025-02-17,2,0,0,,182.69,686.3,8.85,0,46.8,462.08,520.5,67595,On-Time,5
101851,AL08,Malaysia,full-service,5.0,Economy,Aisle,4.33,Travel Agent, No ,Online,56.0,22,2024-04-22,4,0,0,0.829,666.24,2167.0,8.28,1,17.8,887.57,1018.72,103209,On-Time,4
101684,AL02,Singapore,budget,4.0,Economy,Aisle,4.07,Website,No,Online,52.0,79,2025-06-23,6,0,1,0.612,238.21,839.3,6.62,0,94.3,511.06,598.71,77197,Delayed,2
102761,AL11,Singapore,budget,2.0,Economy,Aisle,2.74,Airport Counter,Yes,Cash,31.0,52,2024-10-30,10,0,0,0.731,456.89,1186.3,5.85,0,7.6,570.88,660.05,43054,On-Time,3
101558,AL13, Singapore ,full-service,3.0,Premium Economy,Middle,4.07,Airport Counter,Yes, Card ,41.0,4,2024-07-08,7,0,1,0.65,373.12,1036.9,8.09,1,38.2,632.39,740.91,129769,Delayed,3
103877,AL10,Singapore,full-service,3.0,Business,Middle,3.18,Website,No, Cash ,18.0,17,2025-04-04,4,0,0,0.99,603.57,1690.1,10.0,0,53.8,980.95,1035.54,88658,Delayed,5
102189,AL12,Singapore,premium,4.0,Economy,Window,3.8,Website,No,Card,35.0,50,2024-01-26,1,0,0,0.677,384.2,1344.4,3.53,0,81.2,729.54,850.21,174215,On-Time,4
102134,AL01,Malaysia,full-service,3.0,Economy,Aisle,7.16,Walk-in,Yes,Card,26.0,4,2024-10-01,10,0,1,0.649,190.06,229.1,8.24,0,33.9,335.06,404.51,72654,On-Time,3
100707,AL05,Philippines,budget,3.0,Economy,Middle,4.72,Travel Agent,Yes,Online,21.0,4,2024-06-03,6,0,0,0.938,1078.45,3468.6,9.75,0,29.8,1366.18,1450.06,310650,Cancelled,2
103837,AL09,Philippines,budget,4.0,Economy,Aisle,2.5,Walk-in, No ,Card,28.0,5,2024-10-24,10,0,0,0.776,648.63,1834.7,7.78,1,35.3,769.63,989.46,82023,Delayed,2
102780,AL13,Australia,full-service,3.0,Economy,Window,4.48,Website,No,Cash,55.0,5,2024-11-28,11,0,0,0.72,520.9,1382.4,7.27,0,7.5,713.14,844.46,164494,On-Time,4
103361,AL18,japan,budget,4.0,Economy,Aisle,2.53,Website,No,Online,42.0,10,2024-08-11,8,1,0,0.69,926.84,2737.2,8.38,0,34.8,1098.08,1256.9,96681,Delayed,2
101444,AL03,Australia,premium,4.0,Economy,Window,7.93,Airport Counter,No,Online,31.0,1,2024-01-07,1,1,0,0.814,226.49,361.1,8.9,1,67.2,451.35,546.55,108951,Delayed,4
101621,AL16, Thailand ,budget,3.0,Premium Economy,Aisle,1.98,Airport Counter,Yes,Card,37.0,5,2024-03-04,3,0,0,0.661,228.08,559.8,7.2,1,76.5,555.28,721.64,167740,Cancelled,2
101171,AL13,Thailand,full-service,4.0,Economy,Window,2.81,Mobile App,No,Online,42.0,69,2024-03-20,3,0,0,0.685,606.12,1837.8,6.37,0,70.1,931.84,967.52,91731,On-Time,2
101228,AL05,Vietnam,budget,3.0,economy,Aisle,8.53,Website,Yes, Card ,42.0,2,2024-08-03,8,1,0,0.932,1137.27,3709.5,6.66,0,67.4,1459.51,1592.74,335574,Delayed,3
103051,AL04,Singapore,full-service,4.0,Premium Economy,Window,4.12,Website,No, Online ,32.0,9,2025-03-21,3,0,0,0.573,563.23,2152.8,4.08,0,49.4,1062.38,1167.17,189094,Delayed,2
101670,AL18,Singapore,budget,,Premium Economy,Window,11.78,Travel Agent,Yes,Card,30.0,10,2024-07-01,7,0,0,0.69,405.47,1144.7,7.48,0,45.8,683.02,860.66,140597,Delayed,2
103820,AL07, PHILIPPINES ,full-service,2.0,Economy,Middle,2.01,Website,Yes,Card,27.0,51,2024-10-13,10,1,0,0.85,519.32,1938.8,8.51,1,48.6,775.22,998.97,222532,On-Time,4
102304,AL08,Indonesia,full-service,4.0,Economy,Aisle,4.47,Website,No, Online ,47.0,47,2024-02-17,2,1,1,0.804,513.13,1830.2,7.85,0,57.2,796.14,1067.39,272114,Delayed,2
100326,AL05,Thailand,budget,2.0,Premium Economy,Aisle,1.56,Website,Yes,Online,58.0,32,2024-02-14,2,0,0,0.718,800.55,2760.9,7.57,0,55.0,1308.26,1454.76,284739,Delayed,4
101353,AL17,Thailand,full-service,2.0,economy,Window,4.15,Website,No,Online,54.0,7,2024-05-14,5,0,0,0.782,693.76,1807.5,7.88,0,83.9,930.9,976.08,205669,On-Time,4
100476,AL16, SINGAPORE ,budget,2.0,Premium Economy,Aisle,1.09,Mobile App, No ,Card,45.0,10,2024-12-10,12,0,0,0.803,507.64,1445.6,7.65,0,26.8,832.98,1020.28,164243,On-Time,3
102788,AL12, Australia ,premium,3.0,Economy,Window,1.41,Travel Agent,Yes, Card ,43.0,32,2024-06-13,6,0,0,0.866,402.28,1302.2,7.49,0,76.1,753.18,865.46,139868,On-Time,2
103614,AL03,Philippines,premium,4.0,Economy,Aisle,3.37,Airport Counter, Yes ,Card,32.0,7,2024-05-10,5,0,0,0.588,469.97,1521.9,8.73,1,23.7,711.67,828.35,52271,Delayed,3
102116,AL16,Malaysia,budget,4.0,Premium Economy,Window,7.68,Mobile App,No,Online,36.0,16,2024-06-22,6,1,0,0.741,325.91,907.5,7.09,0,25.5,647.72,744.57,76736,On-Time,3
102953,AL08,Singapore,full-service,2.0,Premium Economy,Window,4.65,Website, No ,Online,18.0,38,2024-02-15,2,0,1,0.723,,321.3,6.31,0,53.7,454.61,614.97,107019,Delayed,3
102610,AL11,indonesia,budget,3.0,Economy,Aisle,3.38,Mobile App, Yes ,Card,30.0,9,2024-06-28,6,0,0,0.791,495.56,1237.9,8.37,0,61.5,700.84,747.47,52987,Delayed,3
102196,AL17,Malaysia,full-service,4.0,Economy,Aisle,4.11,Walk-in,No, Card ,36.0,26,2024-05-08,5,0,0,0.892,738.11,2752.8,6.28,1,51.3,997.79,1044.46,254328,Delayed,3
101391,AL17,singapore,full-service,3.0,Premium Economy,Middle,3.28,Walk-in,Yes,Online,18.0,5,2024-10-22,10,0,0,0.795,440.85,1368.8,6.63,0,53.4,842.76,933.44,202095,On-Time,4
102839,AL10, SINGAPORE ,full-service,4.0,Economy,Aisle,6.13,Website,Yes,Online,,3,2024-10-20,10,1,0,0.759,968.27,3233.7,8.28,0,46.3,1340.37,1528.33,116652,On-Time,5
100523,AL16,Vietnam,budget,2.0,First,Aisle,5.12,Airport Counter,Yes, Card ,52.0,24,2024-12-28,12,1,0,0.887,440.86,1478.9,6.39,0,23.8,929.85,995.46,166717,Cancelled,2
102922,AL10,singapore,full-service,3.0,Economy,Aisle,3.42,mobile app,No, Card ,23.0,7,2024-10-08,10,0,0,0.863,530.01,1579.5,8.94,1,28.1,708.47,879.08,170757,On-Time,3
100203,AL12,Malaysia,premium,3.0,Economy,Window,3.79,Mobile App,No,Online,18.0,50,2024-05-01,5,0,1,0.713,214.04,665.2,8.53,0,15.4,396.87,609.35,86012,On-Time,2
102461,AL16,malaysia,budget,5.0,Economy,Window,3.17,airport counter,No,Card,54.0,23,2024-09-27,9,0,0,0.771,571.36,1900.7,8.4,1,78.6,776.9,865.95,74015,On-Time,3
104074,AL01,Malaysia,full-service,3.0,Economy,Window,2.82,Website, No , Card ,49.0,54,2024-06-30,6,1,0,0.91,550.55,1619.2,8.42,1,45.9,692.27,776.56,106340,On-Time,4
102616,AL18,Australia,budget,3.0,Premium Economy,Aisle,5.77,Website, Yes ,Card,18.0,35,2024-05-06,5,0,0,0.692,310.9,782.0,8.11,1,35.6,470.26,539.95,112159,Delayed,3
101397,AL11,vietnam,budget,5.0,Economy,Middle,3.49,Airport Counter,No,Online,40.0,12,2024-12-18,12,0,0,0.897,510.81,1487.4,7.5,0,68.8,815.11,842.33,82116,On-Time,4
100997,AL06,Indonesia,premium,3.0,Economy,Window,3.98,Website,Yes,Online,37.0,44,2024-04-02,4,0,0,0.825,670.34,2114.6,7.57,0,37.4,996.01,1284.25,156868,On-Time,4
102253,AL08,Malaysia,full-service,4.0,Business,Aisle,4.07,Walk-in, No ,Online,43.0,95,2025-03-26,3,0,0,0.71,450.01,1566.9,6.81,0,48.8,837.58,979.91,138868,On-Time,4
100252,AL10,Thailand,full-service,2.0,Premium Economy,Window,4.54,Walk-in,Yes,Card,37.0,112,2024-06-05,6,0,0,0.46,419.85,1295.8,7.67,1,78.2,722.81,814.68,106462,On-Time,3
100100,AL11,Japan,budget,4.0,Business,Middle,1.78,Walk-in,Yes,Online,52.0,31,2025-05-29,5,0,0,0.988,690.01,2416.5,6.78,0,81.1,1271.57,1379.98,351078,Cancelled,2
104055,AL01,thailand,full-service,5.0,economy,Window,1.79,Website,No,Card,20.0,2,2024-08-27,8,0,0,0.698,712.17,2476.4,7.81,1,69.8,1031.29,1107.37,271681,On-Time,3
100820,AL05,Singapore,budget,4.0,Premium Economy,Middle,1.95,Walk-in, No ,Card,26.0,16,2024-05-09,5,0,0,0.756,495.08,1481.4,10.0,0,63.0,862.75,963.42,69027,On-Time,4
100751,AL13,Malaysia,full-service,5.0,Premium Economy,Window,3.14,Airport Counter,,Online,35.0,29,2024-03-16,3,1,0,0.586,443.82,1301.1,6.82,0,81.7,822.52,942.98,135241,Delayed,3
102696,AL17,Thailand,full-service,2.0,first,Aisle,3.06,mobile app,Yes,Online,60.0,16,2025-04-14,4,0,0,0.99,355.33,1110.5,8.8,0,63.4,917.14,1172.78,194539,On-Time,3
100488,AL06,Indonesia,premium,2.0,economy,Aisle,0.75,website,No,Card,18.0,19,2024-10-28,10,0,0,0.741,460.52,982.2,8.41,0,59.9,569.44,632.47,143519,On-Time,3
101308,AL04, Malaysia ,full-service,,Business,Aisle,5.72,Mobile App,No,Online,,36,2024-01-28,1,1,0,0.679,750.26,2208.0,5.42,0,50.2,1095.96,1163.16,291904,On-Time,3
103375,AL18,Singapore,budget,5.0,Economy,Middle,4.03,Website,No, Card ,33.0,5,2024-04-02,4,0,0,0.86,413.13,1384.9,8.11,0,43.0,783.93,959.01,153171,Delayed,3
101726,AL01,Japan,full-service,3.0,Business,Window,4.04,Mobile App,Yes,Card,25.0,53,2024-01-11,1,0,0,0.813,811.05,2495.4,8.56,1,55.3,1122.96,1258.17,242599,On-Time,3
102825,AL17,Japan,full-service,4.0,Premium Economy,Aisle,0.75,Mobile App,No,Online,18.0,5,2025-03-10,3,0,0,0.875,298.46,861.0,8.03,0,54.9,676.07,860.08,67397,On-Time,4
100676,AL14,Australia,full-service,3.0,Premium Economy,Window,7.19,Travel Agent,No, Card ,29.0,30,2024-11-28,11,0,0,0.912,255.17,893.1,8.94,0,59.4,610.16,672.18,153449,Cancelled,2
104129,AL13,Japan,full-service,3.0,economy,Window,2.16,Airport Counter,Yes,Card,45.0,38,2024-09-22,9,1,0,0.799,251.05,693.1,4.17,0,70.7,524.36,580.82,122227,Delayed,1
103427,AL01,Singapore,full-service,5.0,Premium Economy,Aisle,3.58,Airport Counter,Yes, Online ,30.0,6,2024-02-23,2,0,0,0.696,342.03,852.3,5.92,0,46.8,658.55,747.46,110169,Delayed,3
103357,AL04,Malaysia,full-service,3.0,Economy,Middle,2.59,Mobile App,,Online,22.0,66,2025-05-02,5,0,0,0.929,576.9,2161.2,8.58,0,52.8,960.34,1027.82,248316,On-Time,4
104105,AL16,Malaysia,budget,3.0,Economy,Middle,2.89,Mobile App,Yes,Card,42.0,33,2024-01-22,1,0,0,0.734,574.7,1959.5,8.2,0,72.0,887.44,946.72,219744,Delayed,2
102217,AL10,Malaysia,full-service,4.0,Economy,Window,2.22,Website,Yes,Online,34.0,88,2024-07-24,7,0,0,0.947,996.39,3365.7,8.65,1,61.8,1244.79,1296.18,311053,On-Time,3
103024,AL05,Singapore,budget,3.0,business,Aisle,9.0,walk-in,Yes, Card ,21.0,1,2024-06-16,6,1,0,0.856,379.86,1457.9,7.5,1,85.5,907.67,959.79,87266,Cancelled,2
102917,AL08,Malaysia,full-service,3.0,economy,Aisle,3.0,Mobile App, No ,Card,20.0,55,2024-07-15,7,0,0,0.944,901.19,2641.9,7.92,0,32.2,1116.84,1249.64,134616,Delayed,3
101458,AL08,vietnam,full-service,3.0,Economy,Aisle,2.97,Airport Counter,No, Card ,43.0,9,2025-05-18,5,1,0,0.99,417.08,1337.1,7.97,1,37.5,536.17,655.19,166991,On-Time,3
102333,AL04,Japan,full-service,,Business,Aisle,3.54,Walk-in,No,Online,24.0,14,2024-04-14,4,1,0,0.82,601.84,1822.9,6.67,0,35.3,1022.48,1162.73,255967,Cancelled,2
102966,AL17,japan,full-service,2.0,Economy,Window,3.32,Website, No ,Online,27.0,32,2024-04-29,4,0,0,0.688,299.99,809.4,6.3,1,69.3,463.94,506.36,84079,On-Time,3
102201,AL05,thailand,budget,3.0,Economy,Aisle,4.73,Mobile App,Yes,Card,27.0,31,2025-05-24,5,1,0,0.738,819.62,2455.9,7.53,0,8.8,1033.14,1093.48,90026,On-Time,2
100978,AL10,Malaysia,full-service,4.0,Premium Economy,Aisle,2.25,Mobile App, No ,Card,40.0,0,2024-06-12,6,0,0,0.821,317.02,757.2,7.56,1,49.0,463.3,542.32,101676,On-Time,3
100224,AL15,philippines,budget,2.0,Business,Middle,3.19,travel agent,Yes,Online,29.0,16,2025-03-15,3,1,0,0.863,684.11,2432.2,7.84,0,83.2,1293.13,1369.97,290546,Delayed,3
101788,AL14,Vietnam,full-service,3.0,Economy,Aisle,2.36,Walk-in, No ,Card,18.0,31,2024-09-28,9,1,0,0.74,470.37,1385.0,8.39,0,54.4,756.58,941.42,202486,Delayed,3
100774,AL01,Indonesia,full-service,4.0,Business,Window,6.85,Airport Counter, No ,Card,38.0,157,2024-12-24,12,0,0,0.894,291.27,807.3,7.06,0,48.9,725.44,935.41,140450,Delayed,3
101320,AL07,Malaysia,full-service,2.0,Economy,Aisle,5.02,Website,No,Card,33.0,45,2025-01-11,1,1,0,0.78,612.33,2034.3,6.43,0,63.5,989.97,1097.95,125553,On-Time,4
103441,AL10,Malaysia,full-service,4.0,Economy,Aisle,1.33,Airport Counter,Yes,Card,44.0,1,2024-10-07,10,0,1,0.712,487.67,1691.2,6.79,0,17.5,793.36,901.95,98750,Delayed,2
102323,AL04, SINGAPORE ,full-service,3.0,First,Aisle,1.94,Website, Yes ,Card,57.0,10,2025-06-11,6,0,0,0.928,244.35,864.2,4.36,0,62.4,873.81,960.51,217198,On-Time,4
100172,AL05, JAPAN ,budget,3.0,economy,Aisle,3.24,Mobile App, No ,Online,47.0,9,2025-01-16,1,0,0,0.738,613.56,1434.6,8.49,1,67.0,635.04,726.83,162531,Delayed,2
101959,AL01,Indonesia,full-service,3.0,Premium Economy,Aisle,3.38,Walk-in,Yes, Cash ,35.0,49,2024-11-12,11,0,0,0.982,337.4,993.6,8.61,0,76.9,714.09,820.17,118937,Delayed,3
103905,AL06, Australia ,premium,2.0,Premium Economy,Aisle,5.54,Mobile App,Yes,Cash,45.0,31,2024-05-07,5,0,0,0.762,611.14,2157.3,8.01,1,61.9,1024.84,1179.48,242106,Delayed,4
100110,AL01, Malaysia ,full-service,3.0,Economy,Aisle,2.18,Walk-in,No,Card,50.0,9,2024-01-21,1,1,1,0.569,380.61,1604.6,8.23,0,56.2,846.55,1018.74,245071,Delayed,3
103534,AL15,Indonesia,budget,4.0,Economy,Middle,7.76,website,No,Online,46.0,6,2025-06-05,6,0,0,0.847,325.44,1055.1,6.85,0,54.2,654.2,686.95,75270,On-Time,4
100336,AL08,Indonesia,full-service,2.0,Economy,Window,6.64,airport counter,No,Online,54.0,69,2025-06-04,6,0,0,0.99,897.87,3033.4,6.29,1,57.7,1095.32,1147.52,246426,Delayed,2
101678,AL12,Philippines,premium,3.0,Economy,Window,3.83,Walk-in,No,Online,38.0,19,2025-03-22,3,1,0,0.874,513.27,1798.4,6.72,0,35.2,841.28,902.98,171145,On-Time,3
100490,AL17,philippines,full-service,3.0,Economy,Window,3.0,mobile app,No,Card,18.0,6,2024-10-11,10,0,1,0.663,420.67,1460.0,9.02,1,50.5,615.57,683.53,82289,Delayed,3
102844,AL01, THAILAND ,full-service,2.0,Premium Economy,Middle,2.45,Travel Agent,No,Online,18.0,0,2024-08-28,8,0,0,0.734,178.15,584.5,8.04,0,19.6,619.18,718.87,178592,On-Time,3
101997,AL13,singapore,full-service,2.0,Economy,Aisle,5.41,Mobile App,Yes,Online,29.0,44,2024-01-18,1,0,0,0.592,675.55,2063.6,6.99,0,33.4,928.26,1108.56,107544,On-Time,4
101279,AL06,Malaysia,premium,3.0,Premium Economy,Aisle,4.43,Mobile App,Yes,Online,47.0,53,2025-03-09,3,1,0,0.663,522.81,1345.6,9.46,0,44.7,804.53,981.11,176561,Delayed,2
104150,AL05,Malaysia,budget,,Economy,Window,2.59,Mobile App,No,Card,29.0,6,2025-06-08,6,1,0,0.801,575.79,1872.0,6.89,1,42.2,839.84,897.89,191361,Delayed,3
101153,AL01,Indonesia,full-service,3.0,Premium Economy,Window,2.05,Mobile App,No,Card,19.0,5,2024-01-27,1,1,0,0.727,518.21,1564.7,8.28,0,65.4,936.64,1139.29,108585,On-Time,3
103026,AL07,Singapore,full-service,3.0,Premium Economy,Window,1.87,Walk-in,No,Online,24.0,46,2024-06-12,6,0,0,0.709,491.97,1455.3,,0,28.9,758.47,810.1,65615,On-Time,5
102063,AL05,Malaysia,budget,3.0,Economy,Middle,2.26,mobile app,No,Online,25.0,5,2025-01-13,1,0,0,0.75,587.6,1713.3,7.29,1,89.1,774.63,837.89,79059,Delayed,3
101298,AL10,Indonesia,full-service,5.0,Economy,Window,3.29,Website,Yes,Card,29.0,21,2024-03-10,3,1,0,0.566,,690.5,,0,49.8,3307.2544608808817,633.04,159634,Delayed,4
100024,AL17,Vietnam,full-service,3.0,Business,Aisle,7.93,Mobile App,No,Online,32.0,53,2024-01-17,1,0,0,0.663,698.61,2084.8,8.74,0,39.5,1121.99,1200.42,84096,On-Time,4
100695,AL08, MALAYSIA ,full-service,3.0,Premium Economy,Middle,1.29,Travel Agent,No,Card,44.0,5,2025-03-03,3,0,0,,505.99,1404.3,6.43,0,46.8,837.59,1031.15,213766,Delayed,3
103455,AL12,Australia,premium,3.0,Economy,Middle,2.61,Travel Agent,No, Card ,50.0,22,2024-10-08,10,0,0,0.678,,1448.3,6.4,1,62.5,509.7,631.38,154179,Delayed,4
103471,AL15, Indonesia ,budget,5.0,Business,Aisle,1.37,Travel Agent,No,Online,36.0,38,2024-01-26,1,0,0,0.692,673.04,2137.6,8.36,1,53.4,1083.59,1203.58,288999,On-Time,4
102700,AL11,Indonesia,budget,4.0,Premium Economy,Window,4.81,website,No,Card,42.0,59,2025-03-07,3,0,0,0.871,280.05,678.4,8.01,0,55.0,576.53,651.29,117870,Delayed,1
102989,AL12,Singapore,premium,3.0,Business,Window,1.9,Travel Agent,No,Card,36.0,34,2025-01-05,1,1,0,0.735,214.61,471.1,8.31,1,58.5,522.06,618.83,104394,Delayed,3
101254,AL05,Australia,budget,3.0,Economy,Window,2.8,Airport Counter,Yes,Card,42.0,38,2024-08-08,8,0,0,0.73,161.74,770.4,7.7,0,11.2,494.34,547.32,80635,Delayed,1
101039,AL03, Malaysia ,premium,2.0,Economy,Middle,1.87,website, No ,Card,41.0,11,2024-12-16,12,0,0,0.847,475.42,1537.2,9.27,0,37.5,817.83,854.17,204977,On-Time,4
100184,AL03,thailand,premium,5.0,Economy,Aisle,3.5,Website,Yes,Cash,43.0,5,2025-05-07,5,0,1,0.619,443.26,1429.3,6.03,1,62.0,623.34,707.93,176272,Delayed,1
102684,AL12,Malaysia,premium,4.0,economy,Aisle,1.79,Walk-in,No,Card,34.0,1,2025-06-07,6,1,0,0.874,308.33,764.4,7.78,0,54.7,651.49,789.4,167294,On-Time,2
100824,AL18, VIETNAM ,budget,5.0,Premium Economy,Window,2.08,Travel Agent, Yes , Card ,,91,2024-06-22,6,1,0,0.81,402.8,1536.9,7.8,0,100.0,919.16,1058.86,126667,Delayed,5
100386,AL14,Singapore,full-service,2.0,Economy,Window,5.07,Travel Agent,Yes,Card,34.0,1,2025-04-24,4,0,0,0.761,242.76,523.3,6.12,0,64.1,452.71,501.03,61533,On-Time,3
102500,AL06,Thailand,premium,4.0,Premium Economy,Window,10.31,Website,No,Card,32.0,17,2024-11-08,11,0,0,0.781,,1433.9,7.21,0,49.8,847.51,905.19,96531,On-Time,4
100008,AL02,Singapore,budget,3.0,Business,Window,5.74,Website,No,Card,33.0,3,2024-11-05,11,0,0,0.58,270.4,660.6,7.63,0,56.3,689.43,908.57,148623,Delayed,3
102307,AL14,Singapore,full-service,4.0,Economy,Window,2.81,Walk-in,Yes,Card,40.0,14,2025-03-01,3,1,1,0.841,644.87,1877.4,7.34,0,50.3,914.99,1277.11,196510,On-Time,5
100721,AL07,Malaysia,full-service,5.0,Business,Aisle,6.47,Travel Agent,No,Card,38.0,7,2024-07-31,7,0,0,0.719,210.69,345.4,8.15,0,49.1,530.57,684.29,127795,On-Time,4
102594,AL17,indonesia,full-service,2.0,Premium Economy,Aisle,5.67,Mobile App,Yes,Online,27.0,7,2024-07-30,7,0,0,0.587,807.36,2466.1,6.57,1,61.5,954.24,1056.98,262153,Delayed,2
100468,AL05,Singapore,budget,4.0,Economy,Window,2.15,Walk-in,Yes, Cash ,46.0,16,2024-03-05,3,0,0,0.815,299.16,985.8,7.11,0,38.5,564.83,756.86,149032,Cancelled,1
102242,AL07, SINGAPORE ,full-service,4.0,Economy,Aisle,2.88,Travel Agent, No , Card ,26.0,11,2024-12-22,12,1,0,0.654,514.34,1804.1,7.07,1,20.9,771.51,942.84,55204,On-Time,3
100536,AL06,thailand,premium,3.0,Economy,Window,3.24,Walk-in,No, Card ,44.0,4,2025-04-10,4,0,0,0.87,299.82,1112.5,7.14,0,48.1,700.5,834.14,198814,On-Time,3
102123,AL07,Vietnam,full-service,3.0,Economy,Window,1.66,Mobile App, No , Card ,18.0,78,2025-03-27,3,0,0,0.73,366.1,1173.6,9.05,0,84.4,693.21,748.86,95503,Delayed,2
101727,AL11,Thailand,budget,2.0,Economy,Window,3.53,website,No,Online,20.0,5,2024-06-07,6,0,0,0.734,484.24,1525.4,8.33,0,48.7,773.86,801.08,122888,Delayed,3
100341,AL14,Indonesia,full-service,2.0,Economy,Middle,7.46,Website,Yes, Card ,27.0,17,2025-04-22,4,0,0,0.635,532.74,1705.6,7.19,1,66.8,732.71,786.15,196953,Cancelled,1
102871,AL18, Malaysia ,budget,2.0,Premium Economy,Window,1.09,Walk-in,Yes,Card,34.0,37,2025-05-06,5,0,0,0.692,129.98,355.4,6.88,0,72.4,491.05,585.93,59539,Delayed,3
102166,AL01, Australia ,full-service,4.0,Premium Economy,Window,3.08,airport counter,No,Card,18.0,16,2024-07-31,7,0,0,0.663,1032.39,3286.2,6.62,0,23.9,1414.09,1588.52,134381,On-Time,3
104120,AL13,Vietnam,full-service,2.0,Business,Middle,5.28,Mobile App, No ,Card,38.0,19,2024-05-28,5,0,0,0.719,258.6,627.9,7.79,0,34.1,635.97,751.36,83094,On-Time,4
102536,AL14, THAILAND ,full-service,4.0,economy,Aisle,2.28,Website,No,Card,18.0,39,2024-12-26,12,0,1,0.864,455.84,1876.1,6.85,0,61.1,946.07,1019.32,64837,Delayed,2
104166,AL07,Vietnam,full-service,4.0,Economy,Aisle,2.65,Mobile App,No,Cash,26.0,9,2024-03-27,3,0,0,0.722,508.33,1536.9,9.44,1,44.5,670.57,784.05,184234,On-Time,4
103148,AL12,Singapore,premium,4.0,Economy,Middle,5.59,Travel Agent,No,Online,23.0,2,2024-07-22,7,0,0,0.778,610.06,2176.5,8.0,0,37.7,976.44,1081.06,84078,On-Time,3
100442,AL12,Indonesia,premium,4.0,Economy,Aisle,1.8,Travel Agent,No,Card,40.0,4,2024-09-21,9,1,0,0.84,439.42,1331.0,8.07,0,41.2,810.33,909.78,87148,Delayed,3
100054,AL08, Thailand ,full-service,3.0,First,Aisle,5.55,Mobile App, No ,Card,44.0,11,2024-01-19,1,0,0,0.736,366.99,1036.3,7.94,0,63.4,895.26,1026.33,145152,Cancelled,3
101845,AL05,singapore,budget,4.0,economy,Aisle,5.35,Walk-in,Yes,Online,47.0,7,2025-04-04,4,0,0,0.862,522.19,1714.1,8.8,0,38.2,792.18,888.04,160613,On-Time,4
104186,AL15,Philippines,budget,4.0,Premium Economy,Window,4.93,Airport Counter,No,Card,25.0,66,2025-05-27,5,0,0,0.982,310.88,980.3,8.8,0,68.9,696.83,870.2,100295,On-Time,4
103807,AL06,Malaysia,premium,4.0,Economy,Middle,1.46,Travel Agent,No, Card ,,24,2025-06-15,6,1,0,0.856,598.8,2322.3,6.26,0,34.8,1041.79,1082.0,284999,On-Time,4
104092,AL10,Malaysia,full-service,4.0,Economy,Window,5.0,Website,No,Online,,12,2025-04-15,4,0,1,0.938,246.78,435.7,7.17,1,50.5,442.04,581.54,69778,Delayed,3
100785,AL12,Japan,premium,2.0,Economy,Window,5.66,Website, Yes ,Card,22.0,20,2025-03-01,3,1,0,0.893,241.41,323.5,,0,49.5,460.46,637.02,36906,Delayed,3
101083,AL09,Japan,budget,2.0,Economy,Window,2.08,Website,Yes,Card,18.0,32,2025-05-26,5,0,1,0.589,308.81,1014.3,7.85,1,63.4,538.25,609.93,105854,Cancelled,3
101538,AL03,Malaysia,premium,5.0,Economy,Aisle,1.68,Mobile App,No,Online,33.0,22,2024-09-28,9,1,1,0.872,341.35,915.6,8.83,0,54.8,566.31,625.66,148237,Delayed,5
100717,AL17,philippines,full-service,2.0,Premium Economy,Aisle,5.45,Airport Counter,Yes,Card,30.0,31,2025-03-31,3,0,0,0.765,459.81,1153.1,6.35,0,36.3,741.15,784.9,139600,On-Time,3
101258,AL18,Malaysia,budget,4.0,Business,Window,1.07,Website,No,Card,18.0,47,2024-06-25,6,0,0,0.763,225.27,589.7,6.23,1,44.3,468.06,537.93,116405,On-Time,4
102221,AL12,Vietnam,premium,3.0,Economy,Window,3.38,Mobile App,,Card,25.0,91,2025-04-30,4,0,0,0.742,384.03,1360.7,5.89,0,58.9,716.54,765.58,149343,Delayed,2
103453,AL13,malaysia,full-service,4.0,Premium Economy,Aisle,4.43,Mobile App,Yes,Card,34.0,10,2025-06-22,6,1,0,0.696,666.98,1934.7,7.32,0,65.6,1026.33,1108.95,125830,Delayed,2
102118,AL13,thailand,full-service,3.0,Economy,Middle,4.06,Website, No ,Card,43.0,103,2024-11-24,11,1,0,0.988,744.46,2046.6,7.16,0,38.7,938.04,983.53,152596,Delayed,4
103910,AL01,Japan,full-service,5.0,Economy,Aisle,6.95,Mobile App,No,Online,39.0,5,2024-06-24,6,0,0,0.611,729.22,2602.4,7.15,1,69.8,1120.07,1264.7,124609,Delayed,2
103126,AL03,Thailand,premium,2.0,Premium Economy,Middle,3.04,Travel Agent, No ,Online,22.0,48,2024-11-28,11,0,0,0.803,350.71,1366.6,6.67,0,71.4,827.16,924.0,216220,On-Time,4
102631,AL18,Malaysia,budget,4.0,Economy,Window,2.71,Mobile App,, Card ,57.0,14,2024-10-17,10,0,0,0.846,382.71,1136.8,6.39,1,49.1,542.21,657.59,92121,Delayed,3
103728,AL08,Japan,full-service,4.0,premium economy,Aisle,3.32,Website,No,Card,39.0,19,2025-02-28,2,0,0,0.861,620.52,2189.0,6.07,1,47.7,911.11,957.79,161398,On-Time,4
101324,AL02,Malaysia,budget,3.0,Economy,Window,1.96,Mobile App, No ,Online,44.0,11,2025-04-23,4,0,0,0.666,496.2,1358.1,7.31,0,42.9,648.29,729.34,168338,Delayed,3
101006,AL08,Malaysia,full-service,3.0,Premium Economy,Middle,2.94,Mobile App,No,Card,18.0,9,2025-03-11,3,0,0,0.839,338.2,1170.8,8.55,0,43.5,746.33,911.11,120992,Delayed,3
102016,AL07,thailand,full-service,4.0,Economy,Window,1.13,Travel Agent,Yes,Online,,20,2025-06-24,6,0,0,0.89,421.58,966.5,5.7,1,44.2,536.04,592.58,78722,Delayed,3
100920,AL08,malaysia,full-service,3.0,Economy,Aisle,4.24,Website,No,Card,29.0,12,2024-12-25,12,0,0,0.881,432.44,1355.0,7.69,0,22.8,744.13,828.34,207915,On-Time,3
103212,AL03,Vietnam,premium,5.0,economy,Middle,4.94,Website,Yes,Card,28.0,36,2024-11-25,11,0,0,0.775,159.98,451.5,7.18,0,28.4,406.12,500.09,101305,On-Time,2
104111,AL16,Thailand,budget,4.0,Economy,Aisle,6.21,travel agent,No,Online,61.0,76,2024-09-17,9,0,0,0.762,433.7,1738.5,6.64,0,49.8,814.65,968.77,222271,On-Time,3
100734,AL12,vietnam,premium,4.0,Economy,Aisle,7.35,Mobile App,No,Online,43.0,4,2025-05-11,5,1,0,0.706,259.33,892.7,8.26,1,42.1,521.76,663.69,76824,Delayed,2
100848,AL15,Singapore,budget,3.0,Premium Economy,Aisle,1.27,Website,No,Cash,,24,2024-03-21,3,0,1,0.755,370.48,903.0,8.76,0,71.9,664.38,728.75,132180,Cancelled,3
101900,AL07,Malaysia,full-service,4.0,economy,Aisle,4.52,Mobile App,No,Cash,27.0,38,2024-03-10,3,1,0,0.936,212.52,384.3,6.75,0,71.2,413.4,522.81,38276,Delayed,2
100992,AL11,Singapore,budget,2.0,Economy,Aisle,4.38,Mobile App,Yes,Online,20.0,19,2024-01-01,1,0,1,0.596,633.23,2009.9,5.26,1,66.5,864.89,1014.74,130724,Delayed,2
101371,AL16, THAILAND ,budget,3.0,Economy,Aisle,5.03,Website,No,Card,47.0,4,2024-12-17,12,0,0,0.636,469.64,1568.1,10.0,1,72.7,759.82,823.02,114490,On-Time,4
103515,AL10,Malaysia,full-service,2.0,Premium Economy,Aisle,2.61,Website,No,Online,43.0,5,2024-01-24,1,0,0,0.658,108.47,411.7,6.0,0,48.2,541.73,632.59,103627,On-Time,4
102593,AL01,Singapore,full-service,3.0,Economy,Middle,0.9,Travel Agent,Yes,Card,18.0,44,2025-01-30,1,0,1,0.671,192.64,446.7,6.94,1,66.9,369.91,489.67,38169,On-Time,3
103668,AL18,Australia,budget,2.0,Business,Aisle,2.56,Airport Counter,No, Cash ,43.0,65,2024-09-24,9,0,0,0.829,1187.76,3906.3,6.45,1,32.3,1589.08,1658.37,425324,On-Time,4
103469,AL16,Singapore,budget,5.0,Economy,Window,1.77,Mobile App,,Online,18.0,14,2024-01-14,1,1,0,0.79,710.16,2633.9,8.35,0,46.9,1195.1,1456.85,367877,Delayed,2
101396,AL04, AUSTRALIA ,full-service,4.0,Economy,Window,3.51,Travel Agent,No,Online,,1,2024-01-29,1,0,1,0.99,220.97,518.1,8.32,0,65.2,513.38,622.69,118644,Delayed,5
101601,AL12, THAILAND ,premium,2.0,Economy,Middle,2.65,Website,No,Online,45.0,29,2024-10-24,10,0,0,0.863,287.26,576.4,6.35,0,18.2,485.55,642.65,154889,On-Time,2
100141,AL03,thailand,premium,2.0,Premium Economy,Middle,8.03,Walk-in,No,Cash,41.0,9,2024-09-23,9,0,0,0.99,,457.4,7.15,0,57.8,520.81,602.14,79929,Delayed,3
101718,AL12, PHILIPPINES ,premium,3.0,Economy,Window,3.71,Mobile App,Yes, Online ,34.0,17,2025-04-01,4,0,0,0.754,348.86,1141.4,6.27,1,62.4,642.79,720.53,79673,Delayed,2
100612,AL18,Malaysia,budget,2.0,Economy,Middle,5.11,Mobile App,Yes,Online,18.0,29,2025-03-06,3,0,1,0.689,734.19,2743.9,7.84,0,36.1,1109.79,1256.65,116798,Delayed,4
101531,AL11,Australia,budget,4.0,Premium Economy,Aisle,1.57,Website,No,Online,41.0,71,2025-01-09,1,0,0,0.791,733.35,2408.6,8.74,1,35.2,1027.4,1121.96,190659,On-Time,4
103829,AL14,Philippines,full-service,3.0,Economy,Window,7.12,Mobile App,No, Card ,24.0,20,2025-03-17,3,0,0,0.81,390.19,1141.5,7.54,0,40.5,594.94,647.14,145375,On-Time,3
101990,AL12,Australia,premium,4.0,Economy,Aisle,6.56,Website,Yes, Online ,44.0,24,2025-04-20,4,1,1,0.483,355.89,837.1,9.48,0,52.2,500.88,613.08,69426,On-Time,3
101251,AL05,Thailand,budget,5.0,First,Middle,0.75,Mobile App,Yes,Card,28.0,20,2025-05-06,5,0,0,0.848,,1901.8,6.82,0,7.9,1146.98,1232.62,201497,On-Time,4
100568,AL15,Singapore,budget,3.0,Economy,Window,1.88,mobile app,No,Online,55.0,41,2024-08-19,8,0,0,0.686,674.76,2308.1,7.12,0,45.5,1033.19,1206.87,147128,On-Time,4
101608,AL03,Japan,premium,5.0,Economy,Window,1.4,Mobile App, Yes ,Card,34.0,1,2024-01-23,1,0,0,0.755,222.88,843.2,6.91,0,75.7,605.09,684.03,126928,Delayed,1
100862,AL02,Indonesia,budget,3.0,Economy,Middle,2.51,travel agent, Yes , Card ,18.0,14,2024-10-23,10,0,0,0.806,352.68,920.2,6.21,0,25.4,514.62,694.24,155864,Cancelled,1
103752,AL18,Indonesia,budget,4.0,Economy,Aisle,2.44,Mobile App,No, Online ,53.0,16,2024-11-28,11,0,0,0.954,190.11,473.7,7.11,0,35.7,458.8,525.8,119930,Delayed,3
103329,AL14,Singapore,full-service,3.0,Economy,Aisle,2.63,website,No, Card ,25.0,52,2024-03-27,3,0,0,0.979,754.8,2065.5,8.75,0,43.5,924.58,1133.67,247375,On-Time,4
103794,AL17,indonesia,full-service,1.0,Economy,Aisle,1.89,mobile app,Yes,Card,33.0,17,2025-03-14,3,0,0,0.99,857.75,2662.7,8.91,0,16.2,1122.26,1196.27,278078,On-Time,4
103391,AL16,Indonesia,budget,3.0,Economy,Middle,5.18,Travel Agent,Yes,Card,39.0,1,2024-09-16,9,0,0,0.716,773.47,2482.3,8.25,1,67.2,933.36,1176.21,233738,On-Time,3
101313,AL11,indonesia,budget,5.0,Premium Economy,Window,7.46,Website,No,Card,18.0,21,2024-05-28,5,0,0,0.824,588.86,1856.4,5.74,0,73.9,975.74,1062.79,215415,Cancelled,2
104131,AL04,Singapore,full-service,4.0,Economy,Window,2.97,travel agent,Yes,Online,19.0,33,2025-05-01,5,0,0,0.632,594.92,1972.6,8.8,0,74.1,941.05,978.92,158580,On-Time,3
101667,AL04,Japan,full-service,5.0,economy,Window,3.45,Travel Agent,No,Online,45.0,22,2025-04-18,4,0,0,0.797,554.51,1742.4,6.32,1,37.5,751.12,829.08,138004,Delayed,3
102892,AL04, SINGAPORE ,full-service,4.0,business,Window,3.57,Travel Agent,No, Online ,23.0,10,2024-06-14,6,0,0,0.801,979.21,3392.9,7.41,0,54.5,1586.74,1701.65,301589,Delayed,3
102392,AL14,Indonesia,full-service,2.0,Premium Economy,Aisle,6.32,mobile app,No,Online,50.0,17,2025-03-07,3,0,0,0.707,659.65,1971.5,8.65,0,47.1,982.9,1089.17,171761,Delayed,3
103201,AL18,Singapore,budget,3.0,economy,Middle,3.63,Website, No ,Online,31.0,12,2024-05-29,5,0,0,0.746,1291.21,4375.4,7.06,0,53.2,1681.58,1717.76,139263,On-Time,3
101197,AL14,Malaysia,full-service,3.0,economy,Aisle,8.24,Website,No,Card,38.0,13,2024-10-26,10,1,1,0.857,551.17,1774.7,7.62,1,44.9,780.24,1075.57,223688,Cancelled,2
102827,AL12,Vietnam,premium,3.0,Premium Economy,Window,4.07,Travel Agent,No, Card ,42.0,6,2024-06-30,6,1,0,0.771,872.89,2819.1,5.36,1,46.4,1066.51,1181.0,232500,Delayed,3
102973,AL15,Vietnam,budget,3.0,Business,Middle,1.18,airport counter,No,Card,29.0,58,2024-08-07,8,0,0,0.619,472.79,1219.9,7.05,0,32.0,806.5,881.21,85819,On-Time,4
100845,AL16,Indonesia,budget,3.0,Premium Economy,Window,1.62,Website, Yes , Online ,45.0,2,2024-03-12,3,0,0,0.805,511.77,1628.0,9.69,0,100.0,1002.74,1118.01,163285,Delayed,2
100602,AL15,Thailand,budget,5.0,Premium Economy,Window,2.82,Mobile App,No,Online,25.0,4,2025-01-01,1,0,0,0.97,234.32,696.1,6.36,0,39.4,655.93,731.12,44526,Delayed,3
102567,AL11,Singapore,budget,4.0,Economy,Window,2.86,Walk-in,Yes,Online,28.0,39,2024-07-07,7,1,0,0.838,712.5,2512.5,6.26,0,52.5,1095.39,1129.09,108781,On-Time,3
103475,AL11,Malaysia,budget,4.0,Economy,Window,5.93,Travel Agent, No ,Online,58.0,12,2024-09-22,9,1,0,0.969,348.73,1208.8,5.64,1,17.6,567.81,659.2,166319,Delayed,2
103215,AL14,Malaysia,full-service,4.0,Economy,Aisle,3.09,Website,No,Online,35.0,20,2025-04-24,4,0,0,0.841,439.12,1350.0,6.67,0,94.2,705.43,843.12,108028,On-Time,4
101932,AL16,japan,budget,3.0,Economy,Middle,3.22,website,No, Card ,49.0,16,2025-04-06,4,1,0,0.817,702.51,2690.7,9.2,0,22.8,1072.76,1261.15,274681,On-Time,4
101936,AL13,vietnam,full-service,3.0,Premium Economy,Aisle,4.85,Website,No,Cash,40.0,26,2024-04-21,4,1,0,0.612,406.77,1288.3,9.53,0,37.4,813.2,874.0,118091,Delayed,3
101545,AL04,philippines,full-service,3.0,Economy,Window,4.2,Airport Counter, No ,Online,58.0,14,2025-03-02,3,1,0,0.764,480.13,1259.6,9.75,0,71.9,747.0,840.82,75060,On-Time,3
103319,AL08,malaysia,full-service,3.0,Premium Economy,Window,5.35,Mobile App,,Card,41.0,44,2024-06-29,6,1,1,0.832,601.72,1711.4,9.08,1,34.5,807.54,1063.75,166373,On-Time,4
104066,AL04, Malaysia ,full-service,3.0,Premium Economy,Middle,1.24,Website,Yes,Card,26.0,8,2025-06-19,6,0,0,,792.43,2552.6,8.86,0,92.6,1217.97,1267.41,141569,Delayed,2
100423,AL02,thailand,budget,4.0,Economy,Window,4.84,Travel Agent,Yes,Card,36.0,56,2025-03-02,3,1,0,0.912,518.4,1561.2,8.17,1,33.1,693.94,760.62,82454,Delayed,4
103285,AL03,malaysia,premium,3.0,economy,Window,1.14,Travel Agent,Yes,Online,42.0,7,2025-01-19,1,1,0,0.635,412.7,1146.9,6.28,0,32.8,621.99,758.26,86455,On-Time,3
101302,AL14,Australia,full-service,3.0,Economy,Aisle,1.85,Airport Counter,Yes,Online,47.0,7,2024-07-04,7,0,0,0.776,393.45,842.8,8.39,1,69.7,478.45,610.98,50553,Delayed,4
100828,AL16,singapore,budget,3.0,Economy,Middle,2.68,Website,Yes,Online,22.0,9,2025-02-03,2,0,0,0.735,304.15,747.4,6.45,0,32.4,478.3,573.27,58545,On-Time,4
100151,AL07,Australia,full-service,3.0,Business,Aisle,4.0,Mobile App, No , Card ,42.0,8,2024-09-20,9,0,0,0.925,531.95,1678.2,7.76,0,39.4,959.76,1049.72,87742,On-Time,3
101402,AL06,Indonesia,premium,4.0,economy,Middle,7.68,Website,No,Online,34.0,2,2024-10-23,10,0,0,,,1306.1,8.73,0,54.6,788.97,829.29,79504,On-Time,3
102743,AL01, Australia ,full-service,3.0,business,Aisle,3.44,Airport Counter,No,Card,41.0,19,2024-12-01,12,1,0,0.734,1016.29,3774.4,8.16,0,28.9,1673.69,1822.26,358488,On-Time,5
103480,AL04,Indonesia,full-service,1.0,Economy,Aisle,2.02,Website, No ,Card,28.0,35,2024-01-09,1,0,0,0.858,632.62,1855.5,,0,54.7,865.03,1028.13,85727,On-Time,2
100036,AL09, INDONESIA ,budget,3.0,Economy,Aisle,1.38,Travel Agent,No,Card,48.0,10,2025-01-28,1,0,0,0.737,477.36,1548.0,5.93,0,75.0,847.48,886.7,133781,Delayed,3
102676,AL17, SINGAPORE ,full-service,3.0,Economy,Middle,3.55,Travel Agent, No ,Card,40.0,36,2024-02-21,2,0,0,0.656,797.18,2251.0,8.29,0,56.2,1017.09,1102.4,145373,On-Time,3
102699,AL03,Thailand,premium,2.0,Economy,Middle,1.82,Walk-in,Yes,Card,,7,2025-01-25,1,1,0,0.745,385.13,1248.4,5.95,1,100.0,711.46,750.63,71426,On-Time,3
100397,AL03,Vietnam,premium,2.0,Business,Middle,1.41,Mobile App,Yes, Card ,36.0,69,2024-12-15,12,1,0,0.691,770.74,2566.5,8.55,0,46.2,1293.1,1377.32,236975,Cancelled,3
101005,AL16,Thailand,budget,3.0,Business,Middle,2.48,Website,Yes,Card,25.0,11,2024-03-30,3,1,0,0.82,600.2,1799.5,6.58,1,60.3,861.96,992.1,232230,Delayed,3
100166,AL09,malaysia,budget,5.0,First,Window,3.23,Website,No,Card,28.0,3,2025-03-13,3,0,1,0.99,384.65,1202.8,8.03,0,42.4,975.66,1083.67,267142,Delayed,3
100929,AL11,philippines,budget,3.0,Economy,Middle,2.64,Travel Agent,No, Online ,55.0,53,2025-03-08,3,1,0,0.989,229.24,427.8,7.19,1,27.1,380.54,497.79,40676,On-Time,4
104110,AL08, Thailand ,full-service,3.0,Economy,Window,1.52,Website,Yes, Online ,33.0,5,2024-09-17,9,0,0,0.868,216.39,402.5,7.99,0,34.4,353.95,406.3,89213,Delayed,2
101225,AL17,Malaysia,full-service,3.0,First,Aisle,3.39,Mobile App,No,Card,58.0,3,2025-05-30,5,0,0,0.732,95.39,618.1,6.5,0,5.0,722.12,925.84,217277,On-Time,4
102605,AL09, Indonesia ,budget,3.0,Economy,Aisle,3.03,travel agent, Yes ,Online,27.0,25,2024-03-31,3,1,0,0.777,433.57,1265.5,6.09,1,42.1,598.05,767.98,103098,Delayed,2
100588,AL11, AUSTRALIA ,budget,4.0,premium economy,Aisle,4.48,website,Yes,Online,,152,2025-05-05,5,0,0,0.685,566.23,1374.6,9.27,0,53.5,801.63,978.68,131142,Delayed,4
100142,AL17,Philippines,full-service,3.0,Economy,Window,1.83,Mobile App, Yes ,Online,27.0,87,2025-03-15,3,1,0,0.637,415.18,819.6,7.3,1,100.0,492.93,626.41,65466,Delayed,3
101240,AL12,Philippines,premium,3.0,Business,Aisle,0.75,Mobile App, No ,Online,34.0,9,2024-02-21,2,0,0,0.786,482.45,1915.0,8.65,0,68.8,1121.0,1272.1,319302,On-Time,4
100778,AL15,Japan,budget,4.0,Economy,Window,2.88,Travel Agent,No,Online,49.0,63,2025-06-11,6,0,0,0.819,295.22,926.6,4.65,1,50.2,434.75,556.18,135371,Delayed,1
103434,AL05, SINGAPORE ,budget,4.0,Economy,Aisle,2.1,Website,Yes, Cash ,39.0,44,2024-04-11,4,0,0,0.855,410.1,1072.5,8.64,0,51.0,552.4,651.34,110401,Delayed,4
100451,AL10, JAPAN ,full-service,4.0,Economy,Middle,1.94,Airport Counter,Yes,Online,33.0,32,2024-03-10,3,1,0,0.79,482.76,1488.1,7.52,1,19.4,631.15,864.08,88883,On-Time,4
102622,AL13,Malaysia,full-service,3.0,Economy,Window,3.55,Mobile App,Yes,Online,18.0,11,2024-02-26,2,0,0,0.702,498.45,1387.8,6.91,1,86.6,614.96,644.56,38687,Delayed,3
101557,AL01,australia,full-service,4.0,Economy,Aisle,5.9,Website,, Online ,38.0,57,2024-11-13,11,0,0,0.826,244.05,518.7,8.84,0,33.6,380.9,558.78,58346,On-Time,5
103880,AL02,Australia,budget,5.0,Premium Economy,Window,0.97,Website, Yes , Online ,21.0,8,2024-10-19,10,1,0,0.738,1314.15,4663.6,8.42,0,41.8,1908.86,2076.18,326778,Delayed,3
103151,AL08,Thailand,full-service,3.0,Economy,Middle,6.89,Walk-in, No ,Online,40.0,87,2024-05-22,5,0,0,0.935,380.15,1346.2,8.3,0,26.5,692.13,881.39,111298,Cancelled,3
102927,AL02,Japan,budget,3.0,Economy,Window,3.46,mobile app, No , Online ,37.0,7,2024-10-18,10,0,1,0.888,923.35,3360.3,6.88,0,61.8,1317.03,1453.1,103305,Cancelled,2
100237,AL18, Vietnam ,budget,4.0,Economy,Aisle,1.34,Website,No,Card,32.0,7,2024-02-18,2,1,0,0.754,372.19,964.7,7.59,0,59.9,522.7,583.56,77736,On-Time,3
100989,AL02,Philippines,budget,3.0,Premium Economy,Window,1.64,Mobile App,Yes,Card,38.0,1,2024-04-17,4,0,0,0.742,192.66,812.0,,0,89.5,691.15,735.36,186211,Delayed,2
101374,AL02, AUSTRALIA ,budget,3.0,Economy,Middle,2.72,Mobile App, No ,Online,30.0,25,2024-04-05,4,0,0,0.695,1154.71,3828.5,7.52,0,79.5,1525.15,1561.86,202155,Delayed,2
103213,AL08, VIETNAM ,full-service,4.0,Premium Economy,Window,5.7,Walk-in,Yes,Card,47.0,11,2025-01-25,1,1,0,0.881,686.92,2104.7,8.9,0,70.7,1078.52,1145.02,204280,Delayed,3
102462,AL01,Philippines,full-service,3.0,Economy,Window,9.26,Travel Agent,No,Cash,,4,2024-07-09,7,0,1,0.688,910.06,3077.1,7.36,0,41.4,1235.95,1288.54,233571,Cancelled,3
101021,AL14, SINGAPORE ,full-service,3.0,Business,Aisle,2.3,Website,No,Card,35.0,9,2024-09-19,9,0,0,0.558,267.88,734.9,5.66,0,90.1,712.33,856.1,180276,On-Time,3
103131,AL05,vietnam,budget,3.0,Economy,Middle,8.56,Airport Counter,Yes,Online,37.0,11,2025-03-28,3,0,0,0.753,422.08,1653.7,8.78,1,60.5,634.04,738.4,171830,On-Time,3
104183,AL03,Thailand,premium,2.0,Economy,Aisle,7.28,Mobile App,No, Online ,48.0,31,2024-09-21,9,1,0,0.637,187.18,224.8,7.42,0,94.1,377.06,455.41,71865,Delayed,3
102985,AL03,Indonesia,premium,2.0,Economy,Window,3.22,Travel Agent,Yes,Online,43.0,9,2024-03-06,3,0,1,0.711,295.52,638.1,5.45,1,67.1,432.9,455.79,29833,Delayed,2
103585,AL05,Vietnam,budget,4.0,Economy,Aisle,1.07,Website,No, Online ,18.0,86,2025-03-10,3,0,0,0.75,387.28,864.1,8.3,0,97.6,622.97,792.31,74355,Delayed,3
101469,AL05,Thailand,budget,2.0,Business,Aisle,6.12,Airport Counter,,Card,38.0,36,2024-07-05,7,0,1,0.763,746.93,2563.6,7.42,0,40.9,1226.72,1331.6,313945,On-Time,5
103489,AL04,Indonesia,full-service,4.0,Economy,Aisle,3.64,Mobile App, No , Card ,38.0,29,2024-02-21,2,0,0,0.659,214.62,594.4,4.47,0,38.4,447.94,572.86,77513,On-Time,1
103077,AL17, Japan ,full-service,2.0,Premium Economy,Middle,2.66,Website,Yes,Online,32.0,20,2024-08-01,8,0,0,0.644,631.86,2137.3,7.43,0,77.4,1080.42,1202.44,125962,On-Time,3
101579,AL04, MALAYSIA ,full-service,3.0,Economy,Middle,6.19,Airport Counter,Yes,Cash,31.0,10,2024-06-20,6,0,1,0.656,357.19,881.8,4.14,0,50.9,562.72,609.2,42110,On-Time,3
101795,AL18,Thailand,budget,3.0,Premium Economy,Aisle,4.26,Travel Agent, Yes ,Online,38.0,10,2025-05-06,5,0,0,0.875,765.51,2352.5,8.9,1,74.3,955.14,1007.86,128864,Delayed,4
103200,AL07,Thailand,full-service,3.0,economy,Window,2.41,Travel Agent,No, Online ,,11,2025-03-19,3,0,0,0.686,275.32,648.0,7.34,1,35.4,424.41,625.18,83250,On-Time,4
102263,AL17, SINGAPORE ,full-service,4.0,Economy,Aisle,2.81,Website,No,Card,26.0,3,2024-01-23,1,0,0,0.867,162.32,150.0,10.0,1,41.7,321.34,488.73,55502,On-Time,3
102383,AL08,Thailand,full-service,3.0,Economy,Aisle,10.61,Website,Yes,Card,27.0,73,2024-11-09,11,1,1,0.721,633.97,2401.4,5.32,0,24.8,1000.08,1039.63,204958,Delayed,4
100803,AL17,malaysia,full-service,4.0,Economy,Middle,1.41,mobile app,No,Card,22.0,59,2024-02-02,2,0,0,0.772,361.74,1161.4,10.0,1,73.7,584.33,628.75,161887,On-Time,5
103979,AL03,Indonesia,premium,4.0,Economy,Middle,3.19,Airport Counter, Yes ,Online,52.0,14,2024-06-09,6,1,0,0.926,348.89,1167.8,5.35,0,64.9,690.97,816.3,152928,Delayed,2
102421,AL17, SINGAPORE ,full-service,3.0,Premium Economy,Window,14.43,Mobile App,Yes, Cash ,46.0,8,2024-09-20,9,0,0,0.899,83.97,352.0,6.52,1,40.5,411.0,478.87,96282,On-Time,3
101226,AL09,Thailand,budget,4.0,Economy,Middle,3.45,Website, Yes ,Online,37.0,27,2025-02-08,2,1,0,0.865,417.51,1047.6,6.97,0,89.9,621.55,682.25,91631,Delayed,2
101203,AL01, Thailand ,full-service,4.0,Economy,Middle,3.4,walk-in,No,Card,43.0,94,2024-03-22,3,0,0,0.915,329.56,1304.2,7.87,0,71.0,664.32,697.32,114271,On-Time,3
103688,AL01,Philippines,full-service,4.0,Economy,Aisle,2.77,Walk-in,Yes,Card,30.0,27,2025-04-23,4,0,0,0.683,530.53,1515.5,7.67,0,36.4,768.02,931.68,127900,Cancelled,3
100855,AL13, Japan ,full-service,2.0,Premium Economy,Window,1.39,Mobile App,Yes,Card,22.0,22,2024-06-14,6,0,0,0.787,378.7,1184.8,7.1,0,66.1,769.02,856.24,184035,On-Time,4
102356,AL12, Thailand ,premium,5.0,Economy,Window,7.14,website,Yes,Online,37.0,15,2024-07-20,7,1,0,0.612,486.97,1212.6,8.01,0,33.1,644.13,740.85,177153,Delayed,3
101961,AL18,Thailand,budget,4.0,Economy,Aisle,4.15,Walk-in,No,Card,38.0,10,2024-01-31,1,0,0,0.865,,786.2,8.2,1,59.3,464.12,511.85,80785,Delayed,4
103202,AL16,Malaysia,budget,3.0,Business,Aisle,3.48,mobile app, No ,Card,28.0,21,2024-02-22,2,0,0,0.779,958.56,3335.6,10.0,0,57.1,1556.34,1638.84,112037,Cancelled,3
101564,AL06, THAILAND ,premium,3.0,Economy,Aisle,2.24,Website,Yes,Card,46.0,64,2025-02-23,2,1,0,0.786,1187.23,4051.5,9.88,0,48.7,1592.42,1714.1,426137,Delayed,2
104085,AL18,Malaysia,budget,4.0,Economy,Aisle,3.35,Mobile App, No ,Online,33.0,30,2024-11-19,11,0,0,0.676,716.12,2140.5,5.47,0,26.7,947.15,1055.45,132152,Delayed,2
101124,AL11,Australia,budget,4.0,premium economy,Aisle,1.11,Mobile App,No,Card,32.0,37,2025-01-22,1,0,0,,252.24,902.7,6.85,0,62.4,705.29,891.66,88686,Delayed,3
103966,AL01,Malaysia,full-service,5.0,Economy,Middle,2.57,Website,No,Online,63.0,14,2024-08-22,8,0,0,0.833,176.1,424.3,9.32,0,60.6,392.57,469.94,57675,Delayed,2
102794,AL17,Thailand,full-service,4.0,Economy,Aisle,5.83,Travel Agent,No,Card,,9,2024-08-29,8,0,0,0.938,547.87,1878.1,7.81,0,34.4,902.12,956.08,72792,On-Time,3
102896,AL03, MALAYSIA ,premium,,Economy,Middle,1.71,Airport Counter,No,Online,35.0,84,2024-10-19,10,1,0,0.828,307.29,1217.9,6.91,1,30.8,574.13,621.71,116890,On-Time,4
102193,AL18, VIETNAM ,budget,4.0,Economy,Window,2.64,travel agent,No,Online,55.0,22,2025-06-17,6,0,0,0.85,1113.28,3281.1,7.28,1,31.4,1180.51,1293.39,212930,Delayed,3
104010,AL09,Indonesia,budget,3.0,Economy,Aisle,1.82,Walk-in,No,Cash,35.0,13,2025-04-09,4,0,0,0.809,,971.7,7.09,0,54.3,599.65,660.52,64822,Delayed,3
101267,AL17,Philippines,full-service,5.0,economy,Middle,4.07,Airport Counter, No ,Cash,27.0,8,2024-05-14,5,0,0,0.855,526.08,1412.5,7.73,0,53.9,823.16,890.24,157567,On-Time,3
104069,AL09,Singapore,budget,3.0,Economy,Window,4.56,Mobile App, Yes , Card ,32.0,108,2024-06-16,6,1,1,0.99,452.04,1452.6,6.16,1,47.0,574.79,752.56,151902,Delayed,3
101443,AL08, THAILAND ,full-service,2.0,Business,Window,5.97,Website,No,Card,26.0,71,2024-08-24,8,1,0,0.726,475.78,1618.1,5.62,1,75.7,888.63,1053.24,160800,Delayed,2
100959,AL12,Indonesia,premium,3.0,Premium Economy,Middle,2.22,Travel Agent,No,Card,39.0,50,2024-12-04,12,0,0,0.818,462.45,1457.6,8.81,1,44.5,778.71,848.07,205709,Delayed,3
103346,AL18,malaysia,budget,4.0,Economy,Middle,2.24,Travel Agent,No,Online,44.0,5,2025-05-29,5,0,0,0.717,138.73,539.9,6.39,0,52.1,439.24,604.57,86914,Delayed,2
100185,AL09,Thailand,budget,4.0,business,Middle,2.06,Travel Agent,No,Card,27.0,38,2024-07-05,7,0,0,0.806,295.18,642.0,7.57,0,45.2,654.56,773.76,162085,Delayed,4
103371,AL12,Vietnam,premium,3.0,Economy,Window,2.22,Travel Agent, Yes ,Online,40.0,3,2025-01-13,1,0,0,0.795,504.04,1901.9,6.23,1,56.6,829.84,896.97,158423,Delayed,4
100037,AL03,australia,premium,3.0,Economy,Window,0.75,Mobile App, No ,Online,35.0,42,2024-12-24,12,0,0,0.786,733.86,2410.5,5.23,0,60.9,1005.44,1034.58,94411,On-Time,3
101178,AL02, VIETNAM ,budget,3.0,Economy,Aisle,5.43,Mobile App,No,Online,50.0,36,2025-04-28,4,0,0,0.833,256.78,802.8,6.71,1,76.0,492.67,661.09,51690,On-Time,3
100096,AL02,Japan,budget,3.0,Economy,Aisle,1.65,Airport Counter,No,Online,41.0,28,2024-08-29,8,0,0,0.677,691.88,2494.3,,1,55.7,956.95,1059.82,140242,On-Time,4
103967,AL09,vietnam,budget,3.0,Economy,Aisle,2.71,Mobile App,Yes,Online,39.0,1,2025-04-27,4,1,0,0.758,677.01,1641.2,9.1,0,34.5,781.82,857.97,62695,Delayed,4
100071,AL12,Japan,premium,3.0,Economy,Aisle,3.59,Mobile App,No,Online,41.0,6,2025-04-20,4,1,0,0.626,174.13,352.3,9.44,0,29.9,475.68,524.82,47807,On-Time,4
104089,AL10,Singapore,full-service,3.0,Premium Economy,Window,5.44,Website,No,Card,32.0,62,2024-12-31,12,0,0,0.828,362.17,1094.3,9.32,1,100.0,686.69,754.53,121342,Cancelled,2
102992,AL05,malaysia,budget,4.0,Economy,Aisle,2.91,Website,No,Online,43.0,2,2025-04-22,4,0,0,0.746,573.36,1801.4,7.89,0,23.7,845.29,913.41,174593,On-Time,3
102747,AL16, Malaysia ,budget,3.0,Economy,Aisle,5.55,Travel Agent, Yes , Card ,38.0,8,2024-09-24,9,0,0,0.916,487.29,1645.7,7.32,0,15.7,840.94,888.16,217659,Delayed,3
101698,AL16, THAILAND ,budget,4.0,Premium Economy,Aisle,4.69,Walk-in,No,Card,49.0,28,2024-05-05,5,1,0,0.777,506.86,1835.8,6.22,0,61.3,906.43,954.37,190531,Delayed,2
100669,AL11, Indonesia ,budget,2.0,Economy,Middle,2.15,Mobile App, No ,Cash,18.0,21,2024-06-29,6,1,0,0.747,196.84,723.0,6.47,0,63.7,558.16,700.52,169603,On-Time,2
102335,AL15,Philippines,budget,3.0,Economy,Window,3.14,Website,Yes,Card,29.0,27,2025-02-08,2,1,0,0.676,598.49,1985.2,7.51,0,58.2,900.05,932.46,119351,Delayed,2
101857,AL13,Malaysia,full-service,4.0,Business,Aisle,6.15,Airport Counter,No,Card,54.0,24,2024-03-07,3,0,0,0.879,367.02,756.8,8.75,0,57.2,697.86,843.23,156294,Delayed,4
101657,AL08,Thailand,full-service,3.0,Business,Aisle,3.66,airport counter,No,Online,54.0,4,2025-01-20,1,0,0,0.889,317.69,809.2,7.34,0,43.7,794.78,1122.03,170624,On-Time,4
103225,AL09, INDONESIA ,budget,3.0,Economy,Aisle,2.01,Website,No,Card,45.0,16,2024-02-14,2,0,0,0.773,254.11,609.3,9.6,0,84.3,440.69,517.1,97316,On-Time,3
102108,AL07,indonesia,full-service,3.0,Premium Economy,Middle,7.23,Mobile App,No,Card,32.0,28,2025-03-10,3,0,0,0.681,229.5,404.2,6.96,0,88.9,548.71,602.75,141750,Delayed,3
103032,AL03,Philippines,premium,3.0,Premium Economy,Middle,1.8,Travel Agent, Yes ,Cash,36.0,19,2024-01-17,1,0,0,0.798,178.5,597.7,8.75,0,48.2,580.47,789.11,153310,On-Time,4
102143,AL09,australia,budget,3.0,Premium Economy,Window,1.43,Walk-in,,Card,36.0,8,2024-01-24,1,0,0,0.648,285.71,792.1,,1,25.0,556.34,651.68,68765,On-Time,3
101966,AL08,Indonesia,full-service,5.0,Economy,Aisle,1.09,Walk-in,Yes,Online,30.0,36,2024-03-17,3,1,0,0.855,785.57,1968.6,8.57,0,19.6,900.67,957.53,212528,On-Time,3
101874,AL02,Malaysia,budget,3.0,economy,Aisle,2.97,Mobile App,No,Card,31.0,85,2024-05-28,5,0,0,0.961,746.64,2327.2,7.28,0,48.4,968.8,1029.78,66073,On-Time,3
101377,AL15,Vietnam,budget,3.0,Economy,Window,0.75,Travel Agent,Yes,Online,42.0,66,2025-06-27,6,0,0,0.803,362.14,1297.8,6.74,1,35.2,546.66,588.28,70320,On-Time,4
103610,AL12,Australia,premium,4.0,Premium Economy,Window,9.05,Website,No,Card,18.0,69,2025-01-30,1,0,0,0.653,487.38,1517.9,4.16,1,52.1,807.66,849.1,213355,Delayed,1
100993,AL07,Singapore,full-service,1.0,Economy,Aisle,2.23,Airport Counter,No,Online,32.0,51,2024-03-07,3,0,0,0.704,318.46,1132.3,5.67,0,49.7,528.22,679.13,75805,On-Time,3
101914,AL17,Philippines,full-service,2.0,Business,Window,4.34,Airport Counter,Yes,Online,35.0,3,2025-06-09,6,0,0,0.868,106.55,479.5,9.18,1,39.0,618.49,740.27,74950,On-Time,4
102410,AL14, SINGAPORE ,full-service,2.0,Economy,Window,1.58,Travel Agent,No,Online,43.0,22,2024-06-20,6,0,0,0.942,292.98,547.2,7.35,1,31.1,432.29,464.0,46734,On-Time,4
103761,AL02,Singapore,budget,2.0,Premium Economy,Window,5.94,Travel Agent,Yes,Cash,28.0,27,2024-06-08,6,1,1,0.494,455.12,1600.3,5.95,0,52.7,788.16,998.61,217457,Delayed,2
100078,AL10, Malaysia ,full-service,3.0,premium economy,Window,3.89,Mobile App, Yes , Card ,69.0,3,2024-06-07,6,0,0,0.74,,605.4,6.3,0,63.0,573.63,613.86,122709,On-Time,2
103847,AL09,Singapore,budget,4.0,Business,Aisle,3.54,Website,No,Card,18.0,14,2024-07-27,7,1,0,0.789,229.31,352.5,6.73,1,83.9,544.27,755.07,142754,Delayed,3
101710,AL18, JAPAN ,budget,3.0,First,Aisle,2.72,Airport Counter, Yes ,Card,27.0,1,2024-09-23,9,0,0,0.663,1148.69,3408.5,6.3,0,69.9,1708.4,1959.46,472934,Delayed,2
103460,AL02, AUSTRALIA ,budget,4.0,Premium Economy,Middle,1.85,Mobile App,Yes, Online ,44.0,45,2024-03-16,3,1,1,0.828,293.34,968.8,8.13,1,51.3,556.19,600.94,135603,Delayed,3
101953,AL17,philippines,full-service,3.0,Economy,Aisle,2.08,mobile app,Yes,Card,43.0,44,2024-09-03,9,0,1,0.672,341.81,1086.1,7.4,0,24.0,600.97,726.47,65927,Delayed,3
103114,AL13,Thailand,full-service,3.0,Economy,Aisle,3.65,Mobile App,Yes,Cash,40.0,3,2025-05-24,5,1,0,0.901,802.39,2510.0,8.63,0,52.8,1152.26,1242.36,252516,Delayed,2
102281,AL08,Vietnam,full-service,3.0,Economy,Middle,1.27,Travel Agent,No,Online,33.0,14,2025-06-21,6,1,0,0.772,380.12,1232.1,7.92,0,77.3,673.19,1002.02,85826,Delayed,2
100943,AL11,Thailand,budget,3.0,Business,Middle,4.34,Airport Counter,No,Card,35.0,10,2024-04-21,4,1,1,0.621,1001.73,3208.4,7.23,0,40.0,1477.52,1561.42,267839,Cancelled,3
102562,AL18,Japan,budget,3.0,Premium Economy,Aisle,6.49,Website,Yes,Online,32.0,1,2024-08-21,8,0,0,0.76,,520.1,10.0,1,68.2,544.45,676.95,91171,Delayed,5
103402,AL17, Thailand ,full-service,3.0,Premium Economy,Aisle,5.6,travel agent,Yes,Online,49.0,1,2025-04-19,4,1,0,0.739,826.82,2731.3,8.55,1,53.4,1071.58,1261.91,242151,Delayed,3
100241,AL15,Malaysia,budget,3.0,Economy,Aisle,3.94,Mobile App,Yes,Cash,45.0,17,2024-07-21,7,1,0,0.809,121.65,256.4,8.15,0,45.0,313.55,459.72,95492,Delayed,3
102641,AL16,Japan,budget,3.0,Economy,Aisle,6.47,Website, Yes , Card ,39.0,51,2025-05-19,5,0,0,0.658,452.79,1589.7,7.33,0,37.2,734.24,781.42,90481,On-Time,3
103899,AL16,vietnam,budget,3.0,Economy,Window,2.59,Website,Yes,Card,47.0,36,2024-10-17,10,0,0,0.764,784.96,2391.0,7.88,0,62.6,11017.56154311691,1070.31,223490,Delayed,3
100526,AL09,Singapore,budget,3.0,Economy,Aisle,1.45,Travel Agent,Yes,Cash,25.0,24,2024-09-17,9,0,0,0.882,278.0,644.5,6.15,1,52.8,394.96,480.71,70100,On-Time,4
102573,AL15, Singapore ,budget,4.0,Premium Economy,Aisle,5.1,Walk-in,No,Online,47.0,9,2025-04-09,4,0,0,0.619,303.96,1034.1,5.31,0,36.9,697.01,777.83,182659,On-Time,3
102720,AL16,Malaysia,budget,4.0,Economy,Aisle,4.11,Airport Counter,No,Card,34.0,9,2024-04-25,4,0,0,0.965,334.2,922.7,8.42,0,50.1,647.63,723.63,110012,Delayed,3
102626,AL03,Malaysia,premium,3.0,premium economy,Aisle,5.63,Mobile App,Yes,Card,42.0,1,2025-02-08,2,1,0,0.769,532.16,1401.6,10.0,1,44.2,748.59,879.41,58501,Delayed,3
102449,AL07, MALAYSIA ,full-service,3.0,First,Middle,7.41,Website, No ,Card,45.0,6,2024-12-28,12,1,0,0.766,525.91,1783.3,,0,61.9,1132.94,1302.05,185993,Delayed,3
102041,AL08,Malaysia,full-service,3.0,Economy,Middle,7.23,Mobile App, Yes ,Card,42.0,28,2024-01-11,1,0,0,0.759,826.29,2591.0,6.03,0,53.3,1052.21,1187.58,219540,On-Time,4
101806,AL15, MALAYSIA ,budget,3.0,Business,Window,3.17,Mobile App,No,Card,54.0,18,2025-03-18,3,0,0,0.718,310.94,1222.3,7.64,0,83.6,868.53,1048.71,216789,Delayed,3
102326,AL18, MALAYSIA ,budget,2.0,Economy,Middle,6.66,Airport Counter,No,Online,34.0,17,2024-03-23,3,1,1,0.632,256.97,685.8,8.6,0,20.6,498.2,667.97,49389,Cancelled,2
103348,AL15,vietnam,budget,4.0,First,Aisle,3.13,Airport Counter,No,Online,36.0,25,2024-08-11,8,1,0,0.699,835.68,2709.9,7.1,0,13.8,1364.51,1508.77,175536,On-Time,3
100083,AL03,Japan,premium,4.0,Economy,Window,5.55,Airport Counter,No,Online,22.0,61,2025-04-04,4,0,0,0.768,400.65,941.6,8.7,0,28.7,623.27,818.79,89053,On-Time,5
100429,AL18,Malaysia,budget,,Economy,Middle,8.97,Travel Agent, No ,Online,34.0,18,2024-01-31,1,0,0,0.936,438.43,1571.2,6.29,0,33.0,724.51,783.25,105476,Delayed,2
102420,AL16,Malaysia,budget,4.0,Premium Economy,Middle,2.45,Website,No, Card ,28.0,4,2025-02-23,2,1,0,0.702,259.14,863.6,6.66,1,85.0,579.63,669.69,110456,Delayed,3
102529,AL08, Malaysia ,full-service,3.0,Economy,Window,4.08,Airport Counter,No,Online,29.0,5,2024-03-21,3,0,0,0.74,545.53,1815.1,8.56,0,46.5,834.33,874.0,179145,Delayed,2
103541,AL16,vietnam,budget,2.0,Economy,Aisle,9.28,Mobile App,No,Card,48.0,3,2024-02-24,2,1,0,0.793,504.12,1642.5,6.3,0,41.5,803.6,960.25,144438,Delayed,2
100981,AL09,Malaysia,budget,2.0,Premium Economy,Middle,1.94,Mobile App,No,Online,31.0,5,2024-09-21,9,1,0,0.721,348.14,1497.9,9.27,0,52.1,900.67,1026.09,174056,Delayed,2
103533,AL05,thailand,budget,3.0,Premium Economy,Aisle,6.96,Mobile App, Yes ,Online,22.0,16,2024-01-21,1,1,1,0.947,154.57,600.8,7.58,0,66.7,574.79,734.7,54475,Delayed,2
100759,AL06,Thailand,premium,3.0,First,Window,2.04,Website,No, Card ,39.0,28,2024-06-22,6,1,0,0.748,198.1,554.1,8.66,1,28.7,589.12,709.56,111420,On-Time,5
101478,AL05,Australia,budget,3.0,economy,Aisle,3.39,travel agent,No,Card,40.0,42,2025-02-05,2,0,0,0.888,283.69,458.2,6.52,0,65.9,390.22,554.41,39076,Delayed,3
100338,AL16,Indonesia,budget,3.0,economy,Aisle,0.77,Website,No,Card,29.0,54,2024-01-05,1,0,0,0.818,251.3,278.0,6.33,0,56.9,360.84,459.18,63659,On-Time,3
100026,AL07, Singapore ,full-service,5.0,Economy,Window,4.78,Mobile App,No,Cash,39.0,30,2025-05-24,5,1,1,0.696,609.83,1786.2,5.81,0,26.9,765.42,818.5,127585,On-Time,3
102603,AL16, INDONESIA ,budget,5.0,Premium Economy,Middle,4.0,Website,No,Online,50.0,6,2024-04-25,4,0,0,0.776,305.56,435.9,9.48,0,57.7,552.25,644.27,168086,On-Time,4
101586,AL17,Malaysia,full-service,4.0,Business,Aisle,6.34,Travel Agent,Yes,Card,33.0,38,2024-02-05,2,0,0,0.726,650.2,1973.4,6.59,0,32.6,1098.44,1186.95,128292,On-Time,2
101782,AL03,Malaysia,premium,3.0,Economy,Aisle,2.39,Airport Counter, No ,Online,35.0,34,2025-03-21,3,0,0,0.726,322.58,804.3,5.98,1,89.6,494.53,586.5,46136,On-Time,3
100320,AL03,Thailand,premium,3.0,Premium Economy,Middle,3.58,Website,No,Card,53.0,53,2024-08-26,8,0,0,0.806,387.34,1089.2,7.55,1,85.3,605.41,896.3,209945,On-Time,4
100000,AL16,Malaysia,budget,5.0,Economy,Middle,2.23,Travel Agent,Yes,Card,49.0,7,2024-06-11,6,0,0,0.892,338.54,1023.2,7.34,1,55.9,459.61,649.18,85898,Delayed,3
101911,AL17,australia,full-service,4.0,Premium Economy,Aisle,0.75,Mobile App,Yes, Card ,,3,2024-02-17,2,1,0,0.718,967.09,3459.5,7.55,1,66.1,1393.53,1432.27,213263,Delayed,3
102431,AL13, Singapore ,full-service,5.0,Economy,Aisle,2.95,Walk-in,No,Cash,24.0,7,2024-11-15,11,0,0,0.898,547.55,1465.7,8.54,0,59.1,767.08,818.7,199798,Delayed,4
103696,AL08,Indonesia,full-service,5.0,Business,Aisle,8.38,Mobile App,Yes,Card,31.0,11,2024-09-04,9,0,0,0.669,417.39,998.0,5.95,1,43.3,748.49,950.07,247766,Cancelled,3
100407,AL09, Malaysia ,budget,3.0,Economy,Window,4.88,Website,No,Cash,33.0,23,2024-10-28,10,0,0,0.678,1028.3,3652.5,10.0,0,43.0,1477.29,1552.15,389048,Delayed,4
101084,AL01,Australia,full-service,2.0,Economy,Middle,5.82,Website,,Online,41.0,44,2024-11-02,11,1,0,0.855,263.55,616.6,7.4,0,40.9,456.59,529.82,111113,Delayed,3
101844,AL07,Philippines,full-service,4.0,Economy,Middle,2.27,Airport Counter,No,Online,53.0,16,2025-02-15,2,1,0,0.811,1023.88,3262.1,7.46,0,31.8,1311.86,1408.03,207470,On-Time,3
101284,AL03,Indonesia,premium,3.0,Economy,Window,5.72,Airport Counter,Yes,Online,29.0,33,2024-04-07,4,1,0,0.728,584.08,1504.9,8.02,0,94.1,794.95,853.8,190324,Delayed,4
101191,AL18, MALAYSIA ,budget,2.0,Economy,Aisle,3.58,Travel Agent,Yes,Online,43.0,7,2025-06-11,6,0,0,0.688,386.85,890.7,8.1,0,29.0,586.41,645.2,102156,Delayed,3
100620,AL14,philippines,full-service,4.0,economy,Middle,4.63,Travel Agent,Yes,Online,41.0,3,2024-05-15,5,0,0,0.7,373.54,1011.0,5.86,0,36.7,618.12,721.97,99346,Delayed,3
101793,AL18,Thailand,budget,3.0,Economy,Aisle,7.83,Travel Agent,Yes,Card,51.0,31,2024-10-07,10,0,0,0.97,392.03,1122.7,7.16,0,89.4,647.46,710.45,118629,Delayed,3
100750,AL01,Japan,full-service,3.0,Economy,Aisle,5.19,Travel Agent,No, Card ,46.0,2,2024-10-02,10,0,1,0.728,371.48,1531.6,5.45,0,47.3,786.2,856.63,124359,Delayed,3
102376,AL17, Singapore ,full-service,2.0,premium economy,Middle,2.05,Mobile App,No,Card,,62,2024-09-10,9,0,0,0.708,507.49,1477.2,9.38,0,44.5,857.08,1095.81,73720,Delayed,2
102602,AL03,thailand,premium,5.0,Economy,Window,2.77,Website, No ,Card,45.0,20,2024-04-04,4,0,0,0.797,786.03,2492.7,5.14,0,75.2,1139.05,1258.01,89497,Delayed,1
101971,AL03, MALAYSIA ,premium,3.0,Economy,Aisle,4.69,website,Yes, Card ,42.0,3,2024-11-28,11,0,1,0.829,393.71,1241.2,8.49,0,59.4,739.89,762.94,83428,On-Time,3
103636,AL11,malaysia,budget,4.0,Premium Economy,Middle,5.13,Website,Yes,Online,30.0,30,2024-11-29,11,0,0,0.715,609.24,1981.6,6.41,0,56.8,973.75,1095.48,89614,On-Time,3
104062,AL15,malaysia,budget,,Premium Economy,Middle,2.81,Website,No,Card,34.0,15,2024-12-21,12,1,0,0.7,487.78,1934.1,5.31,0,50.0,1024.58,1076.1,128552,Delayed,2
102865,AL15,Malaysia,budget,2.0,First,Middle,4.21,website,No,Cash,37.0,6,2025-01-23,1,0,0,0.946,879.43,2908.0,5.18,0,56.3,1505.62,1606.72,283788,Delayed,2
100577,AL07,Malaysia,full-service,3.0,Economy,Window,1.49,Website,Yes,Card,24.0,9,2024-04-16,4,0,0,0.853,402.06,1338.2,8.13,0,35.6,754.24,1026.3,89697,On-Time,4
103660,AL06,Philippines,premium,5.0,economy,Window,2.68,Mobile App,Yes,Card,44.0,4,2024-05-04,5,1,0,0.576,273.94,541.4,7.68,0,96.0,537.93,730.82,108930,On-Time,4
101395,AL04,Japan,full-service,3.0,Economy,Middle,5.6,Website, No ,Card,27.0,16,2024-05-04,5,1,0,0.718,338.05,1077.8,6.87,0,50.4,679.12,774.61,91981,On-Time,3
103254,AL08,Malaysia,full-service,3.0,Economy,Window,1.21,Website, No ,Online,24.0,35,2025-06-03,6,0,0,0.851,566.5,1690.5,6.85,0,65.8,831.73,935.49,235302,On-Time,3
104192,AL07,Malaysia,full-service,5.0,Economy,Middle,2.44,Mobile App,Yes,Card,19.0,31,2024-07-18,7,0,0,0.742,804.38,2517.6,5.61,0,14.6,1026.72,1154.6,265947,On-Time,3
102967,AL18,Thailand,budget,3.0,Economy,Middle,4.71,Mobile App,No,Cash,,75,2025-05-29,5,0,0,0.617,470.66,1152.7,6.89,0,31.4,549.66,674.74,152596,Delayed,2
101906,AL16, Vietnam ,budget,2.0,Economy,Middle,2.63,Airport Counter, No ,Online,26.0,18,2024-12-09,12,0,0,0.718,401.39,978.7,7.28,0,27.3,572.5,638.66,71720,On-Time,3
100270,AL06,Vietnam,premium,2.0,Business,Aisle,5.19,mobile app,Yes,Card,32.0,1,2024-08-24,8,1,1,0.678,355.63,1002.7,7.87,0,63.6,861.57,997.56,197716,Delayed,2
100170,AL14,Malaysia,full-service,4.0,Economy,Window,2.55,Mobile App,Yes,Cash,26.0,9,2024-01-05,1,0,0,0.808,210.99,600.2,4.81,0,78.8,504.28,556.58,39703,On-Time,4
103738,AL08,Indonesia,full-service,4.0,economy,Middle,2.91,Walk-in,No,Online,24.0,42,2025-02-03,2,0,1,0.67,232.77,538.0,8.42,0,63.4,461.7,619.53,154647,Delayed,3
103850,AL02, INDONESIA ,budget,3.0,Business,Window,3.25,Mobile App,No,Online,22.0,33,2024-03-07,3,0,0,0.687,1068.42,3443.9,5.83,0,35.7,1561.62,1659.12,373612,Delayed,4
102868,AL12,Indonesia,premium,3.0,Premium Economy,Middle,1.18,Website, No , Cash ,37.0,1,2025-05-22,5,0,0,0.877,217.86,303.4,8.33,1,26.4,398.71,525.5,127586,Delayed,3
102994,AL14,Vietnam,full-service,3.0,Economy,Window,2.87,Mobile App,Yes,Card,34.0,3,2024-03-10,3,1,0,0.69,497.35,1561.3,8.15,1,43.2,741.88,894.73,223900,On-Time,2
103523,AL09, VIETNAM ,budget,5.0,Economy,Window,4.75,mobile app, Yes ,Online,50.0,8,2024-02-21,2,0,0,0.766,548.23,1909.3,5.98,0,48.9,905.53,1016.03,118777,On-Time,4
103984,AL03,Australia,premium,3.0,Economy,Aisle,5.27,Website,Yes,Card,45.0,15,2024-07-14,7,1,0,0.91,416.3,1570.1,7.55,1,71.6,793.82,923.42,133174,Delayed,3
100674,AL13,Philippines,full-service,3.0,Business,Middle,2.42,Website,No,Card,43.0,35,2025-06-13,6,0,1,0.825,,1427.7,,0,57.1,871.16,1012.57,188677,On-Time,4
102164,AL07,Indonesia,full-service,5.0,business,Middle,8.15,Travel Agent,Yes,Card,34.0,21,2024-06-12,6,0,0,0.827,414.73,1250.6,8.96,0,66.7,869.13,1181.09,215825,On-Time,4
100678,AL17,Indonesia,full-service,4.0,Premium Economy,Window,12.04,mobile app,No,Card,,50,2024-11-16,11,1,0,0.661,92.17,299.3,9.86,1,56.2,457.43,533.06,137411,Delayed,3
104098,AL18,Indonesia,budget,3.0,Economy,Middle,1.31,Website,Yes,Card,32.0,7,2025-05-08,5,0,0,0.761,257.54,742.6,8.91,0,43.7,536.4,569.73,55470,On-Time,3
101496,AL17,Indonesia,full-service,4.0,Economy,Window,5.92,Airport Counter,No,Cash,53.0,16,2024-07-14,7,1,0,0.849,259.83,1067.4,8.27,0,29.5,609.43,753.87,93419,Delayed,4
100019,AL01,Vietnam,full-service,4.0,Economy,Aisle,3.78,Walk-in, Yes ,Online,44.0,39,2024-12-26,12,0,1,0.88,243.86,792.1,8.12,0,58.6,573.38,709.76,117358,Delayed,3
101275,AL07,malaysia,full-service,5.0,Premium Economy,Aisle,4.45,Mobile App,Yes,Online,43.0,85,2025-01-17,1,0,0,0.816,457.39,1184.2,6.39,1,63.6,604.08,753.42,106670,On-Time,3
104196,AL11,philippines,budget,5.0,Business,Window,1.14,Travel Agent,No, Card ,22.0,44,2024-07-26,7,0,0,0.99,172.99,455.2,5.65,1,50.2,541.15,652.2,48203,Delayed,3
103788,AL11,Indonesia,budget,,Economy,Window,2.96,Airport Counter,No,Online,41.0,41,2024-12-04,12,0,0,0.846,442.43,1655.3,4.93,0,55.3,824.15,998.03,163912,Cancelled,3
102222,AL01,malaysia,full-service,3.0,Economy,Aisle,6.72,Airport Counter,Yes,Online,44.0,89,2024-11-24,11,1,0,0.719,712.23,2282.9,6.8,0,47.3,977.62,1065.71,157060,On-Time,4
102576,AL04,thailand,full-service,4.0,economy,Middle,4.46,Airport Counter,No,Card,45.0,72,2025-03-17,3,0,0,0.771,489.14,1073.8,7.27,1,84.4,562.03,646.89,112992,On-Time,3
103186,AL14,Malaysia,full-service,4.0,Economy,Aisle,1.11,Website,Yes,Card,33.0,58,2024-10-07,10,0,0,0.658,,1082.8,7.57,0,46.9,597.14,768.36,89435,On-Time,4
102893,AL12,Indonesia,premium,3.0,Economy,Aisle,0.76,Travel Agent,No,Card,32.0,15,2024-08-14,8,0,1,0.932,657.21,1838.6,8.12,0,20.5,840.91,870.05,194366,On-Time,5
103995,AL10, JAPAN ,full-service,4.0,First,Aisle,2.22,Travel Agent,No,Online,32.0,41,2024-09-05,9,0,0,0.726,357.89,902.2,6.82,0,66.3,863.82,993.99,90981,On-Time,5
102199,AL15, Vietnam ,budget,4.0,Economy,Window,3.46,airport counter,Yes,Card,33.0,7,2024-05-25,5,1,0,0.759,372.59,902.8,7.13,0,71.1,607.02,664.15,89438,Delayed,1
101642,AL17,Japan,full-service,3.0,Economy,Aisle,1.69,Walk-in,Yes,Online,41.0,35,2024-04-08,4,0,0,0.99,516.35,1497.7,8.95,0,81.7,758.97,835.65,152870,Delayed,3
100253,AL09,singapore,budget,3.0,Economy,Middle,1.74,mobile app,No,Cash,29.0,9,2025-05-10,5,1,0,0.634,106.92,361.0,8.54,0,46.9,343.56,413.52,35194,Delayed,3
103162,AL18, JAPAN ,budget,4.0,First,Window,4.65,Travel Agent,Yes, Online ,48.0,18,2025-03-15,3,1,0,0.889,275.37,612.1,9.95,0,57.1,769.3,917.91,151152,Delayed,3
102398,AL09, THAILAND ,budget,4.0,Economy,Window,3.03,Mobile App,,Card,59.0,93,2024-06-01,6,1,0,0.866,450.16,1770.9,6.91,1,38.1,810.39,876.29,189207,Delayed,2
102158,AL12,thailand,premium,2.0,Premium Economy,Aisle,2.46,Website, No , Online ,60.0,0,2024-03-02,3,1,0,0.805,169.87,726.6,7.84,0,32.0,697.04,788.09,109786,On-Time,3
103911,AL07,Malaysia,full-service,4.0,Economy,Middle,4.55,travel agent,Yes, Online ,25.0,17,2024-04-13,4,1,0,0.737,,150.0,,0,47.1,302.74,371.82,52067,Delayed,2
102098,AL08,Philippines,full-service,3.0,Business,Middle,4.14,Travel Agent,No,Card,28.0,13,2025-05-21,5,0,1,0.729,1221.22,4321.2,8.12,0,25.6,1812.32,1891.62,120470,On-Time,3
102248,AL13,Thailand,full-service,4.0,Business,Middle,3.65,Airport Counter,Yes,Online,18.0,4,2025-03-01,3,1,0,0.771,733.0,2593.1,8.22,0,69.5,1309.92,1377.61,337581,On-Time,4
100295,AL07,Indonesia,full-service,4.0,Economy,Window,5.64,Mobile App,No,Online,,27,2024-07-16,7,0,1,0.511,426.14,1165.7,9.25,1,34.3,448.43,509.53,113481,Delayed,3
101070,AL05,Malaysia,budget,4.0,Economy,Middle,4.91,mobile app,Yes, Online ,54.0,35,2024-03-28,3,0,0,0.827,429.82,981.8,6.16,0,77.5,629.09,673.08,50848,On-Time,3
100053,AL15,Singapore,budget,3.0,Economy,Aisle,3.78,Website,No,Card,28.0,74,2024-05-25,5,1,1,0.807,554.33,1599.2,8.0,0,53.7,751.14,825.44,157530,Delayed,3
103047,AL05,Philippines,budget,4.0,Economy,Aisle,4.92,Mobile App, Yes ,Card,46.0,67,2024-06-14,6,0,0,0.891,227.41,695.0,6.63,1,43.1,369.16,460.6,58869,On-Time,3
101352,AL17, THAILAND ,full-service,3.0,first,Window,3.2,Airport Counter,No,Online,31.0,104,2024-06-19,6,0,0,0.99,,1118.1,7.65,0,56.1,1004.34,1152.29,129844,On-Time,3
102258,AL13, Philippines ,full-service,3.0,Economy,Window,2.12,Airport Counter,No, Cash ,31.0,14,2024-03-28,3,0,0,0.804,344.19,956.7,5.96,1,59.3,530.18,559.4,139793,On-Time,3
100191,AL11, AUSTRALIA ,budget,4.0,Economy,Aisle,4.39,Mobile App,No,Card,43.0,51,2024-04-05,4,0,1,0.676,299.74,1241.1,8.28,0,46.8,688.3,850.38,214842,Delayed,4
102519,AL02,Philippines,budget,4.0,Premium Economy,Aisle,1.25,Mobile App,No,Online,39.0,37,2024-04-23,4,0,0,0.65,338.39,1397.4,7.19,1,47.7,728.94,887.78,235702,On-Time,3
101294,AL09, Thailand ,budget,4.0,Premium Economy,Middle,7.43,Website, No ,Card,48.0,24,2024-12-22,12,1,0,0.827,876.84,2674.4,7.06,0,57.0,1223.78,1391.86,280295,Delayed,3
100301,AL06,Japan,premium,5.0,Economy,Aisle,4.25,Website,No, Card ,44.0,25,2024-12-26,12,0,1,0.85,414.28,1388.4,,1,32.7,667.33,743.86,73220,On-Time,3
100365,AL14,Singapore,full-service,4.0,Business,Window,2.15,Mobile App,,Card,18.0,161,2024-01-09,1,0,0,0.902,326.32,622.5,6.22,0,80.8,735.74,920.89,161319,Cancelled,3
101778,AL16, Singapore ,budget,5.0,economy,Aisle,6.21,Airport Counter,No,Online,46.0,73,2025-01-29,1,0,0,0.676,430.52,1441.2,6.28,0,66.4,773.13,814.9,128034,Delayed,2
100102,AL07,Singapore,full-service,3.0,Economy,Middle,10.54,Website,No,Card,44.0,2,2024-07-06,7,1,0,0.752,517.11,1629.3,7.15,1,34.2,649.78,801.68,174563,On-Time,4
102511,AL11,Singapore,budget,5.0,Business,Aisle,3.98,Airport Counter,Yes, Card ,34.0,16,2025-02-20,2,0,0,0.859,472.43,1267.9,7.03,1,57.1,806.43,880.04,196862,Cancelled,2
100744,AL16,Singapore,budget,4.0,Economy,Middle,1.45,Website,Yes,Card,24.0,34,2024-04-01,4,0,0,0.711,228.89,934.9,7.59,0,38.7,526.72,597.61,63300,Cancelled,1
103278,AL08,Singapore,full-service,3.0,Economy,Aisle,3.63,Travel Agent,No, Online ,58.0,4,2024-09-13,9,0,0,0.915,352.58,1036.3,7.92,0,50.9,539.84,607.22,136263,Cancelled,2
103243,AL14,Malaysia,full-service,4.0,Economy,Middle,4.1,Travel Agent,Yes,Cash,46.0,27,2025-06-01,6,1,0,0.718,524.44,1450.2,7.26,1,42.2,690.2,732.7,75544,Delayed,2
102310,AL06,Singapore,premium,5.0,Economy,Aisle,10.15,Website,No, Online ,27.0,14,2024-09-16,9,0,0,0.875,164.49,580.8,7.87,0,5.0,485.47,533.98,108081,On-Time,5
102417,AL09,Malaysia,budget,2.0,Economy,Middle,3.77,Mobile App,No,Card,57.0,124,2024-04-08,4,0,0,0.9,484.98,1293.8,7.62,0,62.0,679.65,775.91,175052,Delayed,3
101901,AL10,Philippines,full-service,3.0,Premium Economy,Aisle,2.85,Website,No,Card,58.0,11,2025-02-27,2,0,0,0.89,536.32,1817.5,6.82,0,44.9,958.29,1041.83,86698,On-Time,4
102014,AL04,Thailand,full-service,5.0,Economy,Window,4.82,website,No,Cash,43.0,1,2024-05-05,5,1,0,0.632,223.15,791.3,7.92,0,73.7,605.87,715.4,133544,Cancelled,2
103976,AL13,Japan,full-service,5.0,economy,Middle,10.48,Website,No, Card ,47.0,101,2024-12-08,12,1,0,0.681,40.64,467.9,8.94,1,51.6,326.46,358.08,97659,Delayed,4
102371,AL13,indonesia,full-service,4.0,Business,Window,5.87,Mobile App,Yes,Card,38.0,65,2024-05-16,5,0,0,0.464,423.36,1401.2,5.35,1,51.1,680.74,780.24,191661,On-Time,5
104185,AL10,Malaysia,full-service,3.0,Economy,Window,1.27,Travel Agent,Yes,Card,39.0,50,2024-03-27,3,0,0,0.759,544.53,1577.8,7.83,1,49.4,719.72,785.16,200742,On-Time,3
101487,AL03, MALAYSIA ,premium,3.0,Premium Economy,Aisle,1.57,Mobile App,No, Online ,65.0,0,2024-12-02,12,0,0,0.794,92.23,367.7,6.56,0,37.6,504.51,711.95,145090,On-Time,3
102223,AL18, MALAYSIA ,budget,2.0,Economy,Window,1.89,Website, No ,Card,25.0,42,2024-05-31,5,0,0,0.726,571.94,1891.2,6.48,0,64.9,809.83,875.47,212115,Delayed,3
101206,AL18,indonesia,budget,2.0,Economy,Aisle,4.59,walk-in, Yes , Online ,,104,2024-03-08,3,0,0,0.766,409.63,1538.0,3.78,0,54.1,780.86,921.91,132379,Delayed,1
100374,AL04,Malaysia,full-service,2.0,Business,Aisle,7.3,Mobile App,No,Card,33.0,75,2025-03-10,3,0,0,0.779,934.32,3273.1,5.97,0,51.3,1512.21,1745.55,139936,On-Time,2
101213,AL18,Singapore,budget,4.0,Economy,Aisle,1.05,Website,No,Online,47.0,15,2025-04-23,4,0,0,0.811,964.82,2982.5,6.07,0,57.6,1244.3,1327.4,181644,On-Time,3
101919,AL08,Australia,full-service,5.0,Economy,Aisle,2.29,Website,No,Online,23.0,1,2024-01-24,1,0,0,0.632,122.25,368.3,9.83,0,38.1,403.97,478.47,45159,On-Time,3
101351,AL06, JAPAN ,premium,3.0,Economy,Window,1.63,Travel Agent,No,Card,22.0,2,2024-01-18,1,0,0,0.619,580.19,2004.7,7.02,0,57.6,985.59,1062.5,232140,On-Time,3
100291,AL01, Japan ,full-service,3.0,Economy,Middle,3.54,mobile app,No,Cash,25.0,47,2025-06-28,6,1,0,0.903,481.71,1351.2,8.24,0,61.5,759.42,905.65,143184,Delayed,3
103236,AL12, Australia ,premium,3.0,Economy,Middle,2.48,Airport Counter,Yes,Online,34.0,14,2024-09-24,9,0,0,0.863,613.5,1989.4,6.51,0,86.7,977.75,1059.14,188558,On-Time,2
100389,AL04,japan,full-service,3.0,Economy,Aisle,7.88,Airport Counter,Yes,Card,19.0,5,2024-01-24,1,0,1,0.937,846.07,3074.5,7.21,0,82.8,1315.55,1450.71,258813,Delayed,1
100821,AL02,Malaysia,budget,4.0,Economy,Window,2.81,website, No ,Card,28.0,52,2024-06-24,6,0,0,0.735,245.13,537.3,5.52,1,93.9,397.64,517.89,49207,Delayed,3
103607,AL09,Australia,budget,3.0,First,Window,3.54,Website,Yes,Cash,38.0,23,2024-08-15,8,0,0,0.857,536.11,1730.4,7.08,0,45.5,1104.56,1281.49,113205,Delayed,4
101767,AL05,Malaysia,budget,4.0,Premium Economy,Aisle,3.05,Website,Yes, Card ,43.0,48,2024-07-25,7,0,0,0.886,706.82,2640.6,4.99,0,5.0,1175.9,1280.45,232691,On-Time,3
100247,AL09, Philippines ,budget,4.0,Premium Economy,Window,5.68,Mobile App,Yes, Card ,33.0,74,2024-03-03,3,1,0,0.73,600.05,2330.5,8.17,0,42.9,1158.19,1265.73,319217,Delayed,3
103958,AL10,Indonesia,full-service,3.0,Premium Economy,Aisle,0.75,Website, Yes ,Online,29.0,10,2024-10-07,10,0,0,0.47,323.31,813.9,9.73,0,63.9,641.26,735.04,99100,On-Time,3
101183,AL08,singapore,full-service,4.0,Premium Economy,Window,5.71,Walk-in,No,Online,48.0,98,2024-01-19,1,0,0,0.403,554.64,1573.1,7.29,0,72.4,783.08,862.44,205516,On-Time,3
101858,AL03, Malaysia ,premium,3.0,Premium Economy,Window,5.12,Mobile App,Yes,Cash,18.0,17,2025-05-26,5,0,0,0.778,280.05,822.3,5.47,0,32.0,624.49,692.62,76368,On-Time,3
104130,AL09, INDONESIA ,budget,3.0,Economy,Middle,5.61,Mobile App,Yes,Online,,33,2025-05-31,5,1,0,0.594,266.04,916.3,8.2,0,57.0,577.82,756.93,81686,Delayed,3
102370,AL07,Singapore,full-service,3.0,Economy,Aisle,1.07,website,No,Card,18.0,25,2024-06-06,6,0,0,0.873,436.68,1119.7,6.13,1,42.4,552.21,685.07,92935,On-Time,3
100214,AL04, VIETNAM ,full-service,3.0,Premium Economy,Window,1.94,Airport Counter, Yes ,Online,45.0,20,2024-12-31,12,0,0,0.768,728.88,2120.8,10.0,0,43.3,1035.62,1150.8,268793,On-Time,5
101016,AL10,Philippines,full-service,2.0,Economy,Middle,5.36,Website,No,Card,37.0,13,2025-05-16,5,0,0,0.908,709.98,2846.3,7.13,0,35.1,1257.21,1476.77,346025,Delayed,4
103165,AL17,Singapore,full-service,5.0,Premium Economy,Aisle,2.7,Mobile App, No ,Online,29.0,10,2024-11-18,11,0,0,0.727,298.59,1119.8,7.14,0,18.8,668.08,773.89,174580,On-Time,4
100410,AL06,Vietnam,premium,4.0,Premium Economy,Window,3.24,Mobile App,No,Card,41.0,0,2024-04-22,4,0,0,0.821,342.47,834.8,8.85,1,51.2,641.03,752.72,175450,Delayed,4
103377,AL02,Singapore,budget,3.0,Economy,Window,2.42,Mobile App,,Card,33.0,30,2024-11-08,11,0,0,0.907,685.41,2129.9,6.57,0,42.5,930.64,1097.26,214891,Delayed,3
103286,AL15,Indonesia,budget,4.0,Economy,Aisle,4.64,Airport Counter, No ,Online,43.0,80,2024-11-15,11,0,0,0.773,338.5,932.5,9.12,1,68.7,508.6,559.94,111657,Delayed,3
103280,AL12,Philippines,premium,3.0,Premium Economy,Aisle,6.64,Website,No,Online,30.0,7,2024-04-18,4,0,0,0.804,48.26,284.8,10.0,0,88.7,502.75,587.75,77431,On-Time,4
103185,AL05,Singapore,budget,5.0,Economy,Aisle,3.94,Travel Agent,Yes, Online ,28.0,53,2025-01-11,1,1,0,0.738,166.24,493.7,7.23,0,82.4,445.15,490.58,28016,Delayed,3
100832,AL09, MALAYSIA ,budget,3.0,Economy,Window,2.91,Mobile App,No,Cash,42.0,18,2024-02-23,2,0,0,0.985,542.57,1661.0,7.69,0,46.7,775.3,845.22,115060,Cancelled,3
100179,AL05,Malaysia,budget,3.0,Economy,Window,6.59,Airport Counter,No,Card,37.0,2,2024-09-08,9,1,0,0.742,213.96,680.3,6.12,0,81.8,588.63,636.81,70082,Cancelled,2
100690,AL13,Malaysia,full-service,4.0,Economy,Aisle,1.93,Walk-in,No, Card ,40.0,118,2025-01-09,1,0,1,0.761,708.15,2195.0,6.44,0,30.9,952.11,1091.16,113257,Delayed,3
103086,AL09, MALAYSIA ,budget,2.0,Premium Economy,Aisle,1.98,Website, Yes , Online ,,38,2024-09-08,9,1,0,0.798,560.8,1555.5,8.93,1,42.0,717.0,887.69,52759,On-Time,4
100470,AL10,Thailand,full-service,3.0,Premium Economy,Middle,2.91,Website,Yes, Card ,58.0,22,2024-06-26,6,0,1,0.825,519.64,1506.0,10.0,1,35.3,602.46,678.33,162728,Delayed,3
100704,AL15,Malaysia,budget,3.0,Economy,Aisle,4.72,Travel Agent,No,Online,18.0,7,2024-07-20,7,1,0,0.567,495.81,1549.5,7.11,0,68.8,746.59,771.07,111032,Delayed,3
102541,AL09, MALAYSIA ,budget,4.0,Economy,Aisle,5.19,Website,No,Online,41.0,86,2025-03-03,3,0,0,0.773,501.03,1981.8,7.48,0,57.0,953.63,1125.23,246788,Delayed,4
102284,AL02,malaysia,budget,3.0,Economy,Aisle,1.48,Travel Agent,Yes,Card,32.0,23,2024-01-03,1,0,1,0.467,293.26,1112.9,8.99,0,62.9,619.9,740.14,102545,Delayed,3
102819,AL02,Philippines,budget,5.0,Premium Economy,Aisle,3.54,Mobile App, No ,Card,36.0,27,2025-04-14,4,0,0,0.864,301.24,1011.3,8.16,0,39.3,682.94,780.5,114363,On-Time,3
104153,AL17,Singapore,full-service,3.0,Economy,Aisle,2.9,Mobile App, No ,Card,27.0,31,2024-02-26,2,0,0,0.785,438.13,1257.8,7.39,0,79.6,703.48,756.55,116683,Delayed,2
103234,AL03, PHILIPPINES ,premium,4.0,Premium Economy,Window,3.33,Travel Agent,, Online ,60.0,9,2024-05-28,5,0,0,,416.64,1422.7,6.39,1,70.8,784.17,1022.73,179311,Delayed,4
100722,AL03, Vietnam ,premium,5.0,Premium Economy,Aisle,1.94,Website,No,Online,40.0,10,2024-03-13,3,0,1,0.86,420.6,1298.1,7.2,0,65.8,800.08,855.03,126345,Delayed,2
101075,AL05,Philippines,budget,3.0,Premium Economy,Window,4.11,Website,No, Online ,58.0,5,2024-05-19,5,1,0,0.807,634.63,1682.5,9.09,0,28.4,888.37,935.63,238262,On-Time,4
103158,AL14,Indonesia,full-service,4.0,economy,Window,2.11,Website,No,Card,61.0,11,2024-01-06,1,1,0,0.879,551.46,1960.0,7.06,0,37.7,866.9,940.43,208466,Delayed,4
101442,AL05, PHILIPPINES ,budget,5.0,Economy,Window,2.11,Website,Yes,Card,22.0,20,2024-09-27,9,0,0,0.602,501.3,1550.9,7.75,0,68.2,793.96,836.31,166304,On-Time,3
103851,AL04, Vietnam ,full-service,3.0,Economy,Aisle,3.85,Walk-in, No ,Card,43.0,11,2025-03-21,3,0,0,0.99,505.4,1321.9,,0,58.9,748.96,820.91,110319,On-Time,2
102889,AL04, PHILIPPINES ,full-service,3.0,Economy,Window,4.58,website,,Card,31.0,5,2024-09-19,9,0,0,0.846,222.46,897.2,6.04,0,57.5,584.43,756.25,78414,Delayed,2
101935,AL17,Thailand,full-service,2.0,business,Aisle,9.82,Website,Yes,Online,45.0,13,2024-02-25,2,1,0,0.764,705.03,2240.2,6.79,0,33.8,1123.71,1252.78,163364,Delayed,2
100063,AL03, Japan ,premium,3.0,Business,Middle,4.41,Website,No,Online,47.0,34,2024-10-17,10,0,0,0.684,884.94,3113.2,8.59,0,58.2,1509.39,1619.26,334955,Delayed,4
100769,AL15,Japan,budget,3.0,Economy,Window,9.39,Mobile App,Yes,Card,18.0,51,2024-10-01,10,0,0,0.6,642.33,1886.5,8.13,0,67.5,802.66,922.41,206216,Delayed,3
102111,AL17,Singapore,full-service,4.0,Economy,Middle,5.0,Mobile App, No ,Card,32.0,23,2025-06-15,6,1,0,0.71,934.93,2996.0,6.57,0,44.4,1125.97,1235.01,249830,On-Time,3
100324,AL16,Malaysia,budget,4.0,Economy,Window,1.71,Airport Counter,No,Card,60.0,2,2024-09-15,9,1,0,0.726,615.05,1679.8,8.32,1,22.7,744.73,838.71,52780,On-Time,3
100819,AL16, Malaysia ,budget,3.0,economy,Middle,3.88,Mobile App, Yes ,Online,37.0,62,2024-01-25,1,0,0,0.737,180.31,624.9,7.09,0,43.4,456.88,508.92,50145,On-Time,3
100780,AL01,indonesia,full-service,5.0,Economy,Aisle,2.32,Website, Yes ,Online,18.0,42,2025-04-27,4,1,0,0.658,463.83,1581.3,8.72,0,75.1,770.84,864.6,62296,Delayed,4
102280,AL02, MALAYSIA ,budget,4.0,Economy,Window,8.72,Mobile App,Yes,Online,39.0,13,2024-12-27,12,0,0,0.834,207.88,567.4,7.84,0,97.5,531.73,667.82,170456,Delayed,3
101670,AL18,Singapore,budget,,Premium Economy,Window,11.78,Travel Agent,Yes,Card,30.0,10,2024-07-01,7,0,0,0.69,405.47,1144.7,7.48,0,45.8,683.02,860.66,140597,Delayed,2
103835,AL02,Malaysia,budget,5.0,Economy,Middle,5.67,Travel Agent,Yes, Card ,46.0,17,2024-09-09,9,0,0,0.778,348.36,1108.3,7.57,1,36.5,537.82,562.0,99153,On-Time,4
102276,AL10,Singapore,full-service,3.0,Economy,Aisle,6.43,travel agent,No,Card,22.0,29,2024-10-29,10,0,0,0.799,373.71,1108.4,6.36,1,28.1,475.49,529.62,66439,On-Time,2
100752,AL10,Indonesia,full-service,3.0,Premium Economy,Middle,3.89,Mobile App, Yes ,Card,24.0,50,2024-12-12,12,0,0,0.732,374.28,963.5,6.11,0,43.6,679.29,745.66,159520,On-Time,3
101067,AL03,Malaysia,premium,2.0,premium economy,Aisle,2.28,Website,No,Online,38.0,3,2024-05-21,5,0,0,0.684,395.41,1404.5,7.71,0,34.9,843.89,988.1,141544,On-Time,4
102903,AL04,Vietnam,full-service,3.0,Economy,Middle,5.43,Mobile App,Yes,Card,41.0,11,2024-11-06,11,0,0,0.793,397.82,1022.9,8.92,0,52.0,649.53,702.24,57177,Delayed,3
103882,AL02, THAILAND ,budget,3.0,Premium Economy,Aisle,9.56,Website,No, Card ,40.0,17,2024-07-21,7,1,0,0.813,414.36,969.7,6.47,0,54.3,713.49,908.56,128794,Delayed,4
101041,AL03,Singapore,premium,1.0,Premium Economy,Aisle,3.93,mobile app,No,Cash,38.0,3,2025-05-10,5,1,0,0.665,282.0,1047.8,7.01,0,100.0,860.19,975.26,162725,On-Time,2
101236,AL17, Thailand ,full-service,5.0,Premium Economy,Window,3.54,Website,Yes,Card,36.0,8,2024-07-10,7,0,0,0.873,638.48,2083.4,6.81,0,38.9,1053.18,1230.71,205738,Delayed,2
103435,AL14,Malaysia,full-service,2.0,Economy,Aisle,9.23,Travel Agent,No,Card,46.0,20,2025-03-16,3,1,0,0.582,534.65,1311.9,7.15,0,18.9,653.21,835.75,129004,Delayed,3
100363,AL06,Singapore,premium,4.0,Business,Middle,3.35,Walk-in,No,Online,30.0,25,2025-01-30,1,0,0,0.781,468.59,1627.7,8.7,0,28.1,936.69,1048.15,118643,On-Time,5
102731,AL18,Vietnam,budget,4.0,Economy,Aisle,2.67,Walk-in,No,Card,35.0,6,2025-01-23,1,0,0,0.871,644.98,1846.3,8.61,0,51.3,887.84,1016.13,123248,Delayed,2
100716,AL02,Philippines,budget,5.0,Economy,Aisle,1.67,Walk-in,Yes, Card ,72.0,7,2025-02-15,2,1,0,0.872,671.39,2114.2,7.33,0,60.2,940.58,1006.98,123177,On-Time,4
101135,AL12,thailand,premium,2.0,Economy,Window,4.93,Travel Agent,No,Card,43.0,16,2025-05-20,5,0,0,0.785,142.68,572.0,,1,66.1,418.01,501.02,56682,Delayed,2
101164,AL16,singapore,budget,4.0,Economy,Middle,6.24,Mobile App,Yes,Card,35.0,13,2025-02-22,2,1,0,0.97,429.95,1172.7,7.33,0,45.0,682.26,723.64,93459,Delayed,3
103299,AL05, JAPAN ,budget,3.0,Economy,Window,2.0,Airport Counter,,Online,39.0,57,2025-02-21,2,0,0,0.726,249.22,887.1,7.34,0,17.4,482.96,682.6,79779,On-Time,3
101363,AL06,philippines,premium,4.0,Premium Economy,Aisle,3.92,Website,Yes,Card,37.0,4,2024-11-04,11,0,0,0.953,101.82,309.6,7.4,1,31.0,394.56,595.86,124916,On-Time,4
103182,AL18,Indonesia,budget,4.0,Premium Economy,Window,4.31,mobile app,Yes,Cash,27.0,62,2024-03-20,3,0,0,0.747,777.82,2651.1,8.17,1,37.5,1123.0,1186.03,125185,On-Time,3
103005,AL06, INDONESIA ,premium,3.0,Premium Economy,Aisle,2.2,Website, No ,Card,30.0,2,2025-02-19,2,0,1,0.658,142.05,622.2,5.77,1,70.7,556.96,636.27,162536,Delayed,1
100550,AL13,Indonesia,full-service,3.0,Premium Economy,Middle,4.84,Mobile App,No,Online,59.0,3,2024-12-22,12,1,0,0.87,257.86,526.6,6.49,1,56.9,477.46,689.74,101439,On-Time,3
102055,AL06,Singapore,premium,4.0,Economy,Middle,0.75,Travel Agent,No,Online,21.0,26,2024-03-10,3,1,0,0.743,,259.8,4.56,1,69.3,335.99,523.93,92168,On-Time,4
103831,AL15,Philippines,budget,5.0,Premium Economy,Aisle,5.62,Website,No,Card,36.0,39,2024-12-12,12,0,0,0.787,135.75,505.9,8.19,0,44.1,528.78,711.27,92165,On-Time,5
100749,AL11,Indonesia,budget,4.0,business,Window,1.87,Mobile App,Yes, Online ,53.0,35,2024-01-20,1,1,0,0.741,500.38,1589.1,3.76,1,38.5,951.6,1034.94,185007,On-Time,2
102132,AL17, Singapore ,full-service,4.0,Business,Aisle,4.12,Walk-in,Yes,Card,55.0,15,2024-10-20,10,1,0,0.615,333.43,856.5,8.64,0,38.9,713.5,902.9,104952,On-Time,5
101622,AL16,malaysia,budget,3.0,Economy,Window,4.84,Mobile App,No,Online,31.0,1,2024-11-27,11,0,0,0.831,475.49,1429.9,8.04,0,100.0,799.5,946.31,119046,On-Time,4
104151,AL04,Malaysia,full-service,2.0,economy,Window,4.39,Mobile App,Yes,Online,18.0,35,2024-09-03,9,0,0,0.682,1253.08,4500.4,6.62,1,59.2,1551.81,1645.6,346980,Delayed,1
104064,AL02,Vietnam,budget,5.0,Economy,Aisle,4.51,Walk-in,No,Online,28.0,78,2024-08-19,8,0,0,0.737,,743.5,6.12,0,67.2,529.67,572.96,98147,On-Time,3
103233,AL18,Vietnam,budget,2.0,Economy,Aisle,2.37,travel agent,Yes,Online,39.0,0,2025-02-28,2,0,0,0.972,447.56,1803.2,6.79,0,18.0,865.84,899.95,137646,On-Time,4
101875,AL16, SINGAPORE ,budget,3.0,Business,Aisle,1.67,Website,Yes,Card,41.0,35,2025-03-25,3,0,1,0.704,119.3,297.6,8.23,0,94.3,594.0,679.72,83778,Cancelled,3
102807,AL09, Singapore ,budget,4.0,Business,Middle,3.18,Website,,Card,37.0,9,2024-06-09,6,1,0,0.753,496.29,1622.5,7.42,0,40.7,965.48,1094.76,275808,On-Time,4
104112,AL16, AUSTRALIA ,budget,3.0,Economy,Aisle,3.64,Website,No,Card,33.0,10,2024-03-26,3,0,0,0.473,696.48,1874.0,6.18,1,26.9,667.39,736.28,123672,Delayed,2
102909,AL02,singapore,budget,3.0,Premium Economy,Aisle,3.25,Mobile App, Yes ,Online,30.0,50,2024-03-04,3,0,1,0.787,489.16,1327.1,8.17,0,55.9,765.36,868.83,183214,Delayed,3
102595,AL13,Australia,full-service,3.0,Economy,Window,4.56,Website, No ,Online,27.0,17,2024-11-13,11,0,0,0.747,302.26,976.6,6.3,1,53.5,438.18,517.66,64234,On-Time,3
100842,AL10,Vietnam,full-service,2.0,Economy,Window,1.83,Airport Counter,No, Card ,34.0,13,2024-03-05,3,0,0,0.857,611.2,2280.7,9.12,0,50.2,936.98,990.42,212040,On-Time,3
103992,AL13,Malaysia,full-service,,Economy,Window,5.89,Mobile App,No,Online,32.0,5,2024-07-28,7,1,0,0.99,680.8,1901.4,5.54,0,35.7,942.62,967.69,104206,Cancelled,1
100020,AL10,vietnam,full-service,4.0,Economy,Aisle,5.35,Website,Yes,Card,28.0,25,2024-10-24,10,0,0,0.592,359.86,983.1,8.03,0,44.9,603.74,668.95,118836,On-Time,4
102954,AL09,Thailand,budget,3.0,Business,Aisle,1.93,Airport Counter,No,Online,42.0,20,2025-02-10,2,0,0,0.99,,563.9,6.48,0,34.8,604.92,746.53,48773,On-Time,5
100879,AL09,Malaysia,budget,2.0,Business,Aisle,4.69,Website,No,Card,41.0,44,2024-02-11,2,1,0,0.99,105.3,548.1,10.0,1,59.7,517.11,769.8,193770,On-Time,4
102665,AL15,Indonesia,budget,3.0,Business,Middle,3.0,Mobile App,No,Online,19.0,23,2024-08-15,8,0,0,0.569,766.45,2704.3,8.76,1,49.4,1167.01,1352.13,203947,Delayed,3
101796,AL11,Thailand,budget,1.0,Economy,Window,4.04,Travel Agent, No ,Online,18.0,5,2024-03-12,3,0,0,0.703,551.27,1465.1,6.59,0,48.7,761.78,885.66,171634,Delayed,1
103700,AL07,singapore,full-service,2.0,Economy,Window,3.24,airport counter,Yes, Card ,47.0,58,2024-02-13,2,0,0,0.835,,1473.3,8.73,0,52.5,751.4,968.38,245660,On-Time,5
100863,AL12,singapore,premium,5.0,Economy,Middle,1.57,Travel Agent,Yes,Card,43.0,15,2024-05-08,5,0,0,0.922,461.65,1360.9,7.14,0,34.3,709.66,791.82,152099,Delayed,1
102670,AL13,Malaysia,full-service,1.0,Economy,Window,0.99,Website,Yes,Card,28.0,20,2024-11-08,11,0,0,0.886,598.0,1903.0,5.77,0,33.3,841.13,898.42,113992,On-Time,4
101724,AL07,philippines,full-service,2.0,Business,Window,3.66,Website,No, Online ,41.0,6,2025-05-21,5,0,1,0.807,990.69,3182.2,6.29,0,49.6,1479.97,1648.99,294406,Delayed,3
100207,AL12, JAPAN ,premium,3.0,First,Middle,2.36,Walk-in,No,Cash,41.0,125,2024-12-20,12,0,0,0.766,1372.32,4586.1,7.17,0,45.1,2022.39,2125.22,196713,On-Time,4
100354,AL14,Philippines,full-service,4.0,Economy,Window,0.75,Website,No,Card,21.0,42,2025-04-27,4,1,0,0.785,303.29,879.0,6.8,0,42.9,518.33,629.86,99809,On-Time,3
100951,AL06,Thailand,premium,4.0,economy,Window,4.1,airport counter,No,Card,43.0,7,2025-04-14,4,0,0,0.982,538.62,1755.0,5.83,0,72.6,917.04,1194.1,131901,Delayed,2
104175,AL13, Japan ,full-service,4.0,economy,Aisle,5.23,Mobile App, Yes , Online ,41.0,85,2024-03-02,3,1,1,0.571,500.9,1850.2,6.22,0,21.2,793.14,843.48,163944,Delayed,2
103749,AL10,Philippines,full-service,4.0,First,Middle,5.33,Airport Counter,Yes,Card,30.0,68,2024-10-04,10,0,1,0.736,599.68,1877.5,4.71,0,48.4,1167.14,1244.73,283465,On-Time,3
102086,AL11,Vietnam,budget,4.0,Business,Window,5.12,Mobile App,No,Card,40.0,0,2024-06-05,6,0,0,0.872,40.0,356.7,7.56,1,74.1,583.59,701.23,112467,On-Time,5
101568,AL03,Singapore,premium,5.0,Economy,Middle,8.09,Mobile App,No,Card,36.0,6,2025-06-12,6,0,0,0.905,1578.66,5452.6,7.59,0,27.6,1985.46,2091.92,395673,Delayed,3
103798,AL03,vietnam,premium,4.0,Business,Window,1.88,Mobile App,No,Card,46.0,45,2024-04-12,4,0,0,0.596,424.17,1364.8,6.41,1,53.1,855.38,946.55,126852,On-Time,3
103096,AL14,Thailand,full-service,5.0,Business,Aisle,5.36,Travel Agent, No ,Online,34.0,18,2025-06-11,6,0,0,0.66,350.14,1599.0,9.64,1,55.7,910.16,972.74,176464,On-Time,4
102522,AL01,Malaysia,full-service,2.0,Economy,Aisle,1.63,Mobile App,No,Online,18.0,43,2024-10-19,10,1,0,0.614,328.71,1044.2,8.49,0,66.2,653.53,956.73,90969,Delayed,4
101748,AL14, INDONESIA ,full-service,4.0,Economy,Middle,5.59,Travel Agent,No, Card ,34.0,16,2024-05-12,5,1,0,0.695,807.17,2794.6,8.11,0,45.1,1198.02,1245.88,82266,Delayed,3
101073,AL01,malaysia,full-service,4.0,Economy,Window,3.21,Travel Agent, No ,Online,31.0,47,2025-02-21,2,0,1,0.77,307.59,962.6,9.23,1,57.7,554.3,652.4,137045,Delayed,3
101159,AL12,Indonesia,premium,3.0,Economy,Middle,5.5,Website,No,Card,45.0,91,2024-08-07,8,0,0,0.935,585.56,1669.4,8.79,0,40.8,815.45,874.81,200102,On-Time,4
100058,AL17,Thailand,full-service,4.0,Economy,Middle,3.29,Website, Yes ,Card,31.0,51,2024-09-01,9,1,0,0.664,481.0,1967.1,4.61,1,40.3,778.8,829.21,204416,On-Time,2
101326,AL07,australia,full-service,3.0,premium economy,Middle,3.13,Website,No,Cash,39.0,1,2024-01-10,1,0,0,0.794,383.01,850.0,7.18,0,29.0,655.46,888.37,88690,On-Time,3
103708,AL05,Philippines,budget,2.0,Business,Aisle,2.12,website, No ,Online,37.0,33,2024-01-29,1,0,0,0.824,869.21,2796.7,6.78,0,38.8,1322.98,1411.6,145235,On-Time,5
100968,AL03,Malaysia,premium,3.0,Premium Economy,Aisle,2.11,travel agent,No, Card ,46.0,16,2025-06-19,6,0,0,0.712,845.62,2519.2,6.75,0,21.2,1138.09,1304.92,117745,On-Time,3
103821,AL01, VIETNAM ,full-service,2.0,Economy,Window,6.65,Website,No,Card,32.0,16,2025-04-15,4,0,0,0.901,412.37,1318.6,7.93,1,5.0,570.19,661.36,92809,Delayed,3
100644,AL14, Malaysia ,full-service,4.0,Economy,Window,7.61,Website,No, Card ,36.0,50,2025-05-03,5,1,0,0.913,895.02,2791.0,10.0,0,86.1,1172.68,1315.58,276693,Cancelled,3
101238,AL14,indonesia,full-service,4.0,Economy,Window,8.83,mobile app,,Online,30.0,19,2025-02-21,2,0,0,0.622,257.98,625.4,5.71,1,52.5,424.54,523.35,93513,On-Time,3
102043,AL03,singapore,premium,3.0,Business,Window,4.23,Airport Counter,No,Card,18.0,16,2025-05-13,5,0,0,0.77,352.68,1211.4,5.62,0,23.2,873.75,1068.82,120874,On-Time,4
103311,AL03, Indonesia ,premium,3.0,Premium Economy,Window,2.02,Mobile App,Yes,Online,43.0,9,2025-05-22,5,0,0,0.62,384.92,1849.7,8.26,1,55.7,907.54,1076.31,144312,Delayed,4
103910,AL01,Japan,full-service,5.0,Economy,Aisle,6.95,Mobile App,No,Online,39.0,5,2024-06-24,6,0,0,0.611,729.22,2602.4,7.15,1,69.8,1120.07,1264.7,124609,Delayed,2
101455,AL09, THAILAND ,budget,3.0,Business,Aisle,4.23,airport counter, No ,Card,60.0,4,2025-03-19,3,0,0,0.559,305.96,734.4,5.38,0,54.2,724.96,844.72,212290,Delayed,3
104116,AL17, SINGAPORE ,full-service,3.0,Economy,Aisle,0.98,Website,No,Online,43.0,57,2024-12-04,12,0,1,0.719,959.3,2971.1,6.55,0,77.5,1223.51,1297.94,191145,Cancelled,2
101413,AL02, MALAYSIA ,budget,5.0,Economy,Aisle,4.62,Mobile App,Yes, Card ,,3,2024-07-05,7,0,0,0.888,433.69,1279.2,5.14,1,52.6,628.17,790.88,118885,Delayed,4
101085,AL02, Philippines ,budget,3.0,Economy,Window,2.08,Travel Agent,No, Online ,39.0,7,2025-03-10,3,0,0,0.917,114.55,170.2,10.0,0,33.2,325.29,395.54,95980,On-Time,4
102783,AL13,Singapore,full-service,3.0,Economy,Aisle,6.89,Mobile App,Yes,Card,35.0,9,2024-08-16,8,0,1,0.905,626.11,1763.7,6.41,0,85.6,877.22,943.11,78137,Delayed,4
102004,AL06,Australia,premium,5.0,Economy,Aisle,5.23,Website,No,Card,18.0,37,2025-06-21,6,1,0,0.825,382.43,1177.9,5.66,0,40.9,636.16,708.2,98129,On-Time,3
103575,AL13, AUSTRALIA ,full-service,2.0,Business,Aisle,1.85,Mobile App,Yes,Card,35.0,30,2024-02-23,2,0,1,0.642,365.78,943.3,7.42,1,50.6,674.5,792.63,191881,On-Time,4
101513,AL01,japan,full-service,4.0,premium economy,Window,2.06,Website,No,Cash,43.0,25,2025-03-09,3,1,0,0.934,246.45,803.8,6.34,0,72.7,624.7,763.02,188240,On-Time,3
103898,AL04, Malaysia ,full-service,4.0,Premium Economy,Middle,1.89,Website,Yes,Card,27.0,26,2024-12-20,12,0,0,0.99,357.31,857.7,6.37,0,75.5,640.16,759.3,93681,On-Time,4
102079,AL04,Australia,full-service,3.0,Premium Economy,Aisle,2.89,Mobile App, No ,Card,21.0,71,2024-04-08,4,0,0,0.727,302.81,857.5,7.9,0,41.2,670.01,727.56,130119,On-Time,4
103593,AL15, Indonesia ,budget,4.0,Premium Economy,Window,3.05,Website,No,Card,30.0,67,2024-02-26,2,0,0,0.935,335.78,996.0,7.18,1,41.6,591.26,647.65,165433,On-Time,3
102725,AL08,Thailand,full-service,4.0,Economy,Middle,4.83,Mobile App,No,Card,37.0,15,2025-04-23,4,0,0,0.902,482.48,1265.4,6.93,1,80.3,698.4,741.86,83604,Delayed,3
103369,AL07,Malaysia,full-service,3.0,Business,Window,5.55,Website,No,Online,42.0,50,2024-09-13,9,0,0,0.62,435.94,1460.3,8.1,0,50.3,861.67,974.85,141462,Delayed,3
101987,AL11,malaysia,budget,3.0,Economy,Aisle,3.12,Mobile App, No ,Cash,49.0,1,2025-05-04,5,1,0,0.76,782.68,2718.7,4.9,1,65.2,1099.86,1268.76,141598,On-Time,2
101068,AL06, Philippines ,premium,3.0,Economy,Window,3.8,travel agent,No,Online,18.0,100,2024-01-02,1,0,0,0.771,428.15,1074.8,,0,49.4,647.21,854.48,223248,On-Time,4
101365,AL05,indonesia,budget,4.0,Business,Window,6.63,Travel Agent, Yes ,Online,31.0,23,2024-04-08,4,0,0,0.88,376.01,1111.1,5.16,1,39.0,753.08,822.77,128745,On-Time,2
100147,AL13, MALAYSIA ,full-service,2.0,Business,Aisle,1.95,Airport Counter,No, Online ,18.0,93,2024-10-09,10,0,0,0.983,501.11,1877.0,5.65,0,63.5,1053.36,1156.8,171932,On-Time,4
102881,AL18, INDONESIA ,budget,4.0,Economy,Aisle,2.63,Travel Agent,No,Cash,,10,2025-03-30,3,1,0,0.835,353.85,1157.7,6.6,0,94.4,688.99,758.16,53706,On-Time,4
103711,AL18,Vietnam,budget,3.0,Premium Economy,Aisle,2.59,Walk-in,Yes,Online,26.0,58,2024-11-15,11,0,0,0.754,437.42,1294.4,7.28,0,13.8,752.36,885.02,140883,On-Time,3
100516,AL15,indonesia,budget,2.0,economy,Aisle,2.14,Travel Agent,No,Online,49.0,23,2025-01-29,1,0,0,0.847,271.43,643.7,7.85,1,51.6,392.51,445.63,75580,Delayed,3
101893,AL18,Malaysia,budget,3.0,first,Aisle,5.91,Mobile App,No,Card,27.0,76,2024-01-12,1,0,0,0.568,161.47,472.1,6.76,0,92.6,714.48,826.11,198606,Delayed,4
103352,AL06,Indonesia,premium,3.0,Economy,Aisle,3.89,Mobile App,Yes,Card,48.0,93,2024-12-05,12,0,0,0.781,380.5,1272.3,8.06,0,26.4,645.54,756.85,110351,On-Time,4
104160,AL10, Vietnam ,full-service,3.0,Economy,Aisle,1.63,Website,No,Online,30.0,38,2024-01-25,1,0,0,0.762,504.86,1713.8,4.64,0,64.2,856.08,983.12,85997,On-Time,3
103841,AL05,singapore,budget,3.0,Premium Economy,Aisle,1.79,Airport Counter,Yes,Online,46.0,77,2024-09-28,9,1,0,0.761,551.76,1625.7,7.63,0,51.1,830.4,933.66,184385,Delayed,4
102757,AL10,Indonesia,full-service,4.0,Economy,Window,7.24,Airport Counter,Yes,Online,35.0,1,2024-06-06,6,0,1,0.862,148.95,338.4,,0,29.8,384.29,476.41,88907,Delayed,4
100452,AL14, MALAYSIA ,full-service,3.0,Economy,Window,5.01,Travel Agent,Yes,Card,41.0,9,2024-11-12,11,0,0,0.806,433.75,1400.2,5.8,0,42.0,715.43,846.36,113373,Delayed,3
101418,AL11,Singapore,budget,5.0,Premium Economy,Window,6.16,Mobile App,Yes,Card,30.0,35,2025-01-25,1,1,0,0.635,277.62,883.4,9.71,1,40.3,554.9,641.49,141245,On-Time,3
101098,AL12, SINGAPORE ,premium,4.0,economy,Aisle,2.73,Travel Agent,No,Online,20.0,53,2025-03-02,3,1,0,0.821,399.03,1474.7,7.45,0,70.6,751.18,820.15,90544,On-Time,3
102671,AL06,Philippines,premium,4.0,Economy,Aisle,5.25,Mobile App,No,Card,,10,2024-06-05,6,0,0,0.647,626.25,1815.0,7.23,1,43.2,730.29,847.93,215466,On-Time,2
102165,AL01,Malaysia,full-service,2.0,Economy,Middle,1.95,Mobile App,Yes, Cash ,38.0,11,2024-03-18,3,0,0,0.777,158.75,227.2,9.53,0,69.7,368.53,409.08,77337,On-Time,5
100192,AL10, JAPAN ,full-service,4.0,Premium Economy,Middle,7.63,Travel Agent,Yes,Card,35.0,22,2025-02-17,2,0,0,0.906,979.47,3356.7,6.17,1,35.4,1385.1,1500.0,276137,On-Time,4
101747,AL18,Singapore,budget,4.0,Economy,Window,3.06,Walk-in,No,Cash,46.0,39,2025-03-15,3,1,0,0.709,608.7,1963.3,8.31,0,33.5,830.32,917.63,97637,Delayed,3
102732,AL09,Malaysia,budget,4.0,Economy,Aisle,2.84,Mobile App,No,Online,48.0,19,2024-08-15,8,0,1,0.99,238.81,867.2,7.36,0,46.1,567.26,662.39,97194,Delayed,3
102094,AL13, THAILAND ,full-service,4.0,premium economy,Middle,1.3,Travel Agent,Yes,Card,29.0,25,2025-04-02,4,0,0,0.89,437.84,1202.6,7.84,0,84.1,849.99,908.59,116905,Delayed,3
101416,AL01,Philippines,full-service,4.0,Business,Aisle,1.11,Travel Agent,No,Card,48.0,31,2024-10-26,10,1,0,0.903,261.27,578.4,5.52,1,33.8,569.15,658.19,172849,On-Time,3
101038,AL09, Malaysia ,budget,4.0,Premium Economy,Window,5.08,Travel Agent,Yes,Card,36.0,3,2025-03-16,3,1,0,0.722,146.37,595.0,7.9,0,49.1,534.18,954.03,83156,Delayed,3
102173,AL03, MALAYSIA ,premium,4.0,business,Window,4.76,Mobile App,No,Online,23.0,15,2025-01-01,1,0,0,0.662,467.15,1356.5,8.47,0,86.5,962.93,1062.17,150028,Delayed,3
103216,AL03,singapore,premium,3.0,Business,Aisle,0.98,mobile app,No,Card,43.0,4,2024-05-03,5,0,0,0.76,171.87,256.3,8.69,0,30.3,571.21,809.66,208238,Delayed,3
103206,AL17, MALAYSIA ,full-service,4.0,Economy,Middle,1.61,Travel Agent,No,Card,35.0,4,2024-04-09,4,0,0,0.91,359.4,1001.5,5.49,1,38.1,4287.987911243489,691.21,94690,On-Time,3
103765,AL11,Japan,budget,3.0,Business,Window,2.71,Airport Counter,No,Online,44.0,130,2025-04-14,4,0,0,0.662,,711.4,7.61,0,46.1,653.07,932.89,56053,On-Time,4
103050,AL04,Malaysia,full-service,2.0,Premium Economy,Aisle,10.15,Website, No ,Card,50.0,16,2024-11-26,11,0,0,0.948,416.09,1230.7,6.46,0,64.8,770.95,885.0,118513,On-Time,4
102378,AL07,Thailand,full-service,4.0,Economy,Middle,1.13,Walk-in,Yes,Card,49.0,10,2025-04-13,4,1,0,0.628,206.17,589.5,9.74,1,30.6,430.0,516.8,127406,On-Time,5
103170,AL18,Singapore,budget,4.0,Business,Middle,6.31,Website,No,Card,39.0,10,2024-12-17,12,0,0,0.642,735.06,2417.6,6.56,0,45.0,1199.12,1411.57,197055,On-Time,5
101303,AL08,Singapore,full-service,3.0,Premium Economy,Aisle,1.28,Mobile App,No, Cash ,18.0,5,2025-03-18,3,0,0,0.771,708.57,2406.4,5.68,0,36.0,1161.34,1263.79,278583,On-Time,3
100626,AL01,singapore,full-service,4.0,Economy,Aisle,9.52,Website, Yes ,Card,38.0,8,2024-11-22,11,0,0,0.687,425.29,1606.2,,0,39.8,786.42,854.58,77212,Delayed,2
103666,AL05,Singapore,budget,4.0,Economy,Middle,2.0,Mobile App,Yes, Online ,18.0,16,2024-12-19,12,0,0,0.807,373.64,1015.7,6.18,0,52.2,580.68,637.77,109076,Delayed,3
103117,AL15,Indonesia,budget,3.0,Economy,Middle,5.5,Website,No,Online,35.0,6,2025-03-17,3,0,1,0.99,456.97,1317.6,7.74,0,50.0,775.59,846.19,61445,Delayed,2
102124,AL15,Thailand,budget,3.0,Economy,Window,4.66,Travel Agent,Yes,Card,28.0,4,2024-11-28,11,0,0,0.869,453.69,1335.2,9.19,1,53.2,579.67,660.74,158551,On-Time,3
101099,AL02,Malaysia,budget,3.0,Business,Aisle,1.59,Website,No, Card ,34.0,112,2025-03-09,3,1,0,0.701,485.67,1881.2,7.8,1,35.5,937.48,1204.14,70159,Delayed,3
103722,AL02,Singapore,budget,4.0,Economy,Middle,3.92,Travel Agent, No ,Online,18.0,19,2025-06-25,6,0,1,0.804,495.75,1642.9,8.84,1,39.9,650.85,846.34,96462,On-Time,3
102801,AL17,Thailand,full-service,2.0,business,Middle,2.61,Website,No,Card,39.0,5,2024-12-02,12,0,0,0.663,242.11,666.7,8.28,1,37.7,615.34,776.95,57686,On-Time,4
100974,AL05, AUSTRALIA ,budget,3.0,Business,Middle,3.67,Mobile App,Yes,Online,22.0,77,2024-03-11,3,0,0,0.834,373.07,685.3,,0,71.6,654.08,729.17,162930,Delayed,3
103394,AL05,Thailand,budget,2.0,Business,Window,7.22,Walk-in,No,Card,25.0,19,2024-12-21,12,1,0,0.729,800.78,2833.0,7.77,0,61.3,1391.56,1513.17,318508,Delayed,3
103015,AL04,Thailand,full-service,2.0,Economy,Window,6.82,Walk-in, Yes ,Card,34.0,53,2024-12-01,12,1,0,0.521,132.15,377.7,9.5,0,36.4,410.82,468.28,81802,On-Time,2
101949,AL15,Philippines,budget,3.0,Economy,Middle,2.11,Walk-in,No,Card,28.0,37,2024-11-12,11,0,0,0.76,404.76,576.2,8.76,0,100.0,551.46,734.48,127985,Delayed,3
102634,AL15,Singapore,budget,3.0,Economy,Window,4.0,Walk-in,Yes,Card,42.0,20,2024-05-03,5,0,0,0.75,536.84,1420.2,9.62,0,60.8,714.69,848.33,150539,Delayed,3
100150,AL03,Philippines,premium,2.0,Business,Middle,1.21,Website,No,Online,51.0,4,2024-05-25,5,1,0,0.826,96.16,363.8,9.12,1,58.0,554.69,693.55,175010,On-Time,3
104189,AL04,Australia,full-service,2.0,Economy,Aisle,2.06,Website,No,Card,,5,2024-09-20,9,0,0,0.705,580.16,1984.1,7.43,0,34.9,893.17,946.09,222850,On-Time,4
102160,AL06, SINGAPORE ,premium,3.0,Economy,Aisle,2.84,Airport Counter, No , Online ,38.0,63,2025-05-17,5,1,0,0.745,708.77,1950.9,9.17,0,54.0,877.75,944.69,160883,On-Time,3
101624,AL12, Australia ,premium,3.0,Premium Economy,Middle,3.62,Website,No,Online,44.0,44,2025-06-07,6,1,0,0.851,559.15,1798.1,6.59,0,64.0,925.43,1054.18,179616,Delayed,2
102301,AL15,Thailand,budget,5.0,Premium Economy,Window,2.35,Website,Yes, Card ,30.0,2,2024-04-10,4,0,0,0.767,296.95,837.5,,0,7.0,571.07,639.04,51352,On-Time,4
100309,AL05, PHILIPPINES ,budget,5.0,Economy,Middle,5.37,website,No,Card,39.0,13,2024-01-09,1,0,1,0.664,,787.4,8.16,0,23.6,454.91,561.26,54941,On-Time,3
101412,AL14,Malaysia,full-service,4.0,Premium Economy,Window,4.16,Mobile App,No,Online,26.0,59,2024-09-05,9,0,0,0.832,580.72,2194.3,7.34,0,60.2,1042.13,1117.18,205277,On-Time,4
103684,AL12,Vietnam,premium,3.0,Economy,Aisle,2.44,Website,No,Online,45.0,46,2024-05-10,5,0,1,0.768,95.22,383.4,4.83,1,48.6,347.52,450.52,57353,Delayed,1
100484,AL07,Thailand,full-service,3.0,Economy,Aisle,1.19,Mobile App,Yes,Card,27.0,134,2024-12-18,12,0,1,0.721,664.08,2166.6,7.46,0,39.9,933.25,1046.72,173457,On-Time,2
103870,AL13,Japan,full-service,3.0,Economy,Middle,4.55,mobile app,Yes,Card,20.0,8,2024-09-17,9,0,0,0.845,466.86,1344.0,7.83,0,58.1,681.92,829.07,109699,On-Time,5
100367,AL18,Thailand,budget,3.0,Economy,Aisle,5.7,Airport Counter,Yes,Online,20.0,23,2024-01-01,1,0,0,0.6,1743.12,6032.8,7.68,0,61.2,2219.31,2275.08,527544,Delayed,2
103780,AL09,indonesia,budget,3.0,economy,Aisle,4.35,Travel Agent,No, Online ,36.0,24,2024-07-23,7,0,0,0.951,796.6,2716.1,5.52,0,10.7,1033.19,1151.1,186367,Delayed,2
101925,AL18,Japan,budget,3.0,Economy,Aisle,4.82,Website, Yes ,Online,35.0,57,2024-11-24,11,1,0,0.707,627.18,1968.3,4.1,0,34.6,810.25,949.89,134685,On-Time,3
100649,AL15,Philippines,budget,5.0,Economy,Window,2.76,Mobile App,No, Card ,43.0,42,2024-11-04,11,0,0,0.624,182.62,547.0,7.01,0,58.4,374.87,491.26,98563,On-Time,3
102136,AL18,Australia,budget,3.0,economy,Window,1.46,Mobile App,,Online,18.0,37,2024-12-24,12,0,0,0.645,416.13,1236.1,7.88,0,60.2,674.78,721.87,165531,Delayed,3
102215,AL10,Thailand,full-service,5.0,Business,Middle,5.83,Walk-in,Yes,Online,37.0,37,2024-01-10,1,0,0,0.693,198.3,840.5,6.79,0,54.6,685.62,759.34,72366,On-Time,2
100441,AL01,Malaysia,full-service,4.0,Economy,Aisle,6.87,Mobile App, No ,Online,36.0,5,2024-03-01,3,0,0,0.783,591.54,1543.4,7.04,1,74.7,789.57,852.44,134285,Delayed,3
101593,AL03, VIETNAM ,premium,4.0,economy,Window,2.48,Travel Agent,No,Card,37.0,7,2025-06-12,6,0,0,0.99,350.01,1191.2,9.06,0,35.1,684.18,711.47,115162,On-Time,4
102163,AL04, Singapore ,full-service,3.0,Economy,Window,1.09,Website,No, Card ,60.0,13,2024-11-24,11,1,0,0.823,308.02,1118.4,6.64,0,37.6,645.3,709.35,155210,On-Time,5
100896,AL05,singapore,budget,3.0,Premium Economy,Middle,7.03,Mobile App, Yes ,Online,40.0,5,2024-04-02,4,0,0,0.729,243.32,719.0,,0,53.8,590.14,684.29,83964,Cancelled,4
102869,AL16,malaysia,budget,3.0,Economy,Middle,1.68,Website,Yes,Online,34.0,10,2024-06-24,6,0,1,0.729,543.27,1323.5,6.78,0,55.3,633.95,749.56,86700,Delayed,1
101541,AL15, Malaysia ,budget,3.0,Premium Economy,Aisle,4.01,Walk-in,No,Online,30.0,4,2024-11-18,11,0,0,0.882,559.48,1696.1,4.24,0,60.8,969.85,1060.19,86364,On-Time,2
101404,AL15, Malaysia ,budget,4.0,Economy,Middle,0.92,Travel Agent,No, Card ,28.0,23,2024-09-29,9,1,0,0.99,198.04,436.4,7.05,0,49.2,463.95,487.95,53842,Cancelled,1
102589,AL11,thailand,budget,5.0,Premium Economy,Aisle,2.4,Travel Agent,No,Online,,7,2024-09-29,9,1,0,0.99,615.28,1974.9,8.35,0,22.5,967.52,1060.52,68211,Delayed,4
101514,AL06, INDONESIA ,premium,3.0,Economy,Aisle,7.58,Mobile App,No,Card,29.0,11,2024-06-01,6,1,0,0.937,412.72,1222.4,7.48,0,68.8,718.08,820.49,93130,Delayed,3
102156,AL06, MALAYSIA ,premium,3.0,Economy,Aisle,2.76,Website, Yes ,Card,29.0,98,2024-08-17,8,1,0,0.691,482.21,1309.4,6.75,0,34.5,657.81,825.03,93673,On-Time,4
103417,AL07, VIETNAM ,full-service,2.0,Economy,Window,1.76,Walk-in,Yes,Online,50.0,22,2025-02-08,2,1,0,0.833,701.75,2071.6,6.0,1,62.0,902.22,960.22,202734,Delayed,3
101216,AL02,Singapore,budget,4.0,Economy,Middle,3.43,Website,No,Card,32.0,17,2024-05-08,5,0,0,0.515,634.01,2167.5,7.61,1,54.0,869.57,942.57,190329,On-Time,5
103504,AL14,Philippines,full-service,5.0,Economy,Window,5.97,Website,Yes,Card,36.0,105,2025-06-08,6,1,0,0.786,1195.61,3712.3,9.61,1,72.2,1346.68,1427.98,188100,Delayed,3
100098,AL15, Malaysia ,budget,3.0,Economy,Window,1.74,Website,No, Online ,39.0,47,2024-03-20,3,0,0,0.919,528.98,1700.0,6.33,1,36.6,726.94,854.84,54285,On-Time,3
100945,AL13, AUSTRALIA ,full-service,3.0,Economy,Middle,3.38,Travel Agent,Yes,Online,54.0,44,2024-05-11,5,1,0,0.532,191.6,588.3,7.08,1,58.8,402.16,544.2,61606,On-Time,3
103254,AL08,Malaysia,full-service,3.0,Economy,Window,1.21,Website, No ,Online,24.0,35,2025-06-03,6,0,0,0.851,566.5,1690.5,6.85,0,65.8,831.73,935.49,235302,On-Time,3
100342,AL07,Australia,full-service,3.0,economy,Window,4.26,Website, No ,Online,30.0,6,2024-03-30,3,1,0,0.839,596.97,1733.1,7.18,0,46.9,833.98,931.85,167322,On-Time,4
100072,AL09, MALAYSIA ,budget,3.0,Economy,Aisle,8.55,Airport Counter,No,Card,59.0,45,2024-02-22,2,0,0,0.71,174.86,150.0,6.46,0,61.3,313.89,370.31,84754,On-Time,3
103359,AL15, Thailand ,budget,3.0,Premium Economy,Window,6.28,Mobile App, No , Card ,61.0,55,2024-05-22,5,0,0,0.701,252.16,642.6,8.26,1,28.8,457.68,599.98,79072,On-Time,4
103180,AL01,Singapore,full-service,3.0,First,Aisle,2.39,Airport Counter, No ,Online,23.0,40,2024-12-01,12,1,0,0.821,490.46,1395.2,7.3,0,49.2,1005.38,1095.56,250894,Delayed,3
100458,AL06,Philippines,premium,5.0,Economy,Aisle,3.99,Mobile App, No ,Online,38.0,53,2025-05-04,5,1,0,0.842,748.48,2042.8,6.56,0,91.2,984.58,1072.31,164263,Delayed,3
100994,AL09,Philippines,budget,4.0,Economy,Aisle,2.83,Website,Yes, Card ,30.0,6,2024-09-07,9,1,0,0.818,811.71,2417.7,5.15,0,39.9,1058.13,1150.26,125337,Delayed,2
100762,AL06, MALAYSIA ,premium,,Premium Economy,Aisle,3.45,Website,Yes,Online,38.0,89,2024-08-31,8,1,0,0.615,484.26,1688.2,7.77,0,87.2,933.68,987.77,109967,Delayed,3
103248,AL08, THAILAND ,full-service,5.0,Economy,Middle,6.64,Website,No, Online ,37.0,24,2025-02-22,2,1,0,0.84,216.3,552.7,6.33,0,60.6,508.14,615.88,74792,Delayed,2
100089,AL11,Thailand,budget,2.0,Economy,Middle,4.47,Mobile App,Yes,Card,36.0,21,2024-01-01,1,0,0,0.822,509.38,1455.7,6.38,1,41.7,649.46,744.28,105798,On-Time,2
102350,AL18,Japan,budget,3.0,Economy,Middle,5.18,Mobile App,No,Online,33.0,71,2025-02-08,2,1,0,0.683,666.39,2181.7,7.11,0,100.0,1002.98,1079.93,260537,Cancelled,2
102039,AL08,Malaysia,full-service,3.0,Economy,Aisle,5.29,Travel Agent,Yes, Card ,48.0,27,2025-02-06,2,0,1,0.907,551.9,1786.0,7.05,1,50.1,739.28,778.64,109596,Delayed,3
100017,AL09,Indonesia,budget,4.0,Economy,Window,2.05,Walk-in,No,Cash,18.0,15,2024-09-25,9,0,0,0.79,573.92,2092.8,7.66,0,13.4,947.09,1080.49,117544,Delayed,3
104172,AL05,Philippines,budget,5.0,Economy,Aisle,8.02,Mobile App, Yes ,Card,38.0,11,2024-07-16,7,0,0,0.894,451.2,1617.8,6.26,0,75.3,831.72,960.65,91178,Delayed,2
101734,AL07, SINGAPORE ,full-service,4.0,Business,Window,2.72,Mobile App,No, Online ,29.0,29,2025-05-17,5,1,1,0.88,450.65,1462.5,,1,60.5,808.75,931.81,128522,On-Time,2
103709,AL18,Singapore,budget,5.0,Economy,Aisle,5.29,Airport Counter, Yes ,Card,37.0,26,2024-11-24,11,1,0,0.974,396.9,1649.0,8.34,0,35.1,784.56,851.19,199255,Cancelled,1
101688,AL10,Philippines,full-service,3.0,Economy,Middle,4.86,website,No,Cash,29.0,57,2024-07-07,7,1,0,0.787,1025.57,3359.1,7.69,0,59.5,1351.69,1421.95,217848,On-Time,3
103650,AL02, Singapore ,budget,4.0,Economy,Aisle,5.6,Mobile App, No , Online ,38.0,68,2024-12-02,12,0,0,0.874,425.58,1528.7,9.46,0,52.5,746.11,886.95,73557,Delayed,3
100804,AL06, MALAYSIA ,premium,4.0,Business,Aisle,1.32,Airport Counter,No,Card,18.0,15,2024-09-18,9,0,0,0.893,625.84,2188.4,6.7,0,53.2,1154.08,1226.69,225642,On-Time,4
102162,AL11, Malaysia ,budget,3.0,Economy,Window,1.21,Mobile App,No,Online,33.0,2,2024-08-08,8,0,0,0.763,284.38,1065.0,6.25,0,85.5,668.64,832.47,108163,Delayed,3
100910,AL18,indonesia,budget,3.0,Economy,Middle,4.47,Website, Yes , Card ,24.0,19,2024-05-05,5,1,0,0.772,709.66,2145.9,5.99,1,35.1,805.34,855.96,121824,Delayed,2
102679,AL09, THAILAND ,budget,3.0,Economy,Window,7.33,website,No,Card,35.0,10,2024-12-03,12,0,0,0.921,195.52,435.5,5.71,0,90.7,472.21,546.83,98856,Delayed,4
101127,AL10, Indonesia ,full-service,3.0,Premium Economy,Window,2.82,Website, No ,Card,47.0,14,2024-09-29,9,1,1,0.702,344.54,1064.6,6.17,0,83.0,711.53,861.0,119832,Delayed,1
102451,AL01,Indonesia,full-service,5.0,Economy,Window,5.75,Airport Counter,No,Online,20.0,11,2024-03-30,3,1,0,0.921,776.73,2733.6,9.28,1,9.0,960.39,998.21,152026,On-Time,5
102745,AL17, VIETNAM ,full-service,3.0,Premium Economy,Window,2.3,Website, No ,Card,28.0,2,2024-04-03,4,0,0,0.801,742.04,2233.9,4.16,1,100.0,955.33,1079.31,202559,Cancelled,2
102624,AL08, Vietnam ,full-service,3.0,Economy,Aisle,1.92,Website,No, Card ,27.0,111,2024-11-27,11,0,0,0.717,233.31,550.2,5.63,1,80.5,448.59,634.52,118745,On-Time,3
103008,AL04,thailand,full-service,4.0,Economy,Window,4.9,Airport Counter,Yes,Online,25.0,11,2024-10-17,10,0,0,0.83,600.2,2013.9,7.89,1,44.5,723.59,764.03,149314,On-Time,3
100838,AL13,malaysia,full-service,3.0,Business,Middle,0.92,Website, Yes ,Card,50.0,35,2024-09-13,9,0,0,0.968,403.12,1194.4,7.23,1,73.3,697.67,792.89,163812,Delayed,3
101057,AL08,Malaysia,full-service,4.0,Economy,Window,3.73,Airport Counter,,Card,24.0,18,2024-06-02,6,1,0,0.868,433.46,1368.0,10.0,0,49.1,740.38,824.5,79078,On-Time,4
104040,AL18,Malaysia,budget,5.0,Premium Economy,Aisle,1.85,Website,No, Online ,38.0,58,2024-03-10,3,1,0,0.937,611.32,1726.2,7.28,0,93.2,986.67,1042.62,223819,On-Time,4
101286,AL10, AUSTRALIA ,full-service,4.0,business,Middle,8.14,Mobile App,Yes,Online,59.0,1,2024-11-01,11,0,0,0.943,467.23,1533.7,8.42,0,76.3,1101.2,1224.59,227608,Delayed,3
103543,AL02,Malaysia,budget,4.0,Economy,Aisle,2.99,Website,Yes,Card,38.0,3,2024-08-12,8,0,0,0.845,283.44,489.0,7.85,0,62.6,450.67,519.85,35114,On-Time,2
100864,AL01,Malaysia,full-service,4.0,Premium Economy,Middle,6.11,Website,No,Card,48.0,41,2024-10-24,10,0,0,0.772,397.79,1033.0,8.42,0,52.7,723.72,807.18,108074,On-Time,4
102972,AL12,Thailand,premium,3.0,Economy,Window,5.1,Website,Yes,Card,39.0,8,2025-05-18,5,1,1,0.763,310.18,913.3,7.16,0,75.5,596.11,714.79,63293,Delayed,3
102252,AL17,Singapore,full-service,4.0,Premium Economy,Middle,3.34,Airport Counter,No,Card,41.0,33,2024-02-11,2,1,0,0.722,205.28,809.2,5.42,0,60.7,637.65,790.3,131017,On-Time,3
102653,AL18,Thailand,budget,4.0,economy,Window,1.36,Mobile App,No,Online,26.0,1,2024-03-27,3,0,0,0.846,641.51,2048.2,7.35,0,87.3,1047.3,1210.45,161304,Delayed,2
102578,AL02, Thailand ,budget,4.0,Economy,Aisle,4.04,Website, No ,Card,48.0,5,2024-10-13,10,1,0,0.712,448.03,1722.4,8.73,0,49.1,807.53,893.64,52429,Delayed,3
103068,AL13, MALAYSIA ,full-service,2.0,Business,Aisle,1.19,Mobile App,No,Card,28.0,2,2024-11-30,11,1,0,,400.03,983.5,7.18,0,31.6,807.67,872.26,113642,On-Time,4
100298,AL09, SINGAPORE ,budget,4.0,Economy,Middle,3.32,mobile app, Yes ,Card,47.0,1,2025-05-18,5,1,0,0.78,279.53,799.9,7.68,1,48.4,527.03,572.66,69914,Delayed,2
103714,AL11,Singapore,budget,3.0,Premium Economy,Window,1.59,mobile app,No, Online ,40.0,42,2025-03-27,3,0,0,0.857,,4409.6,7.39,0,33.0,1759.07,1807.95,227641,Delayed,3
101293,AL07,Malaysia,full-service,4.0,Premium Economy,Middle,5.24,Website,Yes,Online,21.0,6,2024-05-13,5,0,0,0.771,370.11,1089.7,6.68,1,15.1,564.81,810.77,208854,On-Time,4
102021,AL14,Vietnam,full-service,3.0,Premium Economy,Aisle,2.77,Mobile App,Yes,Online,37.0,46,2025-06-22,6,1,0,0.704,309.8,813.0,8.18,0,17.4,583.16,781.44,101030,On-Time,4
102386,AL02,Malaysia,budget,4.0,Economy,Window,4.1,Walk-in,Yes,Card,19.0,12,2025-01-23,1,0,0,0.851,462.61,1471.8,8.69,0,21.3,728.61,948.32,128154,Cancelled,2
101784,AL06, PHILIPPINES ,premium,3.0,Premium Economy,Aisle,2.2,website,No,Cash,29.0,1,2024-02-26,2,0,1,0.957,536.7,1808.3,6.02,0,57.1,1014.19,1248.9,144122,On-Time,4
101536,AL14,singapore,full-service,3.0,Economy,Aisle,0.75,Website, Yes , Online ,35.0,75,2024-01-22,1,0,0,0.883,1035.17,3017.5,5.12,0,27.4,1205.79,1295.74,252925,Delayed,2
101061,AL14, Thailand ,full-service,3.0,Economy,Aisle,2.98,Website,No,Card,22.0,35,2024-10-14,10,0,0,0.848,438.81,1250.2,6.96,0,49.8,628.67,702.38,128256,Delayed,3
101029,AL07, PHILIPPINES ,full-service,2.0,Economy,Middle,5.37,Website,No,Card,39.0,76,2024-08-26,8,0,0,0.816,380.89,1212.5,6.51,0,60.6,637.4,817.54,207392,On-Time,3
103362,AL01, Malaysia ,full-service,4.0,Economy,Window,9.3,Mobile App,Yes,Online,18.0,0,2024-01-03,1,0,0,0.696,656.98,2073.3,8.35,0,41.2,997.54,1085.08,238333,Cancelled,2
101908,AL07,Philippines,full-service,3.0,Premium Economy,Aisle,4.89,Mobile App, No ,Card,35.0,35,2024-06-23,6,1,0,0.56,275.54,1034.1,8.52,0,91.9,758.82,840.76,218932,On-Time,4
100398,AL08,Malaysia,full-service,4.0,Premium Economy,Aisle,4.49,walk-in,No,Card,30.0,25,2025-01-13,1,0,0,0.702,384.46,1004.7,8.13,0,32.3,603.23,739.76,127250,On-Time,4
103210,AL14,Thailand,full-service,4.0,Premium Economy,Aisle,1.59,Mobile App,No,Card,50.0,10,2025-05-14,5,0,0,0.918,399.06,1132.3,8.41,0,77.5,797.01,873.0,177007,On-Time,2
103745,AL05,Philippines,budget,4.0,Economy,Window,3.26,Travel Agent,Yes, Card ,,21,2024-12-04,12,0,1,0.799,382.7,1127.7,5.93,0,58.7,681.42,752.32,158059,Delayed,1
102768,AL04,malaysia,full-service,3.0,Economy,Aisle,0.75,Walk-in, Yes ,Online,27.0,11,2025-06-12,6,0,0,0.907,483.91,1644.2,5.61,1,71.3,808.45,943.12,187623,On-Time,3
103031,AL13,Singapore,full-service,4.0,Economy,Aisle,1.92,Travel Agent,No,Online,68.0,1,2024-05-24,5,0,0,0.703,401.63,1024.9,9.4,0,33.3,584.16,632.5,61098,On-Time,4
101609,AL06,Singapore,premium,5.0,Economy,Middle,1.12,walk-in,No, Card ,41.0,78,2024-08-04,8,1,1,,315.98,1143.6,7.96,0,73.0,700.91,786.95,137484,Delayed,3
100281,AL14, INDONESIA ,full-service,4.0,Economy,Middle,4.36,website,Yes,Card,51.0,25,2024-01-10,1,0,0,0.666,220.65,709.2,8.4,1,66.1,363.27,456.29,45368,Delayed,2
102609,AL01,Singapore,full-service,4.0,First,Window,2.76,Travel Agent,No,Online,27.0,24,2025-05-25,5,1,1,0.62,114.89,392.9,6.4,0,44.5,703.34,797.86,167273,On-Time,4
102506,AL18,Malaysia,budget,3.0,Business,Aisle,2.82,Walk-in,Yes, Online ,41.0,61,2024-07-17,7,0,0,0.766,,1827.5,8.82,1,84.9,1000.55,1105.04,128205,Delayed,5
100395,AL14, MALAYSIA ,full-service,3.0,Premium Economy,Aisle,3.03,Mobile App,No,Cash,,105,2024-09-21,9,1,1,0.85,1061.74,3356.9,7.03,0,19.3,1402.85,1653.22,239694,Delayed,3
100094,AL11,Australia,budget,3.0,Economy,Aisle,6.04,Walk-in,Yes, Card ,46.0,4,2024-09-02,9,0,0,0.556,732.59,2507.0,6.4,1,67.4,876.99,969.54,176636,Delayed,2
101910,AL03,Thailand,premium,4.0,Business,Middle,1.25,Airport Counter,No,Card,40.0,17,2025-06-12,6,0,0,0.658,372.12,945.8,8.46,0,38.2,803.44,857.87,86944,On-Time,3
102771,AL06,Japan,premium,5.0,Economy,Window,3.92,mobile app,Yes,Card,38.0,37,2025-04-21,4,0,0,0.668,,1969.5,7.71,1,48.5,773.76,828.09,123007,Delayed,3
101785,AL14,Indonesia,full-service,4.0,Premium Economy,Middle,0.75,Website,No, Card ,52.0,12,2024-12-04,12,0,0,0.828,589.37,1794.0,5.47,1,82.7,933.9,1034.67,115306,On-Time,3
103328,AL03, VIETNAM ,premium,4.0,Economy,Middle,2.38,Mobile App,Yes,Online,38.0,1,2025-03-15,3,1,0,0.817,290.94,419.7,9.04,0,60.2,448.33,506.13,48909,On-Time,2
103040,AL02,Thailand,budget,2.0,Economy,Aisle,1.42,Airport Counter,Yes,Card,27.0,7,2025-05-12,5,0,0,0.785,340.11,1178.9,6.16,1,29.3,591.05,738.22,134180,On-Time,3
103258,AL04, Singapore ,full-service,5.0,Economy,Middle,1.55,travel agent,No,Online,29.0,30,2024-01-22,1,0,0,0.711,224.86,470.0,7.08,0,38.5,385.3,460.39,45005,On-Time,3
102011,AL10,australia,full-service,3.0,Economy,Aisle,3.9,Website,No,Online,,37,2024-07-29,7,0,0,0.897,282.35,825.9,7.46,0,78.2,555.5,630.01,76074,Delayed,3
102119,AL09,Australia,budget,2.0,Premium Economy,Middle,0.9,Website,Yes,Card,41.0,6,2024-04-29,4,0,0,0.737,590.76,1783.2,9.45,1,21.8,895.03,960.96,184140,On-Time,5
102395,AL10, Malaysia ,full-service,3.0,Premium Economy,Aisle,1.88,Mobile App,Yes,Card,36.0,6,2024-12-06,12,0,0,0.86,99.17,426.1,7.52,0,25.7,538.96,728.07,127637,On-Time,5
101542,AL03,Malaysia,premium,5.0,Economy,Aisle,7.7,Airport Counter, No ,Card,25.0,73,2024-09-19,9,0,0,0.831,174.13,450.9,6.06,0,37.9,425.53,449.89,50342,Delayed,2
101950,AL15,australia,budget,2.0,Premium Economy,Window,3.94,Mobile App,Yes, Cash ,35.0,12,2024-08-03,8,1,0,0.774,,3874.5,5.95,1,28.4,1355.98,1468.22,200822,On-Time,3
103448,AL08,philippines,full-service,3.0,Economy,Window,2.03,Website,No, Card ,,31,2025-05-26,5,0,1,0.823,557.58,1774.0,6.01,0,52.0,825.96,885.48,101598,Delayed,2
104071,AL16, Indonesia ,budget,2.0,Economy,Middle,9.22,Airport Counter,,Online,55.0,62,2024-08-16,8,0,0,0.703,904.42,3146.0,4.15,0,48.9,1241.25,1379.28,213192,On-Time,3
102389,AL11,malaysia,budget,3.0,Economy,Window,0.94,Mobile App,Yes,Online,19.0,9,2024-06-07,6,0,1,0.631,313.2,1070.4,7.87,0,49.6,649.37,694.34,104356,Delayed,3
100881,AL15,Malaysia,budget,2.0,Premium Economy,Aisle,4.61,Travel Agent,No,Online,48.0,34,2024-10-11,10,0,0,0.788,1094.98,4026.9,7.22,0,62.8,1615.37,1712.59,446999,Delayed,2
102008,AL05,Thailand,budget,5.0,Premium Economy,Window,5.77,Mobile App,No, Online ,36.0,8,2024-05-27,5,0,0,0.562,963.79,2675.0,8.95,0,39.5,13477.784406675957,1550.53,259927,On-Time,2
103017,AL07, Thailand ,full-service,3.0,business,Aisle,4.64,Mobile App,Yes,Card,21.0,27,2024-12-03,12,0,0,0.723,354.4,1230.4,10.0,0,10.5,788.72,893.31,68640,On-Time,3
101431,AL07,Australia,full-service,3.0,Premium Economy,Window,4.38,Travel Agent, No ,Online,36.0,21,2024-05-08,5,0,0,0.852,725.11,2154.4,6.78,0,55.2,1123.46,1293.14,106109,Delayed,2
101853,AL09,Malaysia,budget,3.0,Premium Economy,Middle,4.43,Website, No ,Card,32.0,43,2024-10-10,10,0,0,0.982,708.57,2169.1,7.91,0,82.3,1088.45,1190.67,74193,Delayed,4
100661,AL11,malaysia,budget,3.0,Premium Economy,Aisle,4.22,Airport Counter,Yes,Card,23.0,2,2025-02-06,2,0,0,0.731,648.09,1598.1,7.89,1,59.0,774.44,848.58,215859,On-Time,3
101602,AL04,Indonesia,full-service,2.0,Premium Economy,Window,7.28,airport counter,Yes,Online,48.0,162,2024-06-17,6,0,0,0.739,413.11,1361.0,7.45,0,40.4,805.09,851.58,173141,On-Time,4
103505,AL11,Indonesia,budget,4.0,Economy,Aisle,6.06,Walk-in,No,Online,33.0,34,2025-01-04,1,1,1,0.661,322.11,979.0,6.45,0,36.7,537.7,659.54,74166,Delayed,3
102661,AL08,Philippines,full-service,4.0,Premium Economy,Window,4.19,mobile app,No,Online,25.0,7,2024-07-24,7,0,0,0.824,442.76,1273.4,6.56,0,33.9,784.66,966.79,126836,Delayed,2
103433,AL16,Malaysia,budget,4.0,Business,Aisle,2.3,travel agent,No,Online,42.0,15,2024-04-23,4,0,1,0.81,279.45,1123.3,6.83,1,63.3,799.88,1007.26,204861,On-Time,3
103961,AL16,Australia,budget,3.0,First,Middle,8.95,Website,No,Card,56.0,32,2024-12-05,12,0,1,0.707,693.58,2394.2,8.02,0,61.8,1348.5,1475.91,243820,Delayed,3
100317,AL08,Japan,full-service,5.0,Economy,Middle,1.61,Website, Yes ,Card,43.0,14,2024-06-17,6,0,0,0.77,487.27,1397.6,6.47,0,44.1,717.46,888.19,110468,On-Time,3
101321,AL03,Indonesia,premium,2.0,Economy,Aisle,4.01,Travel Agent,No,Card,38.0,40,2024-12-19,12,0,0,0.792,500.17,1926.0,7.39,0,65.3,922.89,1028.83,225458,Delayed,4
103547,AL06,Philippines,premium,3.0,Economy,Middle,3.52,Website, No ,Online,31.0,6,2025-02-06,2,0,1,0.655,469.63,1222.9,7.38,0,43.9,705.14,810.49,125758,Delayed,2
102727,AL01, SINGAPORE ,full-service,4.0,Economy,Aisle,3.05,Website, Yes ,Card,29.0,16,2024-04-11,4,0,0,0.609,184.6,503.0,6.26,0,59.7,413.9,549.74,111977,On-Time,4
100947,AL12,Thailand,premium,2.0,Economy,Aisle,7.1,Website, Yes , Online ,21.0,35,2024-08-22,8,0,0,0.767,566.74,1974.4,5.51,0,50.6,854.28,1003.5,225528,Delayed,3
103349,AL05, Malaysia ,budget,4.0,first,Window,4.87,Travel Agent, No ,Online,21.0,50,2025-03-31,3,0,0,0.694,573.52,2394.8,7.81,0,64.1,1311.79,1488.82,358780,Delayed,4
101587,AL01,malaysia,full-service,4.0,Economy,Window,5.63,Website,No, Card ,33.0,6,2025-01-14,1,0,0,0.944,357.53,1356.7,8.44,0,81.1,749.13,837.1,171348,Cancelled,2
100770,AL10,Malaysia,full-service,3.0,Economy,Aisle,3.51,Website,No,Online,48.0,67,2024-06-04,6,0,0,0.775,889.74,3011.9,5.09,0,83.3,1220.17,1256.57,165396,On-Time,3
103503,AL15,Singapore,budget,3.0,Business,Aisle,2.77,Mobile App,Yes,Online,,77,2024-07-24,7,0,0,0.922,524.11,1378.2,7.0,0,44.8,906.39,981.52,190481,Delayed,3
102446,AL04,Malaysia,full-service,2.0,Economy,Aisle,5.51,Travel Agent,No,Online,54.0,45,2024-11-14,11,0,1,0.889,558.77,1799.1,7.41,0,57.7,817.93,883.81,145988,Delayed,2
103952,AL08,Australia,full-service,5.0,Premium Economy,Window,3.26,Website, Yes ,Cash,19.0,4,2024-07-15,7,0,0,0.794,574.32,1963.0,7.45,0,47.7,993.98,1058.89,225220,On-Time,4
100544,AL02,Thailand,budget,3.0,Economy,Middle,6.28,website,No, Card ,41.0,0,2024-08-24,8,1,0,0.602,493.15,1662.1,8.35,0,34.5,771.12,907.13,74500,Delayed,3
102505,AL18, AUSTRALIA ,budget,4.0,premium economy,Aisle,0.81,Airport Counter,No,Cash,39.0,30,2025-04-27,4,1,0,0.609,520.53,1408.3,7.03,0,67.9,773.57,948.37,110351,On-Time,4
100630,AL10, Thailand ,full-service,3.0,Premium Economy,Middle,2.88,Travel Agent, Yes ,Card,37.0,25,2025-01-30,1,0,0,0.812,806.37,2472.4,8.03,0,70.2,1223.29,1296.55,218935,On-Time,3
101706,AL09,Philippines,budget,5.0,Economy,Aisle,2.77,Website,Yes,Card,41.0,14,2024-09-08,9,1,0,0.819,130.74,270.7,8.22,0,49.6,370.63,592.3,149175,On-Time,4
103724,AL04,Singapore,full-service,3.0,Premium Economy,Aisle,7.22,Travel Agent,No,Online,33.0,18,2024-01-27,1,1,0,0.931,283.11,556.1,7.36,0,33.6,517.38,593.7,85524,Delayed,3
103632,AL08,Malaysia,full-service,3.0,Economy,Middle,2.16,Travel Agent,Yes, Online ,29.0,5,2025-03-16,3,1,0,0.773,415.69,1488.5,5.67,0,45.2,771.53,874.69,218333,On-Time,2
103521,AL07,Indonesia,full-service,4.0,First,Aisle,5.7,Walk-in,Yes,Card,46.0,19,2024-01-20,1,1,0,0.634,429.35,1361.0,7.35,0,52.8,979.41,1259.16,316375,On-Time,5
102406,AL01, PHILIPPINES ,full-service,3.0,Economy,Window,1.8,website,No,Online,34.0,36,2024-11-18,11,0,0,0.945,463.87,1455.1,8.55,0,65.3,775.91,808.72,116799,On-Time,5
101384,AL18,Malaysia,budget,3.0,Economy,Aisle,4.91,Travel Agent,No,Card,32.0,7,2025-05-27,5,0,0,0.877,446.3,1380.7,8.4,0,65.6,753.41,840.49,134209,Delayed,2
101543,AL11,Australia,budget,2.0,Economy,Middle,5.38,Walk-in,Yes,Card,33.0,10,2025-06-26,6,0,0,0.796,160.4,618.6,6.79,0,41.1,451.33,565.94,60403,Cancelled,1
101429,AL03, Japan ,premium,4.0,Premium Economy,Middle,3.61,Walk-in,No, Online ,18.0,44,2025-03-01,3,1,0,0.726,689.63,2489.7,8.36,0,64.2,1195.57,1318.16,317030,Delayed,3
100635,AL12,Malaysia,premium,3.0,Premium Economy,Window,3.53,Airport Counter,No,Cash,34.0,2,2024-12-10,12,0,0,0.886,441.21,1604.4,6.48,0,37.4,948.78,1062.71,238403,On-Time,2
101332,AL18,Philippines,budget,2.0,Premium Economy,Window,1.02,Airport Counter,Yes,Online,30.0,12,2024-01-25,1,0,0,0.659,698.75,2338.3,6.67,1,74.8,1057.44,1173.1,156690,Delayed,2
101614,AL04, Indonesia ,full-service,5.0,Economy,Aisle,1.86,Mobile App,Yes,Cash,22.0,2,2024-11-22,11,0,0,0.866,462.17,1245.2,8.57,0,16.9,667.74,800.12,157863,On-Time,4
101181,AL14,malaysia,full-service,3.0,Economy,Window,2.18,Website,Yes,Cash,51.0,81,2025-01-24,1,0,0,0.888,600.33,2012.7,9.31,0,38.1,900.27,973.5,154003,On-Time,3
104178,AL13,Vietnam,full-service,3.0,Economy,Window,2.19,Travel Agent,Yes,Card,50.0,93,2024-02-20,2,0,0,0.863,297.76,622.4,7.7,0,84.0,446.64,589.49,129034,On-Time,3
103263,AL15, PHILIPPINES ,budget,3.0,Economy,Window,5.5,website,No,Online,,37,2024-10-25,10,0,0,0.948,275.67,824.4,7.14,0,67.4,499.72,630.53,50821,Delayed,2
100108,AL18,Philippines,budget,5.0,Economy,Aisle,6.08,Airport Counter, No ,Online,18.0,23,2024-05-09,5,0,0,0.578,738.64,2910.0,6.71,1,37.0,1104.28,1222.63,73457,On-Time,3
103871,AL18, THAILAND ,budget,4.0,Economy,Window,4.86,Mobile App,No,Card,,100,2024-10-07,10,0,0,0.871,157.3,686.7,5.52,0,69.7,473.94,509.84,129845,Delayed,3
100946,AL10,Singapore,full-service,5.0,Economy,Aisle,4.38,Travel Agent,Yes,Online,26.0,16,2024-01-28,1,1,0,0.797,1014.38,3181.1,7.54,1,54.9,1204.74,1295.62,173108,Delayed,3
101884,AL08,australia,full-service,4.0,Economy,Aisle,1.4,Travel Agent,No,Card,18.0,19,2025-05-11,5,1,0,0.664,331.56,1237.8,9.54,0,77.5,729.21,762.84,179289,Delayed,3
101742,AL06, THAILAND ,premium,2.0,Premium Economy,Middle,3.75,Travel Agent,No,Card,52.0,42,2024-04-07,4,1,0,0.673,418.23,1314.3,9.03,0,5.0,755.14,816.53,69000,On-Time,4
103240,AL02,Singapore,budget,1.0,Economy,Aisle,1.74,Mobile App,No,Online,31.0,37,2025-04-06,4,1,0,0.99,451.81,1240.3,7.22,0,51.9,659.03,841.97,150300,Delayed,2
101312,AL14, INDONESIA ,full-service,3.0,Economy,Aisle,4.89,Mobile App,Yes,Card,20.0,13,2024-10-07,10,0,0,0.749,357.89,1223.9,7.02,0,48.9,646.52,701.86,90273,On-Time,3
101877,AL14, MALAYSIA ,full-service,3.0,Economy,Aisle,1.21,Walk-in,No,Online,,5,2025-04-08,4,0,0,0.934,999.91,3584.1,7.52,0,50.8,1470.73,1612.84,239696,On-Time,3
102618,AL16, Philippines ,budget,3.0,Economy,Window,2.6,Walk-in,No,Online,18.0,10,2024-08-03,8,1,0,0.761,562.3,1801.1,10.0,1,34.6,775.54,857.22,130568,On-Time,3
104083,AL01,Thailand,full-service,4.0,Economy,Window,0.75,Website,Yes,Online,,4,2024-02-07,2,0,0,0.857,505.09,1384.1,7.15,0,27.5,706.48,841.35,85119,On-Time,3
103605,AL17,Australia,full-service,5.0,Economy,Middle,0.75,Airport Counter,Yes,Cash,39.0,9,2024-04-04,4,0,0,0.893,660.71,2088.3,5.74,0,46.7,949.57,971.33,126598,On-Time,3
103966,AL01,Malaysia,full-service,5.0,Economy,Middle,2.57,Website,No,Online,63.0,14,2024-08-22,8,0,0,0.833,176.1,424.3,9.32,0,60.6,392.57,469.94,57675,Delayed,2
100139,AL09, Vietnam ,budget,3.0,Premium Economy,Aisle,4.83,Website,Yes,Card,43.0,87,2024-03-23,3,1,0,0.897,386.52,1036.7,6.17,0,38.2,629.87,727.74,50441,On-Time,2
101923,AL04,Vietnam,full-service,3.0,Business,Aisle,3.24,Website,Yes,Card,42.0,40,2025-02-04,2,0,1,0.774,260.5,743.5,5.04,1,47.5,541.71,591.62,142180,Delayed,3
100712,AL06,Singapore,premium,3.0,economy,Middle,1.57,Walk-in,Yes,Card,31.0,16,2024-08-30,8,0,0,0.847,153.86,497.5,8.4,0,51.7,479.13,598.76,131209,Delayed,3
103135,AL17, VIETNAM ,full-service,4.0,Premium Economy,Aisle,1.52,Mobile App,No,Online,39.0,3,2024-11-06,11,0,0,0.77,509.9,1464.4,6.96,0,83.3,896.45,942.26,77064,Delayed,3
100287,AL17, SINGAPORE ,full-service,3.0,Economy,Aisle,3.37,airport counter, No ,Online,38.0,15,2024-01-20,1,1,0,0.749,239.62,690.7,8.45,0,94.8,535.19,617.58,130865,Delayed,3
102543,AL11,australia,budget,3.0,economy,Aisle,2.14,Airport Counter,Yes,Card,18.0,56,2025-05-31,5,1,0,0.99,582.32,1640.1,8.36,0,60.2,772.19,842.54,188856,On-Time,3
103422,AL16,Japan,budget,3.0,Economy,Middle,4.89,Website,No, Card ,42.0,78,2024-06-07,6,0,0,0.761,551.18,1992.4,7.09,0,45.3,881.98,1011.69,211782,On-Time,3
100823,AL15,Singapore,budget,5.0,Premium Economy,Aisle,6.1,Mobile App, No ,Card,54.0,4,2024-12-29,12,1,0,0.847,473.5,1538.5,5.79,1,76.0,845.78,938.34,159617,Delayed,1
102530,AL15,Singapore,budget,2.0,Premium Economy,Window,2.3,Travel Agent,No, Online ,36.0,6,2024-06-29,6,1,1,0.777,342.83,1091.0,9.44,1,30.5,523.03,663.61,159158,Delayed,3
102168,AL09,Australia,budget,4.0,Business,Aisle,7.27,Travel Agent,No,Card,29.0,2,2024-09-18,9,0,0,0.857,674.56,2210.8,9.2,0,34.6,1181.44,1357.63,327465,On-Time,3
103073,AL05,Philippines,budget,3.0,Business,Window,4.03,Walk-in, No ,Online,18.0,0,2024-04-01,4,0,0,0.848,366.17,601.4,7.37,0,87.7,705.65,773.22,77794,Delayed,4
102730,AL07,Malaysia,full-service,4.0,First,Middle,0.9,Travel Agent,No, Card ,23.0,2,2024-07-13,7,1,0,0.925,438.21,1316.7,8.2,0,83.0,1064.68,1247.08,79186,On-Time,4
101902,AL18,singapore,budget,2.0,Economy,Aisle,4.06,Website,No,Cash,33.0,44,2024-07-28,7,1,0,0.99,323.98,1061.7,8.81,0,44.8,607.77,782.01,110035,On-Time,4
103604,AL13,Malaysia,full-service,5.0,Economy,Window,6.3,Mobile App, No ,Online,29.0,15,2024-07-21,7,1,0,0.946,,1028.9,7.73,0,64.6,698.09,808.5,100645,Delayed,3
101109,AL09,Malaysia,budget,2.0,Economy,Aisle,3.16,Mobile App,No,Cash,26.0,1,2024-08-23,8,0,0,0.592,786.07,2399.4,6.55,0,59.7,1070.45,1205.12,186902,On-Time,4
103382,AL02,Malaysia,budget,2.0,Economy,Middle,10.63,Mobile App,No,Cash,41.0,119,2024-08-01,8,0,0,0.801,578.27,1665.6,7.21,1,79.0,688.48,775.02,100476,Cancelled,2
103669,AL10,vietnam,full-service,2.0,Premium Economy,Middle,3.86,Travel Agent,Yes, Online ,57.0,14,2024-05-24,5,0,0,0.779,183.01,351.0,6.24,0,64.3,522.8,645.13,150400,Delayed,3
102321,AL04, SINGAPORE ,full-service,3.0,Economy,Aisle,2.79,Mobile App, Yes ,Online,31.0,13,2024-08-13,8,0,0,0.738,354.4,1218.5,7.26,1,43.3,571.56,749.22,59395,Delayed,3
104020,AL16,Malaysia,budget,3.0,Economy,Aisle,7.07,website,No,Card,42.0,7,2025-06-25,6,0,0,0.977,490.43,1342.2,4.6,0,46.9,676.28,914.99,76334,Delayed,2
101224,AL05, MALAYSIA ,budget,,Premium Economy,Middle,3.83,Walk-in,Yes, Card ,22.0,9,2024-05-27,5,0,0,0.81,433.22,1265.1,9.28,0,82.8,790.02,855.32,135502,Delayed,3
104008,AL08,singapore,full-service,2.0,Economy,Aisle,4.17,Travel Agent, No ,Card,34.0,79,2024-11-09,11,1,0,0.615,228.95,773.0,7.34,1,37.0,320.91,392.64,45650,On-Time,2
103679,AL06, Australia ,premium,4.0,Economy,Aisle,4.24,Website,Yes,Card,33.0,2,2025-04-21,4,0,0,0.572,487.62,1370.8,5.17,1,89.1,662.98,755.96,180849,Delayed,2
102185,AL03,Singapore,premium,3.0,economy,Aisle,5.29,Website,No,Online,18.0,45,2024-12-14,12,1,0,0.586,512.91,1380.7,7.35,1,39.1,564.88,625.44,67405,Cancelled,2
103056,AL13,Malaysia,full-service,4.0,Economy,Middle,6.27,Travel Agent, No , Online ,36.0,12,2025-01-21,1,0,1,0.72,756.17,2317.6,5.52,0,56.7,1014.23,1052.94,238190,Delayed,2
102695,AL10,japan,full-service,3.0,Economy,Middle,6.36,Travel Agent, No ,Cash,58.0,100,2024-08-03,8,1,1,0.744,264.25,975.3,6.5,0,56.8,544.81,659.84,151665,Delayed,2
102554,AL02,Malaysia,budget,4.0,Economy,Aisle,0.75,Website, No ,Card,28.0,10,2024-11-08,11,0,0,0.729,663.91,2423.3,8.45,1,17.4,815.4,881.08,172612,On-Time,3
100525,AL01, AUSTRALIA ,full-service,3.0,Economy,Window,2.8,Website,Yes, Online ,47.0,12,2025-04-16,4,0,0,0.816,699.57,2014.4,5.84,0,59.4,919.21,982.04,212740,Delayed,2
100473,AL05, Australia ,budget,2.0,Economy,Aisle,9.86,Website,No, Cash ,50.0,14,2025-02-06,2,0,0,0.577,628.89,1717.9,8.52,1,39.2,682.53,901.11,71296,On-Time,3
103494,AL07,Singapore,full-service,3.0,Premium Economy,Aisle,0.75,Airport Counter,No,Cash,18.0,4,2024-07-30,7,0,0,0.888,358.78,698.7,5.22,0,49.7,603.22,788.44,135378,On-Time,3
102246,AL06, Vietnam ,premium,5.0,Economy,Middle,1.61,Mobile App, No ,Online,45.0,29,2025-01-06,1,0,0,0.676,953.69,2892.7,6.57,0,39.4,1273.31,1326.26,155152,Delayed,4
101831,AL14,singapore,full-service,2.0,Economy,Aisle,4.05,Airport Counter,No,Online,56.0,32,2024-03-10,3,1,0,0.99,1154.46,3820.1,8.53,1,52.8,1351.52,1496.44,201278,Cancelled,3
100506,AL04,Indonesia,full-service,4.0,Economy,Middle,9.92,Website,No,Online,18.0,32,2024-11-18,11,0,1,0.661,562.62,1615.3,5.71,0,65.0,749.24,846.92,163771,Delayed,2
103805,AL09, Singapore ,budget,4.0,Economy,Middle,5.13,Airport Counter,No,Online,32.0,10,2024-10-06,10,1,0,0.475,264.76,997.6,5.55,0,45.5,584.43,686.34,171801,Delayed,2
103038,AL11,Singapore,budget,3.0,First,Middle,3.05,travel agent,No,Online,43.0,1,2024-07-22,7,0,0,0.97,657.27,2195.9,6.95,0,25.5,1252.29,1428.41,130200,On-Time,3
103197,AL01, Thailand ,full-service,3.0,Business,Aisle,3.63,Mobile App,No, Cash ,35.0,3,2024-04-27,4,1,0,0.91,302.89,966.4,7.13,1,59.4,731.36,867.92,161294,Delayed,3
101223,AL15,Vietnam,budget,5.0,Economy,Middle,2.4,Travel Agent,Yes,Online,43.0,15,2025-05-29,5,0,0,0.763,319.21,865.9,10.0,0,55.3,619.57,813.44,206560,On-Time,4
100396,AL15,singapore,budget,3.0,Premium Economy,Window,1.37,Travel Agent,No,Card,62.0,22,2024-07-10,7,0,0,0.829,476.93,1437.0,5.3,0,45.4,10084.548768428496,918.37,223856,On-Time,3
101460,AL10,Vietnam,full-service,5.0,Economy,Window,4.58,Website,No,Cash,51.0,1,2024-01-27,1,1,0,0.912,443.41,1377.8,6.74,1,48.6,695.69,761.69,148206,On-Time,2
100515,AL08,Indonesia,full-service,4.0,First,Aisle,3.63,Website,No, Online ,20.0,10,2024-11-28,11,0,0,0.656,698.91,2264.2,7.98,0,36.3,1284.61,1375.99,195395,On-Time,4
104091,AL02,Australia,budget,3.0,Economy,Window,2.9,Mobile App,No, Online ,22.0,5,2025-06-09,6,0,0,0.622,208.08,833.5,6.86,0,73.1,491.59,721.89,166967,On-Time,3
103716,AL18,Indonesia,budget,5.0,First,Window,4.9,Airport Counter,No,Online,45.0,31,2024-08-07,8,0,0,0.788,502.6,1585.4,7.47,0,47.4,1013.75,1203.73,98059,On-Time,4
101695,AL17,Malaysia,full-service,4.0,Economy,Window,4.6,Website,Yes, Card ,34.0,6,2025-02-14,2,0,1,0.99,494.34,1527.7,10.0,0,39.7,760.72,843.72,67228,Cancelled,4
103556,AL18, THAILAND ,budget,3.0,Economy,Middle,5.74,website,No, Card ,36.0,23,2025-04-29,4,0,0,0.613,1488.5,4965.4,9.72,0,78.9,1884.01,1902.8,146407,Delayed,3
100891,AL06,Vietnam,premium,2.0,Premium Economy,Middle,8.08,mobile app,Yes,Card,,1,2025-05-20,5,0,0,0.666,512.83,1397.0,7.47,1,24.2,789.02,930.22,243309,On-Time,4
104118,AL05,Thailand,budget,4.0,Economy,Middle,3.61,Website,,Online,27.0,0,2024-01-21,1,1,0,0.713,219.73,286.0,6.42,0,43.7,361.93,563.28,72028,On-Time,3
101626,AL04,malaysia,full-service,3.0,Economy,Middle,5.06,Website,No,Online,50.0,39,2024-02-12,2,0,0,0.81,775.47,2453.1,7.88,0,69.9,1101.92,1160.22,116385,Delayed,2
101264,AL14,japan,full-service,5.0,Economy,Aisle,2.75,Mobile App, No ,Online,41.0,23,2024-10-09,10,0,0,0.814,451.18,958.6,7.06,0,14.4,553.9,589.88,128631,On-Time,4
101921,AL10, VIETNAM ,full-service,4.0,Economy,Aisle,2.65,Website, No ,Card,38.0,21,2024-12-28,12,1,0,0.646,,1396.6,7.04,0,67.2,695.62,771.83,170506,On-Time,5
103528,AL15,indonesia,budget,3.0,Business,Aisle,2.38,Mobile App,No,Card,49.0,89,2024-03-23,3,1,0,0.875,369.0,886.9,8.67,0,87.6,737.38,828.24,110059,Cancelled,2
102691,AL01,Indonesia,full-service,4.0,economy,Aisle,3.46,Travel Agent,, Card ,50.0,9,2024-07-06,7,1,0,0.835,412.17,1280.6,7.99,0,48.5,764.95,913.81,146064,On-Time,3
100877,AL18,Thailand,budget,3.0,Business,Window,2.78,Travel Agent,No,Card,48.0,10,2025-03-01,3,1,0,0.879,216.65,600.0,6.25,0,48.2,674.45,752.4,58576,On-Time,3
102575,AL17, Australia ,full-service,3.0,Economy,Window,2.43,Website,Yes,Card,43.0,37,2025-03-04,3,0,0,0.683,773.4,2780.1,6.89,0,31.8,1171.87,1306.92,170207,On-Time,3
103560,AL07,Vietnam,full-service,3.0,Economy,Window,2.49,Mobile App,No,Card,53.0,41,2024-03-02,3,1,0,0.683,199.71,615.6,7.6,0,69.2,466.63,830.71,176357,On-Time,4
102013,AL12,Indonesia,premium,3.0,Premium Economy,Window,3.17,Airport Counter, Yes ,Online,42.0,27,2024-04-19,4,0,0,0.633,338.28,758.1,7.98,0,41.3,624.46,758.44,181195,Delayed,3
101430,AL12,Malaysia,premium,2.0,Economy,Middle,1.85,Mobile App,No,Card,48.0,1,2025-06-27,6,0,0,0.728,341.06,1033.8,,0,51.7,710.05,766.08,151701,On-Time,4
100013,AL15,Vietnam,budget,3.0,Business,Window,1.77,Website,No,Card,19.0,19,2025-02-15,2,1,0,0.802,463.32,1355.1,7.03,0,59.0,890.5,965.05,90927,On-Time,5
100481,AL02,Japan,budget,4.0,Economy,Aisle,3.31,Website,Yes,Online,50.0,48,2024-01-10,1,0,0,0.731,662.84,2197.8,7.6,0,58.1,1018.21,1068.58,180696,Delayed,3
103855,AL17,Japan,full-service,3.0,Economy,Aisle,4.7,Walk-in,No,Card,33.0,8,2024-11-12,11,0,0,0.617,473.47,1236.4,7.11,1,24.9,604.92,654.21,123982,On-Time,3
103204,AL04,Australia,full-service,3.0,Economy,Aisle,1.28,Walk-in,No,Cash,,23,2025-05-06,5,0,0,0.99,310.34,833.7,6.68,1,63.0,543.35,618.74,109942,Delayed,2
101745,AL07, Singapore ,full-service,4.0,Premium Economy,Window,4.02,Travel Agent,Yes,Card,20.0,26,2025-03-18,3,0,0,,1094.81,3778.9,7.74,1,66.9,1372.2,1544.05,326115,Delayed,3
103411,AL11, VIETNAM ,budget,4.0,Business,Aisle,0.79,Mobile App,Yes,Card,33.0,18,2024-12-31,12,0,0,0.721,828.17,2331.3,7.15,0,18.5,1157.74,1318.86,173383,Delayed,2
102708,AL04,Malaysia,full-service,3.0,Premium Economy,Middle,2.6,Website,No,Online,35.0,24,2024-01-12,1,0,0,0.918,290.03,821.5,7.44,1,51.4,553.8,622.04,83623,On-Time,4
100376,AL06,Australia,premium,4.0,Economy,Window,2.85,Website, No ,Online,50.0,28,2024-12-20,12,0,0,0.77,287.22,791.2,7.65,0,55.9,594.95,673.75,132443,On-Time,3
100504,AL13,Singapore,full-service,3.0,Economy,Aisle,1.33,Airport Counter, Yes ,Cash,20.0,40,2024-11-01,11,0,1,0.723,577.23,1667.6,6.42,0,38.7,757.5,931.96,78887,Delayed,1
102399,AL11,singapore,budget,3.0,Economy,Middle,2.27,Mobile App,Yes,Online,25.0,16,2024-11-30,11,1,0,0.598,443.31,1211.6,8.24,0,31.5,642.51,678.37,57500,On-Time,4
103318,AL18,vietnam,budget,5.0,Economy,Aisle,13.56,Walk-in,No,Card,,30,2024-03-20,3,0,0,0.532,211.53,424.1,7.5,1,53.7,325.78,547.83,74029,Delayed,2
100857,AL18, VIETNAM ,budget,3.0,Economy,Middle,2.08,Website, No ,Card,49.0,25,2025-06-22,6,1,1,0.749,344.11,1319.2,7.06,1,81.9,587.9,668.06,54325,Delayed,1
100503,AL01,japan,full-service,4.0,Business,Window,7.31,travel agent,No,Online,27.0,1,2024-06-27,6,0,0,0.765,374.08,1250.2,6.97,0,62.8,893.59,995.94,205333,On-Time,3
101081,AL11,Japan,budget,4.0,premium economy,Aisle,8.43,Airport Counter,Yes,Online,34.0,8,2025-01-14,1,0,0,0.99,308.29,593.6,6.59,0,77.1,648.13,749.66,49189,Delayed,1
100046,AL03,australia,premium,,Business,Window,3.02,walk-in,Yes,Cash,140.0,14,2024-02-29,2,0,0,0.718,662.02,2310.6,5.86,0,54.7,1273.27,1343.29,211021,On-Time,2
102470,AL09,Philippines,budget,3.0,Economy,Aisle,1.7,Website,No, Online ,38.0,5,2024-04-15,4,0,0,0.756,402.44,1073.3,6.13,0,89.2,610.96,781.72,185834,Delayed,3
102169,AL15, MALAYSIA ,budget,2.0,Economy,Window,5.96,Airport Counter,Yes, Card ,42.0,1,2025-03-31,3,0,0,0.793,311.74,1074.4,,0,70.1,680.56,733.82,169581,Delayed,4
103862,AL06,Thailand,premium,,Business,Aisle,2.12,Airport Counter, No , Cash ,35.0,159,2024-07-10,7,0,0,0.563,246.03,443.7,7.76,0,49.9,483.42,573.59,138589,Delayed,2
100266,AL01,Malaysia,full-service,2.0,Economy,Middle,2.27,Website,Yes,Card,25.0,2,2025-04-20,4,1,0,0.848,,1717.6,6.37,0,35.8,875.88,1141.55,218615,On-Time,4
102577,AL11,Philippines,budget,4.0,Economy,Aisle,4.25,Airport Counter,No,Cash,48.0,7,2025-04-18,4,0,0,0.871,661.5,2752.3,,1,41.8,974.62,1079.7,272652,On-Time,4
104073,AL06,Malaysia,premium,4.0,Business,Middle,1.55,travel agent,Yes,Card,47.0,15,2025-01-02,1,0,0,0.815,444.33,1543.3,6.81,0,14.0,946.57,1021.39,194165,On-Time,3
100899,AL17,Malaysia,full-service,2.0,Premium Economy,Aisle,9.5,travel agent,No,Card,31.0,16,2024-04-19,4,0,0,0.73,469.02,1686.7,6.74,0,43.8,930.54,1024.41,65503,Delayed,3
101022,AL08,Singapore,full-service,,economy,Middle,4.65,Website,No, Online ,34.0,7,2025-05-04,5,1,1,0.796,337.78,649.0,8.67,0,89.2,510.58,551.14,55630,Delayed,4
100232,AL12,Malaysia,premium,4.0,Business,Aisle,1.42,Airport Counter, Yes ,Online,32.0,2,2024-09-27,9,0,0,0.862,544.19,1643.4,7.91,0,77.3,1062.26,1283.65,192223,Delayed,4
103718,AL01,australia,full-service,2.0,Business,Aisle,3.78,Travel Agent, No ,Card,32.0,33,2025-03-12,3,0,0,0.99,352.49,980.9,7.52,1,51.6,609.91,708.93,120733,Cancelled,3
103591,AL05, INDONESIA ,budget,4.0,Business,Aisle,7.0,Website,No,Cash,54.0,14,2025-05-30,5,0,0,0.515,719.48,2138.2,,0,56.4,1094.43,1168.14,155827,Delayed,2
104081,AL03,Japan,premium,4.0,Premium Economy,Middle,4.12,travel agent,No,Card,23.0,6,2024-08-12,8,0,0,0.655,433.13,1410.6,7.05,0,52.4,852.96,947.87,77214,On-Time,4
103524,AL02,vietnam,budget,2.0,Economy,Window,4.93,Website,No,Online,44.0,12,2024-01-01,1,0,1,0.99,178.17,506.6,6.34,1,73.5,455.94,574.06,146876,Delayed,3
103739,AL04,thailand,full-service,4.0,Economy,Aisle,4.85,mobile app,Yes,Cash,29.0,67,2024-02-13,2,0,1,0.734,759.75,2917.7,7.76,0,40.7,1200.18,1255.93,183128,Delayed,3
101189,AL18,Malaysia,budget,2.0,Business,Aisle,3.06,Airport Counter,Yes,Card,52.0,35,2025-06-24,6,0,0,0.989,433.85,1605.4,6.92,0,73.2,1014.65,1150.59,210332,Delayed,3
103675,AL18, MALAYSIA ,budget,4.0,economy,Window,2.36,Airport Counter,Yes,Card,40.0,65,2024-09-25,9,0,0,0.769,295.89,221.1,6.64,0,49.7,279.66,318.27,44395,Delayed,2
101598,AL08,Philippines,full-service,5.0,Business,Middle,6.16,Website,No,Card,41.0,7,2025-02-12,2,0,0,0.913,322.46,768.9,6.81,1,97.5,735.03,834.7,181710,Delayed,3
102667,AL16,Australia,budget,3.0,premium economy,Window,1.6,website, No ,Card,42.0,3,2025-05-02,5,0,0,0.757,260.05,857.9,5.17,0,51.7,623.26,666.91,97471,On-Time,3
100004,AL03,Singapore,premium,4.0,Business,Aisle,1.44,Mobile App,No,Card,25.0,14,2024-01-25,1,0,0,0.817,438.15,1464.5,7.03,1,33.7,838.42,899.94,68324,On-Time,3
103626,AL18, PHILIPPINES ,budget,5.0,Economy,Middle,4.22,Website,No,Card,22.0,11,2024-02-29,2,0,0,0.886,506.9,1034.3,6.19,0,63.5,612.5,711.81,50305,Delayed,1
102273,AL10, Vietnam ,full-service,3.0,Economy,Aisle,4.67,Airport Counter,Yes,Online,19.0,10,2024-08-11,8,1,1,0.834,193.52,494.8,6.04,1,48.1,343.14,598.45,138230,Delayed,1
100173,AL15,philippines,budget,4.0,Premium Economy,Window,3.02,Mobile App, Yes ,Online,44.0,15,2024-10-25,10,0,0,0.923,694.27,2045.3,6.96,0,57.1,1070.71,1124.46,281716,Delayed,3
101165,AL09,Malaysia,budget,4.0,Premium Economy,Aisle,0.89,Website,Yes,Card,29.0,67,2024-08-05,8,0,0,0.828,616.0,2056.9,7.51,0,32.5,960.89,1217.72,274454,On-Time,4
100204,AL03,Thailand,premium,4.0,Economy,Middle,5.83,Travel Agent,No, Card ,39.0,7,2024-02-15,2,0,0,0.762,287.06,1070.4,7.31,0,50.0,630.78,678.66,99360,On-Time,1
103889,AL11, Australia ,budget,,Economy,Middle,6.54,airport counter,Yes,Card,30.0,2,2024-03-23,3,1,0,0.736,916.96,2930.6,10.0,0,24.5,1184.84,1452.75,356211,Delayed,2
102764,AL15,indonesia,budget,5.0,Economy,Window,4.3,website,Yes,Online,35.0,5,2025-01-29,1,0,0,0.865,443.62,1309.7,7.63,0,43.3,693.25,776.53,96710,On-Time,3
102508,AL15, AUSTRALIA ,budget,3.0,Premium Economy,Aisle,2.75,Walk-in,No,Cash,42.0,3,2024-03-03,3,1,0,0.687,139.32,567.1,6.86,0,87.1,606.06,969.06,215899,Delayed,3
101177,AL16,Japan,budget,3.0,Premium Economy,Aisle,7.88,Airport Counter,No,Card,18.0,3,2024-09-04,9,0,0,0.936,975.53,2602.1,10.0,0,91.4,1248.97,1372.52,136286,Delayed,5
103579,AL09,Australia,budget,4.0,Premium Economy,Aisle,2.12,Travel Agent,Yes, Card ,22.0,5,2024-11-04,11,0,0,0.57,327.25,474.8,5.71,0,62.4,501.69,579.03,108586,On-Time,4
103315,AL17,Thailand,full-service,3.0,Economy,Middle,2.75,Mobile App,No,Card,43.0,110,2024-08-28,8,0,0,0.965,503.14,1718.2,6.92,0,51.0,902.08,1036.84,178394,On-Time,2
101162,AL15, PHILIPPINES ,budget,3.0,Economy,Aisle,8.18,website,Yes,Card,47.0,13,2025-06-27,6,0,0,0.906,329.57,1101.6,7.64,0,100.0,667.05,842.04,73121,Delayed,2
101600,AL03,japan,premium,5.0,Business,Middle,5.0,Airport Counter,No, Card ,42.0,19,2025-04-23,4,0,0,0.91,193.81,787.5,6.17,0,72.7,762.96,987.08,242835,On-Time,4
103564,AL09,Malaysia,budget,3.0,Premium Economy,Aisle,1.69,Mobile App,No,Online,33.0,19,2024-06-12,6,0,1,0.596,386.07,1259.4,9.67,1,24.9,640.68,788.32,160866,Delayed,4
101869,AL05, Thailand ,budget,2.0,Economy,Window,3.74,Travel Agent,No,Card,35.0,3,2024-04-21,4,1,0,0.842,181.57,863.0,9.23,0,51.0,583.23,703.37,114539,Delayed,3
102066,AL04,Australia,full-service,2.0,Economy,Middle,3.67,Mobile App,No,Online,27.0,16,2025-03-09,3,1,0,0.749,415.0,1404.9,5.44,0,69.1,750.67,828.68,118458,Delayed,3
103855,AL17,Japan,full-service,3.0,Economy,Aisle,4.7,Walk-in,No,Card,33.0,8,2024-11-12,11,0,0,0.617,473.47,1236.4,7.11,1,24.9,604.92,654.21,123982,On-Time,3
100621,AL12, INDONESIA ,premium,3.0,Economy,Window,6.44,Walk-in,No, Cash ,28.0,6,2024-06-26,6,0,0,0.99,269.15,975.7,7.88,0,69.5,674.27,774.71,182115,Delayed,4
102556,AL10, Philippines ,full-service,4.0,Economy,Aisle,1.37,Travel Agent,Yes,Online,28.0,68,2024-02-13,2,0,0,0.75,603.4,1529.1,4.23,0,82.3,746.67,818.63,164198,Delayed,1
102103,AL08,Malaysia,full-service,4.0,Business,Aisle,3.74,Travel Agent,No,Online,45.0,5,2025-06-25,6,0,0,0.749,355.41,1479.3,6.81,1,55.9,862.65,923.23,128787,Delayed,3
100364,AL18,malaysia,budget,5.0,Economy,Middle,1.56,Website, Yes ,Card,36.0,3,2024-06-15,6,1,1,0.826,296.45,1149.9,9.73,0,48.7,666.13,802.33,81401,Cancelled,4
102147,AL12, Thailand ,premium,3.0,Economy,Middle,3.06,Website,No,Online,23.0,11,2024-08-18,8,1,1,0.638,348.74,1520.8,8.88,1,10.0,666.65,758.57,158466,Delayed,3
102950,AL14,Singapore,full-service,3.0,Business,Window,1.85,Airport Counter,No, Card ,46.0,43,2024-10-04,10,0,0,0.648,310.81,790.5,5.97,0,45.5,680.23,807.34,92713,Delayed,4
101292,AL13,Philippines,full-service,3.0,Premium Economy,Aisle,1.68,Website,No, Online ,37.0,11,2024-10-13,10,1,1,0.639,437.44,1591.7,6.67,0,42.1,872.35,966.44,195460,On-Time,4
104022,AL04,malaysia,full-service,2.0,Premium Economy,Middle,4.02,Mobile App,No,Card,49.0,30,2024-10-01,10,0,0,0.564,403.34,1270.8,7.5,0,17.6,710.16,766.65,92068,Delayed,3
102190,AL16,Japan,budget,3.0,business,Window,10.45,Website,Yes,Card,27.0,24,2025-04-03,4,0,0,0.835,604.75,2086.1,8.29,0,70.6,1050.43,1206.03,192445,Delayed,3
102354,AL09, PHILIPPINES ,budget,3.0,First,Window,4.68,Mobile App,No,Card,35.0,1,2024-02-10,2,1,0,0.805,881.18,2738.9,7.98,1,67.4,1280.4,1407.19,129330,Delayed,4
101036,AL14, Malaysia ,full-service,4.0,Economy,Aisle,1.58,Website, No , Online ,48.0,3,2024-07-05,7,0,0,0.673,447.46,1321.3,6.51,0,47.0,706.55,821.55,86858,On-Time,4
101653,AL02,japan,budget,3.0,Economy,Middle,1.39,Airport Counter,No,Online,44.0,27,2025-03-20,3,0,0,0.778,556.75,1542.1,7.96,1,60.4,643.78,672.34,103620,Delayed,4
102264,AL05,Singapore,budget,3.0,economy,Window,1.45,Travel Agent,Yes,Online,,33,2024-08-20,8,0,0,0.81,551.62,1598.4,6.36,0,17.4,730.31,812.37,117841,Delayed,3
104179,AL18,Philippines,budget,3.0,Premium Economy,Aisle,6.32,Airport Counter,No,Card,23.0,10,2024-04-02,4,0,0,0.99,204.34,737.1,7.58,0,64.2,578.95,708.73,182401,Delayed,4
103311,AL03, Indonesia ,premium,3.0,Premium Economy,Window,2.02,Mobile App,Yes,Online,43.0,9,2025-05-22,5,0,0,0.62,384.92,1849.7,8.26,1,55.7,907.54,1076.31,144312,Delayed,4
100220,AL13,Indonesia,full-service,3.0,Economy,Aisle,4.75,Walk-in,No,Card,52.0,24,2025-03-26,3,0,0,0.584,304.61,895.1,7.39,1,42.2,465.61,536.0,102401,Delayed,4
103386,AL11,Australia,budget,4.0,economy,Aisle,3.4,airport counter,No,Card,55.0,36,2024-08-11,8,1,0,0.99,173.78,822.6,8.12,0,58.9,579.75,664.18,100556,Delayed,3
102911,AL09,Malaysia,budget,3.0,Economy,Middle,3.21,Airport Counter,Yes,Card,40.0,42,2024-08-12,8,0,0,0.662,276.3,639.4,7.54,0,56.1,459.98,605.32,121861,On-Time,5
103488,AL06,malaysia,premium,5.0,Premium Economy,Middle,2.68,Walk-in,Yes,Online,54.0,8,2025-01-23,1,0,0,0.854,805.63,1829.2,5.06,0,97.5,1044.76,1240.26,235701,On-Time,4
102996,AL11,malaysia,budget,3.0,Economy,Aisle,2.7,Airport Counter,Yes,Card,,64,2025-02-18,2,0,0,0.669,379.87,1352.5,7.55,0,34.4,725.69,928.27,127899,On-Time,3
103978,AL06,Malaysia,premium,2.0,Premium Economy,Middle,5.54,Website,No, Card ,56.0,22,2024-11-13,11,0,1,0.771,442.56,1361.9,6.75,0,64.2,788.43,933.96,70635,Delayed,4
100039,AL09,Singapore,budget,2.0,Business,Middle,2.16,Mobile App,Yes,Card,24.0,24,2024-08-22,8,0,0,0.948,842.2,2901.6,8.06,1,37.7,1340.59,1427.48,209220,On-Time,4
101192,AL03, JAPAN ,premium,2.0,Economy,Middle,6.16,Website,Yes, Online ,23.0,32,2025-01-05,1,1,0,0.478,277.89,970.3,9.23,0,81.3,594.39,718.46,186858,Delayed,2
102091,AL12,Malaysia,premium,2.0,Premium Economy,Aisle,3.59,Mobile App, Yes ,Online,37.0,26,2024-06-07,6,0,0,0.799,471.14,1564.9,7.37,0,40.0,902.43,1034.76,216900,Delayed,4
102565,AL04,Philippines,full-service,2.0,Economy,Middle,4.04,mobile app,No,Card,38.0,20,2024-08-21,8,0,0,0.733,693.76,1939.2,7.08,0,50.8,884.74,934.59,118345,On-Time,3
100563,AL12,Australia,premium,4.0,Premium Economy,Middle,8.47,Airport Counter,Yes,Card,42.0,41,2025-01-17,1,0,0,0.684,428.1,1260.8,4.93,0,67.1,790.21,834.41,178199,On-Time,3
102652,AL12, PHILIPPINES ,premium,2.0,Business,Middle,1.72,Travel Agent,No,Online,,36,2025-06-11,6,0,1,0.785,,1398.1,7.92,0,79.7,954.74,1103.32,271506,Delayed,3
104133,AL13,Malaysia,full-service,3.0,Business,Middle,4.56,Mobile App, No , Card ,53.0,11,2024-11-01,11,0,0,0.743,384.57,850.1,10.0,0,46.1,729.99,847.91,155230,On-Time,5
102887,AL10,Thailand,full-service,3.0,Business,Aisle,6.31,Website,Yes,Online,52.0,3,2024-02-20,2,0,0,0.789,428.53,1474.5,7.39,0,41.5,977.7,1111.29,199233,Delayed,4
100522,AL15,Philippines,budget,3.0,Premium Economy,Window,5.17,Mobile App,No,Card,39.0,19,2024-03-31,3,1,0,0.822,846.44,2384.3,7.23,0,48.3,1089.22,1180.72,299637,Delayed,3
103001,AL03, THAILAND ,premium,3.0,Economy,Window,2.21,Website, No ,Card,40.0,7,2024-02-10,2,1,0,0.99,274.67,667.6,8.52,0,65.6,539.05,689.82,141916,On-Time,5
102523,AL11,Malaysia,budget,,Economy,Middle,3.95,Travel Agent,Yes, Online ,25.0,22,2025-04-27,4,1,0,0.927,444.04,1423.9,10.0,0,37.9,705.73,746.68,106130,Delayed,3
102154,AL07,Vietnam,full-service,3.0,Economy,Window,4.83,Airport Counter,No,Online,46.0,135,2024-08-17,8,1,0,0.893,629.38,2213.8,6.39,0,33.8,926.71,977.0,195212,Delayed,2
102170,AL03,Japan,premium,2.0,Premium Economy,Window,1.55,Travel Agent,No, Online ,27.0,5,2024-07-20,7,1,0,0.448,524.04,1873.0,6.63,0,50.5,979.49,1249.05,314423,On-Time,4
104045,AL06,Indonesia,premium,3.0,Premium Economy,Window,7.58,Airport Counter,No,Cash,44.0,5,2024-05-23,5,0,0,0.824,605.95,1900.6,,1,62.4,955.37,1060.59,263152,Delayed,3
102792,AL12,Malaysia,premium,3.0,First,Middle,4.72,Travel Agent,Yes,Card,32.0,20,2025-01-25,1,1,0,0.758,156.68,374.9,6.92,0,46.9,631.21,706.71,57707,On-Time,4
102174,AL13,malaysia,full-service,2.0,Economy,Middle,0.82,Mobile App,No,Card,22.0,6,2024-08-31,8,1,0,0.908,198.88,618.5,5.42,0,30.5,531.58,627.26,126429,Delayed,3
103914,AL07,Malaysia,full-service,3.0,Economy,Aisle,8.48,Mobile App, Yes ,Card,40.0,24,2025-04-02,4,0,0,0.678,352.83,1215.4,6.43,0,29.8,599.44,645.65,135621,On-Time,3
100576,AL15,Australia,budget,5.0,Economy,Aisle,5.21,Travel Agent,No,Online,46.0,5,2024-10-26,10,1,0,0.732,185.45,450.6,,0,100.0,596.36,639.28,106785,Cancelled,3
101650,AL08,Philippines,full-service,5.0,Economy,Aisle,2.86,website,No,Card,18.0,4,2024-12-04,12,0,0,0.919,673.9,1931.9,8.78,0,65.7,968.09,1114.8,196403,On-Time,3
102544,AL07, THAILAND ,full-service,2.0,Business,Middle,5.28,Mobile App,No,Cash,40.0,4,2025-06-13,6,0,0,0.933,273.93,697.0,6.77,0,54.1,754.72,856.97,155139,On-Time,5
101960,AL10,Malaysia,full-service,3.0,Business,Aisle,3.62,Walk-in, Yes ,Online,33.0,24,2025-01-26,1,1,0,0.67,377.53,1128.6,7.2,1,38.2,675.2,797.33,87368,On-Time,4
104049,AL12,Thailand,premium,4.0,Economy,Aisle,4.12,Mobile App,Yes,Card,50.0,7,2025-03-24,3,0,0,0.668,539.37,2131.0,8.99,0,78.1,995.19,1134.91,187816,Delayed,4
103524,AL02,vietnam,budget,2.0,Economy,Window,4.93,Website,No,Online,44.0,12,2024-01-01,1,0,1,0.99,178.17,506.6,6.34,1,73.5,455.94,574.06,146876,Delayed,3
101635,AL11,Vietnam,budget,2.0,Economy,Middle,4.0,Mobile App,Yes,Online,47.0,75,2025-04-05,4,1,0,0.899,368.25,964.4,6.11,0,58.4,562.22,602.4,87414,On-Time,2
101274,AL10,Japan,full-service,4.0,Business,Window,4.28,Travel Agent,No,Cash,36.0,3,2024-06-16,6,1,1,0.804,530.67,1441.8,7.75,0,5.0,899.04,955.25,125946,On-Time,3
101816,AL09,thailand,budget,3.0,Economy,Middle,4.65,Airport Counter, No ,Online,60.0,0,2024-10-27,10,1,0,0.664,150.23,522.9,9.7,1,66.6,468.03,672.75,145895,Delayed,3
100755,AL09, SINGAPORE ,budget,3.0,Economy,Window,5.26,Travel Agent,Yes,Card,28.0,39,2025-06-23,6,0,0,0.83,698.66,2430.3,7.18,0,41.9,1007.98,1073.13,83570,Delayed,2
101327,AL04,Singapore,full-service,2.0,Economy,Middle,2.16,mobile app,No,Card,50.0,40,2024-03-25,3,0,0,0.644,356.69,917.5,,0,41.7,594.59,661.82,109409,Delayed,3
100639,AL14,philippines,full-service,4.0,Economy,Aisle,9.43,Airport Counter, No ,Card,37.0,49,2024-12-27,12,0,0,0.869,539.25,1640.4,5.73,0,82.8,823.23,938.12,200859,Delayed,2
103337,AL10,indonesia,full-service,2.0,Premium Economy,Middle,8.33,Airport Counter,No,Online,,94,2024-02-11,2,1,0,,445.87,1190.6,6.53,0,50.7,749.97,838.79,89535,On-Time,4
100043,AL13,singapore,full-service,4.0,Premium Economy,Aisle,6.69,Travel Agent, No , Card ,39.0,9,2024-11-26,11,0,0,0.776,1023.17,3052.5,6.59,0,73.2,1417.39,1467.13,256789,On-Time,4
100007,AL07,Thailand,full-service,3.0,Economy,Window,1.61,Website,No,Card,32.0,57,2025-03-20,3,0,0,0.688,264.4,585.6,7.87,1,91.2,399.0,567.33,36273,On-Time,5
103555,AL06, INDONESIA ,premium,3.0,Economy,Window,6.98,Website,No,Online,27.0,10,2024-03-30,3,1,1,0.696,789.99,2610.2,7.37,0,17.5,1059.76,1112.12,199227,Delayed,2
103876,AL04,Indonesia,full-service,1.0,Economy,Middle,1.9,Walk-in,Yes,Card,50.0,46,2025-04-26,4,1,0,0.741,40.0,359.5,6.45,0,36.0,398.27,507.98,118799,On-Time,4
100471,AL05,Thailand,budget,2.0,Business,Window,2.89,Mobile App,No,Online,62.0,4,2024-09-01,9,1,0,0.829,622.97,1984.1,6.78,1,59.7,1024.0,1172.34,113141,Cancelled,2
100421,AL12,Thailand,premium,4.0,Economy,Window,4.59,Website,No,Card,22.0,17,2024-02-10,2,1,0,0.756,757.0,2472.3,6.89,0,61.5,1107.15,1169.28,225460,Delayed,3
103571,AL13, AUSTRALIA ,full-service,4.0,Business,Window,1.35,Mobile App,Yes,Online,49.0,14,2025-04-11,4,0,0,0.726,831.9,2492.6,4.78,0,37.0,1227.43,1355.89,348071,Delayed,2
100654,AL18,Australia,budget,4.0,Economy,Window,7.68,Travel Agent, No , Online ,35.0,5,2024-12-24,12,0,0,0.398,353.77,844.0,5.67,0,46.1,502.11,556.25,69104,On-Time,3
103698,AL06, Singapore ,premium,3.0,Premium Economy,Middle,5.88,Mobile App,No, Online ,28.0,7,2024-02-11,2,1,0,0.68,308.93,1133.1,8.07,1,52.6,740.61,794.69,202309,Delayed,3
103699,AL04,Malaysia,full-service,4.0,premium economy,Middle,3.12,Website, No ,Cash,52.0,138,2024-05-16,5,0,0,0.68,337.36,946.4,7.34,1,76.9,619.67,714.99,179229,On-Time,5
103502,AL10,Thailand,full-service,4.0,Premium Economy,Window,0.95,Mobile App,No,Card,51.0,29,2024-01-07,1,1,0,0.815,616.04,1714.3,7.46,1,58.2,850.37,927.05,54648,Delayed,4
100464,AL03,Malaysia,premium,2.0,Economy,Window,3.78,website,No,Online,54.0,3,2024-05-30,5,0,0,0.765,377.99,1083.4,8.97,1,28.5,527.06,610.11,120439,On-Time,4
103692,AL07, THAILAND ,full-service,3.0,Premium Economy,Aisle,5.67,Website,No, Card ,37.0,56,2024-08-02,8,0,1,0.821,469.87,1330.0,6.95,0,52.7,703.96,771.13,155940,Delayed,3
101691,AL11, VIETNAM ,budget,4.0,Economy,Window,4.59,Website,No,Card,34.0,55,2024-11-11,11,0,1,0.545,554.03,1504.5,7.9,0,55.6,758.16,829.97,217576,Delayed,3
101033,AL01,Indonesia,full-service,2.0,Economy,Window,5.55,Website,No,Card,59.0,36,2025-05-12,5,0,0,0.743,203.6,661.7,9.83,0,71.2,532.18,597.41,48896,Delayed,3
103399,AL11,Malaysia,budget,5.0,Economy,Aisle,3.65,Website,Yes,Card,25.0,5,2025-02-03,2,0,0,0.711,531.23,1686.8,6.55,1,45.9,723.36,834.23,52512,On-Time,4
100870,AL08,Malaysia,full-service,3.0,economy,Window,5.64,Website,Yes,Online,45.0,7,2024-12-06,12,0,0,0.736,474.01,1139.6,7.79,0,29.0,653.18,871.71,202998,Delayed,2
100065,AL04,Malaysia,full-service,4.0,Premium Economy,Window,4.37,Website, No ,Card,40.0,43,2024-09-26,9,0,0,0.746,375.9,873.3,8.85,0,60.0,688.65,799.72,122943,Delayed,3
102489,AL06,Malaysia,premium,3.0,premium economy,Aisle,6.01,Website,No,Online,18.0,97,2024-11-01,11,0,0,0.893,284.71,795.3,5.31,0,42.3,628.43,707.52,53601,On-Time,2
101432,AL14,Australia,full-service,3.0,Business,Middle,1.91,Airport Counter,Yes, Cash ,28.0,19,2024-11-10,11,1,0,0.66,485.69,1035.1,8.74,0,71.8,814.7,1058.08,277214,Delayed,4
101938,AL11, SINGAPORE ,budget,4.0,Premium Economy,Middle,2.47,Airport Counter,No, Online ,44.0,4,2025-02-16,2,1,0,0.898,222.02,1136.9,8.9,0,49.1,716.6,869.0,184400,On-Time,4
103083,AL16,Malaysia,budget,4.0,Premium Economy,Aisle,2.76,Mobile App,No,Online,,33,2025-01-20,1,0,0,0.749,760.46,2343.6,7.07,0,18.2,1082.73,1209.51,129856,On-Time,3
102092,AL02,Philippines,budget,3.0,Premium Economy,Aisle,4.96,mobile app,No,Online,43.0,16,2025-04-22,4,0,0,0.807,1044.05,3699.7,5.1,0,45.3,1557.84,1643.26,252757,Delayed,3
100995,AL04, PHILIPPINES ,full-service,4.0,Economy,Middle,2.82,Mobile App, No ,Card,31.0,12,2024-09-26,9,0,0,0.58,316.62,763.8,7.81,0,40.7,458.07,544.09,55980,On-Time,2
103849,AL08,Singapore,full-service,4.0,Business,Aisle,4.04,Airport Counter, No ,Cash,44.0,3,2024-07-08,7,0,0,0.99,274.43,682.3,7.69,0,55.0,757.66,823.93,124334,Delayed,2
103075,AL14,Philippines,full-service,4.0,Economy,Aisle,6.96,Airport Counter,No,Online,43.0,69,2024-07-25,7,0,0,0.9,203.81,595.7,8.08,0,65.9,481.89,579.2,86548,Delayed,2
101780,AL05, Malaysia ,budget,3.0,Economy,Window,4.0,Walk-in,No, Cash ,60.0,85,2024-07-13,7,1,0,0.796,609.77,1404.5,9.34,1,61.9,597.43,631.53,49101,Delayed,3
102109,AL08,Malaysia,full-service,3.0,Economy,Aisle,3.23,Mobile App,Yes,Cash,49.0,36,2025-06-22,6,1,0,,,1557.0,5.33,0,55.2,771.91,884.31,102650,Delayed,2
103277,AL05,Thailand,budget,4.0,Economy,Middle,4.36,Website,No,Card,18.0,4,2025-01-18,1,1,0,0.749,707.32,2021.9,6.54,0,74.9,970.98,1229.49,151099,On-Time,2
102527,AL08, JAPAN ,full-service,3.0,Economy,Middle,4.0,Walk-in,No,Online,47.0,42,2025-02-15,2,1,0,0.875,436.16,1520.8,7.33,1,28.4,721.65,895.31,96773,On-Time,2
100129,AL15, INDONESIA ,budget,3.0,Economy,Window,2.93,Mobile App,No, Card ,18.0,82,2024-09-10,9,0,0,0.878,813.32,2520.1,6.65,0,62.1,1073.7,1175.82,270225,Delayed,1
102537,AL08,australia,full-service,3.0,Economy,Window,1.63,Travel Agent,No,Online,30.0,4,2025-01-17,1,0,1,0.705,345.5,1021.5,8.0,1,97.7,526.39,564.0,128866,Delayed,3
100849,AL14,Singapore,full-service,3.0,Economy,Aisle,1.51,Mobile App,No,Online,33.0,22,2025-04-25,4,0,0,0.767,449.62,1012.6,8.12,0,53.2,585.76,698.49,125731,Delayed,4
102285,AL01,Singapore,full-service,3.0,First,Window,4.26,Travel Agent,Yes,Card,47.0,75,2025-05-25,5,1,0,0.93,593.34,1741.4,3.65,0,29.4,1098.42,1323.61,147056,On-Time,3
103044,AL08,Malaysia,full-service,3.0,premium economy,Window,2.26,Travel Agent,Yes,Online,26.0,34,2025-04-22,4,0,0,0.762,669.23,2016.9,5.98,1,54.3,858.62,992.17,178486,On-Time,3
102713,AL18,Singapore,budget,3.0,Business,Window,1.75,Travel Agent,No,Card,28.0,59,2025-01-02,1,0,0,0.741,372.63,938.5,,0,57.0,730.11,842.23,153194,On-Time,2
102261,AL09,Malaysia,budget,3.0,Economy,Window,3.09,Travel Agent,Yes,Card,43.0,7,2024-05-19,5,1,0,0.798,157.25,208.1,7.01,0,82.8,375.18,424.36,105157,Delayed,3
103609,AL10, SINGAPORE ,full-service,4.0,Economy,Window,3.16,Mobile App,No, Online ,30.0,13,2025-01-09,1,0,0,0.66,571.03,1806.4,7.04,1,49.0,813.73,868.02,137561,On-Time,3
104142,AL09,Australia,budget,3.0,First,Aisle,10.59,Travel Agent,Yes,Online,62.0,25,2024-01-27,1,1,0,,323.95,879.5,9.96,1,5.0,739.47,902.13,53151,Delayed,5
101922,AL12, THAILAND ,premium,3.0,Economy,Aisle,3.47,Website,No,Online,37.0,47,2025-03-20,3,0,0,0.863,453.38,1518.3,9.83,1,52.2,661.93,750.57,88824,Delayed,3
102949,AL12, Singapore ,premium,5.0,Business,Middle,3.0,Mobile App,No,Online,42.0,30,2025-03-04,3,0,0,0.674,553.53,1527.4,6.75,0,47.3,965.79,1053.72,261686,On-Time,3
103987,AL06, Japan ,premium,3.0,Economy,Middle,2.62,Website,Yes,Card,19.0,22,2024-07-07,7,1,0,0.669,384.61,1082.1,7.3,0,44.0,590.65,653.23,147070,On-Time,4
104164,AL13,thailand,full-service,2.0,premium economy,Aisle,5.09,Airport Counter,No, Online ,50.0,21,2025-01-10,1,0,0,0.634,355.21,1174.7,7.12,1,34.2,669.04,795.03,153576,On-Time,4
102102,AL10,Malaysia,full-service,4.0,Economy,Aisle,5.88,website,No,Card,34.0,30,2025-04-24,4,0,1,0.99,660.14,2011.6,7.6,0,63.0,986.5,1022.14,251897,Delayed,3
102557,AL02,malaysia,budget,3.0,Economy,Middle,2.78,Website, No ,Online,51.0,24,2024-05-13,5,0,0,0.737,368.29,1188.4,10.0,1,32.2,548.87,582.9,113134,On-Time,4
104155,AL07,Malaysia,full-service,4.0,Business,Aisle,3.68,Website, No ,Card,26.0,9,2025-04-09,4,0,0,0.805,643.79,1911.7,7.13,0,68.4,1114.7,1182.29,217525,On-Time,3
102766,AL18,australia,budget,5.0,Economy,Window,3.68,Airport Counter, Yes ,Cash,33.0,4,2024-10-31,10,0,0,0.797,1226.24,4054.8,9.35,0,68.4,1610.8,1640.44,324573,On-Time,4
101481,AL01,Thailand,full-service,4.0,Economy,Middle,6.37,Mobile App, Yes ,Card,24.0,52,2025-01-09,1,0,0,0.832,311.57,723.4,7.78,0,68.1,528.75,635.31,53061,On-Time,5
103772,AL10,Japan,full-service,3.0,Premium Economy,Aisle,1.58,Mobile App,No,Card,18.0,23,2024-10-24,10,0,0,0.811,292.51,1007.6,7.49,1,54.9,533.04,697.5,142697,On-Time,4
100382,AL06, MALAYSIA ,premium,5.0,Economy,Window,3.72,Website,No,Card,18.0,1,2024-06-22,6,1,0,0.693,298.48,868.2,6.81,0,57.6,584.98,661.78,83394,On-Time,3
102358,AL09,indonesia,budget,5.0,Premium Economy,Aisle,4.21,website, No ,Card,18.0,3,2024-02-18,2,1,0,0.601,540.04,1479.3,3.75,0,43.5,813.24,954.45,206855,Delayed,2
103539,AL13,vietnam,full-service,4.0,Economy,Window,2.86,Website,Yes, Online ,32.0,44,2024-05-09,5,0,1,0.904,698.36,2561.3,6.85,0,24.2,1043.85,1171.87,103166,Delayed,2
104177,AL13, Vietnam ,full-service,4.0,Business,Aisle,1.95,Mobile App, Yes ,Online,,146,2025-03-17,3,0,1,0.804,956.52,3289.6,7.25,1,54.8,1352.5,1410.72,168585,Delayed,4
104174,AL03,Australia,premium,3.0,Business,Middle,4.08,Travel Agent,Yes,Online,54.0,13,2024-11-30,11,1,0,0.467,477.0,1498.7,7.24,0,39.6,928.48,1098.22,126851,On-Time,4
100558,AL06, THAILAND ,premium,3.0,Economy,Aisle,2.28,Website,Yes,Card,37.0,40,2024-05-09,5,0,0,0.784,755.88,2426.8,4.1,1,38.4,881.12,1143.06,300092,On-Time,2
100835,AL04,Australia,full-service,4.0,Economy,Middle,3.09,Website, No ,Online,40.0,10,2024-02-22,2,0,1,0.801,410.32,1197.1,7.11,0,52.9,657.68,740.79,161384,Delayed,3
100029,AL06, Japan ,premium,3.0,Premium Economy,Aisle,4.73,Travel Agent, Yes ,Cash,19.0,81,2024-03-06,3,0,0,0.75,550.89,2072.6,7.34,1,49.5,902.26,1005.58,143966,On-Time,3
100463,AL08, Vietnam ,full-service,2.0,Economy,Window,2.06,Walk-in,No,Card,18.0,42,2025-05-06,5,0,0,0.682,542.26,1404.2,7.36,0,35.2,749.58,783.89,194058,On-Time,3
102643,AL07,Thailand,full-service,3.0,Economy,Aisle,7.77,Travel Agent,No,Online,23.0,7,2025-05-15,5,0,0,0.645,631.88,1845.7,4.77,0,56.5,911.74,985.16,137377,On-Time,2
100916,AL12,Japan,premium,3.0,Economy,Aisle,2.82,Website,No, Online ,41.0,13,2024-11-09,11,1,1,0.731,297.9,761.0,4.36,1,43.5,505.03,692.19,150594,On-Time,3
101825,AL06,indonesia,premium,3.0,Economy,Window,4.09,Website,No,Card,18.0,11,2024-04-06,4,1,0,0.766,264.74,730.2,9.38,0,45.0,619.41,658.02,135855,On-Time,4
101299,AL18,vietnam,budget,3.0,Premium Economy,Middle,10.48,Website,No,Online,32.0,30,2024-05-02,5,0,0,0.787,630.18,1767.4,4.99,0,73.7,923.02,1021.01,66169,Delayed,2
103473,AL07, Vietnam ,full-service,3.0,economy,Aisle,4.54,Mobile App,Yes,Card,34.0,12,2024-02-14,2,0,0,0.783,904.4,2983.1,8.07,0,20.4,1183.28,1285.63,201014,On-Time,4
102460,AL15,thailand,budget,2.0,Business,Middle,6.59,Website,No,Card,18.0,49,2025-03-19,3,0,0,0.611,334.27,830.6,8.52,0,48.9,655.2,764.47,85050,Delayed,3
103336,AL06, JAPAN ,premium,1.0,Business,Middle,8.26,Airport Counter,No, Card ,23.0,69,2025-03-02,3,1,0,0.841,783.47,2761.0,7.98,0,80.4,1402.92,1489.35,183683,Cancelled,2
100518,AL18,Thailand,budget,3.0,Economy,Window,1.73,Airport Counter,No, Online ,44.0,66,2025-05-28,5,0,0,0.825,617.76,2027.8,9.17,0,58.5,920.81,950.01,107569,On-Time,3
102915,AL10,Indonesia,full-service,2.0,business,Aisle,4.74,Walk-in,No,Card,50.0,50,2024-11-04,11,0,0,0.71,659.06,2125.5,8.38,0,30.8,1141.62,1279.01,110270,On-Time,3
101872,AL01,Japan,full-service,1.0,Premium Economy,Aisle,5.06,Mobile App,No,Cash,51.0,22,2024-08-03,8,1,0,0.835,332.42,746.1,4.23,0,33.3,671.65,812.63,199812,On-Time,2
102327,AL03,Thailand,premium,4.0,Economy,Aisle,4.73,Website,, Card ,33.0,31,2024-07-04,7,0,0,0.707,411.32,1383.2,,0,60.5,779.29,864.55,161944,On-Time,2
100595,AL06,malaysia,premium,3.0,Premium Economy,Aisle,4.27,Website,Yes,Online,36.0,27,2024-06-22,6,1,0,0.713,608.59,1884.1,9.14,0,54.7,953.33,1063.86,165684,On-Time,4
100469,AL09, Malaysia ,budget,3.0,Premium Economy,Window,1.35,Mobile App,,Cash,43.0,132,2024-12-19,12,0,0,0.786,179.13,418.7,7.09,0,69.1,465.65,520.92,63216,On-Time,4
102351,AL18, SINGAPORE ,budget,4.0,Business,Window,2.29,Travel Agent,Yes,Online,35.0,16,2024-02-28,2,0,1,0.863,712.85,2221.3,6.1,0,42.0,1201.86,1290.46,244599,Delayed,3
102320,AL08, SINGAPORE ,full-service,1.0,Economy,Aisle,5.07,Mobile App,No,Online,31.0,26,2025-03-22,3,1,0,0.732,208.58,532.7,6.86,0,62.0,434.77,567.96,117723,Delayed,2
102866,AL16,Singapore,budget,5.0,Premium Economy,Aisle,8.01,Website,Yes,Card,61.0,0,2025-06-28,6,1,0,0.963,,1874.0,7.42,0,80.1,1011.9,1104.48,281587,Delayed,2
101554,AL14, SINGAPORE ,full-service,4.0,Economy,Window,2.05,Mobile App,No,Card,48.0,9,2025-04-10,4,0,0,0.787,396.76,1436.7,9.22,0,29.9,708.22,750.72,99601,On-Time,4
100097,AL11,Malaysia,budget,2.0,Economy,Aisle,7.88,Airport Counter, No ,Online,20.0,2,2024-08-20,8,0,0,0.838,490.88,1863.7,9.81,0,27.0,858.88,978.94,200629,Delayed,4
102854,AL03,Singapore,premium,3.0,Economy,Window,2.92,Website,No,Cash,21.0,62,2024-12-11,12,0,0,0.786,227.08,720.1,9.12,0,49.9,560.99,632.65,72277,Delayed,3
102076,AL17, Singapore ,full-service,3.0,Economy,Aisle,1.38,Website, No ,Card,22.0,2,2024-01-25,1,0,0,0.651,1002.34,3235.0,6.42,0,77.1,1341.19,1374.58,350649,On-Time,3
100447,AL15,Thailand,budget,4.0,Premium Economy,Middle,1.98,Website,No,Online,51.0,35,2024-12-20,12,0,0,0.918,240.01,608.2,7.45,1,42.7,501.82,603.96,128564,Delayed,2
103343,AL08,Malaysia,full-service,3.0,Premium Economy,Window,0.8,Travel Agent, No ,Cash,18.0,15,2025-05-18,5,1,0,0.722,607.56,2445.2,6.9,1,65.4,967.14,1079.74,178791,Delayed,3
101733,AL04,singapore,full-service,3.0,Premium Economy,Aisle,5.75,Website,No,Online,32.0,27,2024-11-04,11,0,0,0.731,201.41,663.0,9.9,0,79.2,630.8,829.47,125260,On-Time,5
101897,AL18, INDONESIA ,budget,3.0,Economy,Middle,4.13,Travel Agent,Yes,Online,32.0,48,2025-04-22,4,0,0,0.537,403.32,1597.8,7.1,0,80.4,747.74,797.07,49101,Delayed,4
103421,AL01,malaysia,full-service,3.0,Premium Economy,Window,2.88,website,No,Online,51.0,49,2024-01-01,1,0,0,,504.14,1679.9,6.81,0,64.8,861.81,978.88,118888,On-Time,5
103859,AL17, Singapore ,full-service,4.0,Premium Economy,Window,2.6,Website,Yes,Online,22.0,15,2024-01-17,1,0,0,0.976,297.33,795.1,8.06,0,36.8,606.11,755.22,164322,On-Time,5
102948,AL13,Indonesia,full-service,3.0,Economy,Window,6.24,Mobile App, Yes , Online ,42.0,11,2025-01-10,1,0,1,0.559,319.69,1248.7,7.1,0,100.0,695.92,921.18,229649,Delayed,3
103674,AL07, Malaysia ,full-service,3.0,Economy,Middle,3.64,Mobile App, No ,Cash,36.0,26,2024-08-15,8,0,0,0.99,282.16,1050.5,7.61,0,88.7,640.52,750.56,68767,Delayed,3
103205,AL04,malaysia,full-service,3.0,Economy,Aisle,8.81,Walk-in,Yes,Cash,18.0,53,2025-05-01,5,0,0,0.79,448.26,1102.3,6.67,0,56.8,704.84,811.41,118693,Delayed,2
103256,AL05,Philippines,budget,4.0,Economy,Aisle,5.77,Mobile App,No,Card,58.0,2,2024-01-28,1,1,0,0.608,540.04,1610.8,8.5,1,52.5,662.32,844.9,121011,Delayed,1
103365,AL17, SINGAPORE ,full-service,3.0,Economy,Window,2.72,Travel Agent, No ,Card,18.0,10,2024-12-29,12,1,1,0.681,596.96,2031.0,6.37,0,39.6,936.76,962.89,207224,Delayed,3
102130,AL06,Malaysia,premium,3.0,Economy,Window,3.34,Walk-in,No,Online,30.0,9,2024-09-13,9,0,0,0.901,993.62,2738.3,6.13,0,46.9,1206.43,1343.74,133314,Delayed,2
103836,AL16,Thailand,budget,4.0,Economy,Aisle,1.55,Mobile App,No,Card,18.0,14,2025-03-23,3,1,0,0.755,222.7,625.2,7.38,0,39.1,366.4,408.19,77418,Delayed,2
103296,AL05,Philippines,budget,3.0,Economy,Middle,0.98,Travel Agent,,Online,30.0,34,2024-07-06,7,1,0,0.665,548.87,1812.2,6.29,0,49.3,857.76,975.55,132009,On-Time,4
103238,AL05,Indonesia,budget,3.0,Economy,Aisle,3.21,Website,Yes,Card,38.0,5,2024-09-24,9,0,0,,551.08,1532.6,8.04,0,51.8,780.77,845.87,171283,Delayed,3
100286,AL12,Vietnam,premium,4.0,Premium Economy,Aisle,7.52,Mobile App,No,Online,39.0,21,2024-10-12,10,1,0,0.99,183.93,647.8,6.5,0,51.4,606.03,644.33,111545,Delayed,3
103457,AL14,Malaysia,full-service,,Economy,Middle,4.99,Mobile App,Yes,Card,33.0,32,2024-06-04,6,0,0,0.79,223.37,971.4,5.77,0,39.3,600.71,677.35,69005,Delayed,3
100779,AL16, MALAYSIA ,budget,5.0,Economy,Aisle,2.09,Mobile App,No,Cash,35.0,33,2024-12-30,12,0,0,0.612,828.13,2784.7,7.67,1,31.8,1006.97,1060.84,208841,Delayed,3
103922,AL02,Thailand,budget,4.0,Economy,Window,3.39,Website,No, Card ,24.0,12,2024-09-10,9,0,0,0.985,292.0,1008.4,6.1,0,66.2,668.28,716.55,77511,On-Time,3
104005,AL12,Singapore,premium,5.0,Economy,Aisle,3.15,Website, No ,Online,39.0,61,2024-10-28,10,0,0,0.693,563.12,1846.0,6.12,0,17.4,863.54,969.22,197852,Delayed,1
102052,AL06, JAPAN ,premium,5.0,Economy,Aisle,0.87,Travel Agent,No, Card ,35.0,27,2024-09-15,9,1,0,0.815,140.3,411.1,7.49,0,32.7,436.64,590.3,98562,On-Time,3
100428,AL01,Japan,full-service,4.0,Economy,Window,8.87,Website,No,Card,31.0,9,2024-03-29,3,0,0,0.611,595.67,2329.8,7.24,0,19.2,909.77,1157.32,178730,On-Time,4
102434,AL17, MALAYSIA ,full-service,3.0,Premium Economy,Window,4.36,Mobile App, Yes ,Card,65.0,13,2024-01-07,1,1,0,0.755,455.77,901.8,7.91,0,28.4,656.65,715.19,102679,On-Time,4
101467,AL06, VIETNAM ,premium,,first,Aisle,2.55,Airport Counter,Yes, Online ,48.0,15,2025-04-16,4,0,0,0.848,216.47,344.1,6.3,0,54.5,620.29,817.98,91009,On-Time,3
103129,AL08,Malaysia,full-service,3.0,Economy,Middle,2.59,Mobile App,No,Card,59.0,19,2025-01-31,1,0,0,0.807,229.5,536.6,7.93,0,64.4,478.83,526.45,100068,On-Time,4
103713,AL17,Singapore,full-service,2.0,Premium Economy,Aisle,6.45,mobile app, No , Online ,18.0,25,2024-07-15,7,0,0,0.686,376.76,1036.7,8.31,0,77.9,693.53,822.38,188358,On-Time,3
104121,AL06,Indonesia,premium,3.0,Economy,Window,2.04,Mobile App,No,Online,18.0,59,2025-06-08,6,1,0,0.953,397.77,1557.8,7.24,0,50.5,793.68,927.78,181942,On-Time,3
100350,AL02,Indonesia,budget,5.0,Economy,Middle,5.03,Website,Yes,Online,26.0,15,2024-11-23,11,1,0,0.783,333.99,837.8,7.21,0,30.0,545.87,660.5,52989,Delayed,4
103884,AL17, INDONESIA ,full-service,3.0,Economy,Aisle,4.39,mobile app, No ,Card,,9,2025-03-08,3,1,0,0.862,604.31,1869.4,6.55,1,62.1,845.62,923.62,218204,Delayed,2
100660,AL13,singapore,full-service,2.0,Premium Economy,Middle,1.76,Travel Agent, Yes ,Card,24.0,20,2024-11-14,11,0,0,0.899,132.25,406.4,9.77,0,67.3,555.83,692.89,166398,Delayed,4
103439,AL04,Singapore,full-service,3.0,Economy,Middle,4.87,mobile app,No,Online,36.0,20,2024-07-01,7,0,0,0.786,295.69,783.0,6.99,1,44.7,411.23,450.49,76860,On-Time,3
102409,AL17, PHILIPPINES ,full-service,5.0,economy,Aisle,1.45,Walk-in, Yes , Card ,54.0,8,2024-01-31,1,0,0,0.689,,1906.2,7.92,1,11.3,702.18,815.7,189566,On-Time,4
102206,AL09,Malaysia,budget,2.0,Economy,Window,3.3,Airport Counter,No,Online,31.0,5,2024-03-03,3,1,0,0.56,111.08,649.0,7.99,0,19.8,449.52,552.73,89291,On-Time,4
100383,AL10,Philippines,full-service,4.0,Premium Economy,Aisle,1.83,website,,Card,21.0,11,2024-06-01,6,1,0,0.922,606.27,2078.0,6.02,0,30.7,999.28,1099.38,260575,On-Time,4
102295,AL16,Malaysia,budget,,Economy,Aisle,4.13,Mobile App,No,Online,43.0,8,2024-10-14,10,0,0,0.498,671.96,1930.2,6.32,0,50.3,814.24,992.73,208099,On-Time,3
102216,AL05,Australia,budget,3.0,premium economy,Aisle,4.35,Website,Yes, Online ,44.0,49,2024-09-26,9,0,0,0.944,665.22,2248.3,8.5,0,64.4,1086.17,1154.18,123796,Delayed,3
102188,AL08,Indonesia,full-service,5.0,Economy,Aisle,3.47,Mobile App,No,Online,53.0,21,2025-06-13,6,0,0,0.854,,1850.0,8.48,0,43.6,891.07,1023.64,174448,On-Time,3
100465,AL12, MALAYSIA ,premium,,Economy,Window,4.19,Travel Agent,No,Card,57.0,7,2024-03-12,3,0,1,0.676,555.82,1742.6,5.88,1,45.3,723.39,772.55,58263,On-Time,3
101132,AL18,Japan,budget,2.0,Economy,Aisle,1.73,Airport Counter,No,Cash,,4,2024-09-11,9,0,0,0.772,340.14,975.6,7.53,1,77.6,626.95,709.1,91205,Cancelled,1
100299,AL15,Indonesia,budget,2.0,Business,Window,3.46,Travel Agent,No,Online,44.0,7,2025-05-21,5,0,1,0.926,345.01,1034.0,7.23,0,49.0,791.39,897.28,227867,Cancelled,2
101615,AL01,Indonesia,full-service,3.0,Economy,Window,4.63,Travel Agent, Yes ,Online,62.0,16,2024-08-25,8,1,0,0.87,510.65,1568.9,6.79,0,48.5,812.72,883.94,95747,On-Time,2
104047,AL15,Philippines,budget,4.0,Economy,Aisle,1.75,Mobile App, No ,Card,35.0,15,2024-09-04,9,0,0,0.701,622.21,1638.6,6.29,0,52.0,812.34,865.24,197435,Delayed,1
103517,AL13, Philippines ,full-service,4.0,Economy,Window,5.26,Airport Counter, No ,Cash,48.0,15,2024-04-16,4,0,0,0.942,398.49,1303.3,,0,62.3,736.41,820.2,145880,Delayed,3
102416,AL02,Thailand,budget,3.0,Premium Economy,Aisle,4.14,Travel Agent, No ,Card,44.0,4,2024-01-08,1,0,0,0.712,435.27,1144.6,9.52,0,35.7,720.43,820.82,164363,Cancelled,3
101937,AL07,Australia,full-service,3.0,Economy,Window,0.94,Mobile App,No, Card ,21.0,1,2025-04-13,4,1,0,0.94,739.23,2461.0,8.76,0,62.4,1110.24,1151.29,268165,Delayed,3
104136,AL10, Australia ,full-service,4.0,Economy,Aisle,3.65,Website,No,Card,23.0,0,2024-11-13,11,0,0,0.538,524.59,1672.8,8.94,0,5.0,732.01,824.89,115251,On-Time,3
103641,AL14,Malaysia,full-service,3.0,Economy,Aisle,3.29,Travel Agent, Yes ,Online,41.0,22,2024-02-29,2,0,0,0.847,383.37,1338.4,7.39,0,31.4,703.53,749.4,117432,On-Time,3
101177,AL16,Japan,budget,3.0,Premium Economy,Aisle,7.88,Airport Counter,No,Card,18.0,3,2024-09-04,9,0,0,0.936,975.53,2602.1,10.0,0,91.4,1248.97,1372.52,136286,Delayed,5
101048,AL04, MALAYSIA ,full-service,5.0,Economy,Window,7.06,Travel Agent,No,Online,50.0,4,2024-01-06,1,1,0,0.775,267.28,794.2,7.8,0,42.1,501.47,533.16,104828,Delayed,3
103532,AL14,Australia,full-service,3.0,Economy,Window,2.29,Mobile App,Yes,Card,32.0,7,2024-05-31,5,0,0,0.954,391.73,1233.1,,0,70.5,705.58,754.23,112261,Delayed,3
103090,AL15, MALAYSIA ,budget,3.0,Premium Economy,Middle,2.55,Mobile App,No, Card ,27.0,13,2024-03-30,3,1,0,0.708,260.74,855.8,6.36,0,38.6,625.81,717.43,53623,On-Time,4
101528,AL11,Singapore,budget,3.0,Economy,Window,5.73,Travel Agent, No ,Card,51.0,5,2024-06-26,6,0,0,0.747,160.38,421.2,7.57,0,50.0,466.92,578.03,140899,Cancelled,2
103797,AL12,Indonesia,premium,3.0,Economy,Middle,2.24,Website,No, Card ,,11,2024-05-09,5,0,0,0.654,246.94,948.6,6.14,1,84.1,516.49,613.11,83287,Delayed,3
100846,AL09,Singapore,budget,4.0,Business,Aisle,1.71,Website, No ,Online,37.0,96,2024-08-12,8,0,0,0.868,552.64,1501.2,5.97,1,38.0,797.09,939.37,205098,On-Time,2
100251,AL11,Indonesia,budget,3.0,business,Middle,6.63,Airport Counter,No,Card,45.0,27,2025-03-19,3,0,0,0.85,288.05,809.2,7.41,0,26.5,677.06,796.66,141189,On-Time,4
103128,AL03, THAILAND ,premium,3.0,Economy,Aisle,5.8,Website, No ,Card,41.0,35,2024-03-24,3,1,0,0.824,406.21,1063.1,7.55,1,57.5,464.43,589.45,47271,Delayed,3
103678,AL14,thailand,full-service,3.0,economy,Aisle,4.27,Travel Agent, Yes ,Online,43.0,15,2025-06-15,6,1,0,0.764,444.15,1261.8,7.34,0,74.8,690.6,769.0,70479,Delayed,5
100806,AL17,Malaysia,full-service,4.0,Economy,Aisle,4.57,Website, No ,Online,38.0,18,2024-03-05,3,0,0,0.814,321.9,975.5,7.46,0,19.1,656.02,733.85,43531,On-Time,3
101552,AL16, SINGAPORE ,budget,3.0,Economy,Aisle,2.28,Travel Agent,Yes,Card,18.0,4,2024-03-06,3,0,0,0.87,430.44,1465.7,8.54,0,43.8,776.03,817.43,153382,On-Time,5
104107,AL09,Malaysia,budget,3.0,Economy,Middle,0.75,Website, No ,Card,18.0,26,2024-07-24,7,0,0,0.883,460.87,1316.0,6.08,0,41.4,697.94,734.43,121862,On-Time,3
100715,AL03, VIETNAM ,premium,4.0,Economy,Aisle,4.54,Website,Yes, Online ,25.0,7,2024-04-17,4,0,0,0.869,318.45,879.6,7.45,0,52.2,579.76,709.32,163559,On-Time,3
102714,AL05,Philippines,budget,3.0,Economy,Window,3.57,Website,No,Card,24.0,14,2024-11-24,11,1,0,0.918,182.4,760.2,5.83,0,73.1,490.82,696.74,75034,On-Time,2
104139,AL07,Malaysia,full-service,2.0,Economy,Window,2.6,Airport Counter,No,Online,54.0,46,2024-05-16,5,0,0,0.706,455.02,1440.3,,0,6.7,649.01,768.56,96546,On-Time,3
103635,AL02,vietnam,budget,4.0,Economy,Window,5.66,Mobile App,No, Card ,38.0,69,2025-02-24,2,0,1,0.773,347.25,1168.2,6.9,0,48.8,636.36,684.17,157319,Delayed,2
103355,AL10,Malaysia,full-service,3.0,Economy,Aisle,1.21,Travel Agent,No, Card ,37.0,17,2024-01-26,1,0,0,0.952,393.9,1171.1,6.22,0,62.3,757.2,786.47,75545,On-Time,3
103316,AL02, PHILIPPINES ,budget,3.0,Premium Economy,Middle,4.79,Travel Agent,Yes,Online,18.0,151,2024-11-05,11,0,0,0.664,423.74,1909.3,7.91,0,47.7,893.4,941.07,223051,On-Time,3
101044,AL17,Malaysia,full-service,5.0,Business,Middle,1.3,Airport Counter,No, Online ,34.0,14,2024-02-27,2,0,0,0.797,610.57,2043.3,7.93,0,88.3,1212.93,1311.05,253564,On-Time,4
102020,AL14, PHILIPPINES ,full-service,2.0,Economy,Window,3.0,Mobile App,Yes, Card ,43.0,1,2025-02-11,2,0,0,0.874,754.83,2304.4,8.34,0,55.7,1002.68,1192.89,148124,Delayed,3
101759,AL04, Japan ,full-service,2.0,Economy,Aisle,2.35,Website,No, Card ,63.0,82,2024-12-05,12,0,0,0.862,506.54,1273.9,8.38,0,56.2,704.59,737.66,145782,Delayed,5
102144,AL13,Singapore,full-service,4.0,Premium Economy,Window,4.7,Website,Yes,Online,41.0,20,2024-05-04,5,1,0,0.734,319.04,691.7,8.04,0,50.8,628.52,697.41,163584,Delayed,2
104191,AL12,Philippines,premium,3.0,Premium Economy,Aisle,2.52,Airport Counter, No ,Card,40.0,5,2024-02-28,2,0,0,0.855,352.86,1124.8,8.97,0,22.3,727.37,832.56,129657,Cancelled,2
103576,AL11,Vietnam,budget,4.0,Economy,Window,4.16,mobile app,No,Card,61.0,1,2024-04-24,4,0,0,0.7,780.74,2534.1,,0,66.6,1121.48,1303.75,334438,Cancelled,3
103269,AL05, MALAYSIA ,budget,,economy,Aisle,2.69,Mobile App, No , Online ,55.0,1,2025-03-15,3,1,0,0.779,112.23,364.1,10.0,0,67.4,402.37,462.34,107170,Delayed,4
100330,AL09,Indonesia,budget,4.0,Business,Aisle,1.31,Travel Agent,No,Card,33.0,20,2024-04-30,4,0,0,0.669,213.83,425.7,8.12,1,68.6,441.51,692.02,62650,Delayed,3
103670,AL03,Vietnam,premium,3.0,Economy,Aisle,4.34,Website,Yes,Online,49.0,11,2024-04-07,4,1,1,0.636,402.55,1140.4,5.84,0,23.5,644.61,783.57,88842,On-Time,2
104036,AL16,Thailand,budget,2.0,economy,Window,2.03,Mobile App,No, Online ,32.0,41,2025-06-25,6,0,0,0.845,509.26,1506.0,7.93,1,54.8,689.27,776.24,53325,Delayed,3
101515,AL16, THAILAND ,budget,3.0,Premium Economy,Middle,7.18,Mobile App,No,Card,46.0,21,2025-02-14,2,0,0,0.99,495.69,1578.3,6.8,0,73.8,857.21,1005.84,219719,On-Time,4
100861,AL01, AUSTRALIA ,full-service,2.0,Economy,Middle,2.43,Website,Yes,Card,43.0,44,2025-01-12,1,1,0,0.894,371.15,720.5,6.75,1,67.7,455.11,573.69,139441,On-Time,4
101198,AL12,Philippines,premium,3.0,Business,Middle,3.91,Mobile App,Yes,Card,30.0,0,2024-02-27,2,0,0,0.773,406.89,1339.1,9.71,1,49.0,829.94,905.2,188295,On-Time,4
101111,AL14,Thailand,full-service,4.0,Business,Aisle,4.21,Website,Yes,Cash,31.0,2,2024-07-06,7,1,1,0.649,1261.65,4369.5,7.35,1,73.0,1582.66,1675.85,322815,Cancelled,2
100327,AL17, INDONESIA ,full-service,4.0,Economy,Window,3.6,Website,No,Online,37.0,82,2024-10-05,10,1,0,0.731,478.23,1526.1,10.0,0,63.1,840.08,932.41,88224,On-Time,4
101088,AL16, Malaysia ,budget,3.0,Business,Window,6.22,Website,Yes,Online,39.0,35,2024-12-20,12,0,0,0.765,653.94,2069.3,9.45,0,69.9,1106.37,1254.67,262211,On-Time,5
102919,AL18,Malaysia,budget,3.0,Premium Economy,Aisle,2.17,Website,No,Cash,37.0,6,2025-04-23,4,0,0,0.695,216.55,598.6,6.48,0,45.1,535.56,583.86,76187,Delayed,3
100003,AL12,Malaysia,premium,1.0,Economy,Aisle,2.37,Mobile App,No,Card,45.0,14,2024-10-16,10,0,1,0.826,375.25,1054.4,8.67,1,50.0,513.52,649.35,68682,Delayed,3
102311,AL14,Malaysia,full-service,3.0,Business,Window,2.85,Travel Agent,No,Card,29.0,40,2024-02-27,2,0,0,0.99,394.67,1062.2,7.4,0,50.6,881.67,1091.97,196505,On-Time,5
101490,AL06,Malaysia,premium,2.0,Business,Window,2.04,Website, Yes ,Card,32.0,13,2024-04-11,4,0,0,0.658,655.52,1862.2,8.53,0,55.3,1134.72,1228.89,171037,On-Time,3
103887,AL08,Thailand,full-service,4.0,Economy,Window,1.18,Mobile App,Yes,Online,41.0,10,2025-04-14,4,0,0,0.764,140.83,150.0,9.9,0,66.3,349.11,448.77,47352,On-Time,4
100549,AL17, MALAYSIA ,full-service,4.0,Economy,Window,8.82,Website,Yes,Card,30.0,10,2025-01-13,1,0,1,0.785,627.48,1955.4,6.82,0,78.1,979.2,1054.92,181081,Delayed,3
100556,AL05,Indonesia,budget,2.0,Economy,Aisle,2.17,Travel Agent,Yes, Online ,29.0,26,2025-05-12,5,0,0,,660.63,2299.9,8.13,0,52.7,972.78,1086.0,260560,Delayed,3
102202,AL09,Vietnam,budget,3.0,economy,Aisle,2.3,Website, No ,Card,,61,2024-06-09,6,1,0,0.833,382.72,1125.3,8.46,0,53.8,633.71,696.05,84346,On-Time,4
101485,AL13,Singapore,full-service,4.0,Economy,Aisle,1.59,Website,Yes,Online,34.0,9,2024-01-10,1,0,0,0.886,122.69,364.9,7.88,0,49.4,423.49,475.38,57962,On-Time,3
100264,AL07,malaysia,full-service,3.0,Premium Economy,Aisle,9.56,walk-in,Yes,Card,32.0,8,2025-05-21,5,0,1,0.791,581.85,1781.7,5.58,0,20.9,952.45,1035.71,274616,On-Time,3
101471,AL09,singapore,budget,2.0,Economy,Aisle,7.55,Website,No,Online,40.0,17,2024-10-07,10,0,0,0.725,473.58,1339.4,5.96,0,91.1,685.37,730.75,94806,On-Time,2
101234,AL07,Malaysia,full-service,4.0,Economy,Window,3.12,website, Yes ,Card,24.0,31,2024-03-18,3,0,0,0.881,515.4,1891.5,6.79,0,55.3,955.79,979.25,93579,On-Time,4
101154,AL08, Philippines ,full-service,4.0,Economy,Aisle,1.88,Mobile App,No,Online,42.0,21,2024-06-24,6,0,0,0.722,285.76,862.3,6.85,0,33.5,463.38,539.4,48285,On-Time,3
101401,AL12,Vietnam,premium,3.0,Economy,Aisle,3.91,Airport Counter,No,Online,29.0,46,2024-03-31,3,1,1,0.99,428.58,1621.4,5.64,1,46.9,753.97,795.93,67781,Delayed,3
102373,AL01, AUSTRALIA ,full-service,3.0,economy,Middle,0.75,Travel Agent,No, Card ,18.0,69,2024-04-19,4,0,0,0.771,390.85,1203.4,8.37,0,25.1,646.54,668.12,45058,On-Time,3
100918,AL15,Indonesia,budget,4.0,Economy,Window,6.63,Airport Counter,No,Cash,58.0,3,2024-04-23,4,0,0,0.564,341.72,912.1,6.42,0,15.0,537.9,581.91,63807,On-Time,3
104031,AL08, Philippines ,full-service,5.0,Business,Middle,5.83,Airport Counter, Yes ,Card,37.0,30,2025-03-18,3,0,1,0.772,545.93,1654.2,8.32,1,20.4,749.22,907.02,104296,On-Time,3
101064,AL09,Thailand,budget,4.0,Business,Window,4.09,Airport Counter,No,Online,45.0,8,2024-08-24,8,1,1,,307.52,751.8,7.58,0,64.1,724.77,803.57,70837,Delayed,3
103860,AL10,Malaysia,full-service,3.0,Economy,Aisle,5.84,website, No ,Online,40.0,51,2024-10-28,10,0,0,0.916,321.97,1061.5,9.88,0,42.5,574.8,718.1,72916,On-Time,4
101512,AL09,Malaysia,budget,5.0,First,Aisle,3.55,Airport Counter, No ,Online,39.0,13,2024-11-18,11,0,0,0.657,384.16,1034.0,6.19,0,25.7,867.62,986.91,91090,On-Time,4
101821,AL11,malaysia,budget,3.0,Economy,Aisle,5.09,Travel Agent,Yes,Online,,14,2025-03-24,3,0,0,0.99,669.86,2094.3,4.09,0,87.7,1017.0,1051.55,241626,Delayed,3
100467,AL16,Thailand,budget,4.0,Economy,Middle,4.77,Mobile App,Yes,Card,23.0,35,2024-12-24,12,0,0,0.809,599.53,1829.9,7.21,0,70.0,838.8,902.26,92591,Delayed,1
100344,AL01,Malaysia,full-service,4.0,Economy,Window,3.16,Website,No, Online ,26.0,50,2025-01-30,1,0,0,0.628,90.63,218.6,7.0,0,41.5,321.13,395.33,27681,On-Time,3
102668,AL02,Singapore,budget,3.0,Economy,Aisle,13.98,Website, Yes ,Online,21.0,1,2024-07-31,7,0,0,0.7,579.13,1680.3,6.26,1,83.3,740.62,776.26,167783,Delayed,1
103123,AL16,Singapore,budget,2.0,Business,Window,4.81,Mobile App,No,Online,41.0,11,2024-12-31,12,0,0,0.932,390.5,807.5,7.08,1,99.6,660.53,730.47,112487,Delayed,3
103226,AL14, Singapore ,full-service,4.0,Economy,Middle,3.97,Travel Agent,No,Online,23.0,7,2025-03-01,3,1,0,0.929,604.56,1554.1,7.87,1,98.2,865.83,1009.37,191730,Delayed,2
103025,AL06,Japan,premium,5.0,Economy,Aisle,2.43,Website, No ,Card,24.0,23,2024-09-19,9,0,1,0.95,245.49,673.6,7.06,1,56.2,410.21,584.08,62153,On-Time,4
101417,AL05,vietnam,budget,4.0,Economy,Middle,4.26,Mobile App,Yes,Card,25.0,15,2025-06-26,6,0,0,0.611,349.05,1194.9,9.84,1,59.6,593.72,684.32,90969,Delayed,3
103251,AL04, Singapore ,full-service,3.0,Premium Economy,Aisle,2.81,Mobile App,No,Online,19.0,58,2024-12-25,12,0,1,0.799,516.47,1600.3,10.0,1,32.0,744.34,781.82,60679,On-Time,4
102478,AL02, Thailand ,budget,3.0,Economy,Aisle,3.85,Mobile App, No ,Card,42.0,3,2024-04-01,4,0,0,0.834,299.67,612.1,8.38,1,53.5,447.33,586.98,96748,Delayed,3
101448,AL08,Australia,full-service,3.0,Premium Economy,Middle,5.68,Mobile App,Yes, Card ,36.0,2,2025-03-20,3,0,0,0.75,207.73,966.4,6.6,1,39.3,667.06,730.2,76444,On-Time,4
102901,AL13, Thailand ,full-service,4.0,Economy,Window,3.74,Travel Agent, No , Card ,18.0,1,2024-03-28,3,0,0,0.775,524.1,1779.7,6.48,0,39.9,869.05,904.41,138052,On-Time,4
102979,AL09,Philippines,budget,4.0,Business,Middle,4.87,website,No, Online ,60.0,41,2024-03-13,3,0,1,0.502,376.32,870.2,9.69,0,37.3,689.35,762.32,81172,Delayed,4
101888,AL07,thailand,full-service,3.0,Economy,Window,2.13,Website, No ,Card,41.0,82,2025-03-26,3,0,0,0.782,262.98,1190.8,6.93,0,54.0,618.78,677.98,140693,On-Time,2
103514,AL08, Thailand ,full-service,3.0,Premium Economy,Aisle,1.94,Website,Yes,Online,29.0,18,2024-05-04,5,1,0,0.818,268.61,653.3,9.32,0,29.2,632.21,702.43,85765,On-Time,4
103649,AL03,Indonesia,premium,3.0,Premium Economy,Aisle,3.16,Travel Agent,,Card,51.0,3,2024-08-23,8,0,0,0.592,293.33,848.8,7.28,1,52.1,516.42,612.8,108451,On-Time,3
102452,AL10,Singapore,full-service,3.0,Economy,Middle,3.36,Website,Yes, Online ,36.0,9,2025-03-06,3,0,0,0.61,212.24,655.3,7.06,0,59.2,483.25,648.18,131786,On-Time,3
102024,AL17, Malaysia ,full-service,4.0,Premium Economy,Window,6.64,Website,No,Online,24.0,65,2024-03-15,3,0,0,0.652,276.6,1018.6,8.17,1,57.8,571.89,684.54,64029,On-Time,3
104168,AL06,Thailand,premium,5.0,Economy,Window,1.91,airport counter, No , Card ,32.0,24,2024-11-22,11,0,1,0.791,765.13,2467.6,9.11,1,51.1,977.17,1088.66,100228,Delayed,4
100021,AL03,Australia,premium,3.0,Premium Economy,Window,7.11,Website,No, Cash ,22.0,41,2024-03-31,3,1,1,0.76,314.68,1179.7,9.09,1,50.1,691.18,844.24,157323,Delayed,3
103715,AL15,Philippines,budget,4.0,Economy,Middle,0.75,Airport Counter,No,Card,18.0,1,2025-03-30,3,1,0,0.91,611.78,2077.5,9.4,0,61.4,977.3,1062.94,86085,On-Time,4
101079,AL09,Malaysia,budget,2.0,Economy,Aisle,0.75,travel agent,Yes,Card,28.0,4,2025-02-06,2,0,0,0.823,166.61,513.4,7.25,0,5.0,374.83,545.94,52809,On-Time,3
102701,AL04,Indonesia,full-service,4.0,premium economy,Window,1.95,website,No, Card ,37.0,91,2025-01-09,1,0,0,0.724,835.74,3091.0,7.68,1,69.6,1155.85,1246.11,218579,Delayed,4
102629,AL10,indonesia,full-service,5.0,Premium Economy,Window,3.21,Website,No,Card,43.0,1,2024-09-07,9,1,1,0.85,270.36,810.6,6.75,0,26.0,676.0,738.3,156517,On-Time,4
102277,AL01,thailand,full-service,,Premium Economy,Aisle,4.24,Travel Agent,No,Online,27.0,66,2025-03-18,3,0,1,0.8,352.34,991.9,5.17,0,37.9,646.78,778.83,160398,Delayed,1
101047,AL11,Philippines,budget,4.0,Economy,Middle,2.11,Website,Yes, Card ,24.0,79,2024-05-01,5,0,0,0.901,394.73,1680.1,7.1,0,39.7,783.91,817.28,208455,Delayed,2
102801,AL17,Thailand,full-service,2.0,business,Middle,2.61,Website,No,Card,39.0,5,2024-12-02,12,0,0,0.663,242.11,666.7,8.28,1,37.7,615.34,776.95,57686,On-Time,4
102721,AL12,Malaysia,premium,3.0,Economy,Aisle,7.35,Travel Agent, No ,Online,,41,2024-11-18,11,0,0,0.99,166.56,485.1,8.57,0,61.1,501.19,643.4,84540,On-Time,4
101977,AL17,singapore,full-service,4.0,Economy,Aisle,2.82,Airport Counter,Yes,Online,26.0,24,2024-07-18,7,0,0,0.99,549.11,1752.5,5.47,0,61.4,894.48,1023.65,109078,Delayed,3
103492,AL04,Malaysia,full-service,4.0,Economy,Aisle,2.68,Website, Yes ,Online,23.0,5,2024-05-27,5,0,0,0.764,660.12,2024.5,5.19,1,78.6,794.94,869.05,155154,On-Time,4
100810,AL03, SINGAPORE ,premium,5.0,Business,Aisle,2.88,Mobile App,No,Online,47.0,1,2025-01-02,1,0,1,0.804,355.97,830.2,6.95,0,56.7,801.13,917.55,209943,On-Time,3
103743,AL09,malaysia,budget,3.0,Economy,Aisle,4.82,Website,No,Card,18.0,49,2024-07-18,7,0,0,0.699,903.16,2680.9,8.08,0,27.1,1056.97,1122.46,192827,On-Time,4
104104,AL14, INDONESIA ,full-service,2.0,economy,Window,1.6,Website,No,Card,36.0,6,2024-05-08,5,0,0,0.828,266.23,832.9,7.76,0,73.8,545.6,585.11,93706,Delayed,4
100799,AL14,Australia,full-service,4.0,Premium Economy,Aisle,1.45,Website,Yes, Card ,28.0,22,2025-04-18,4,0,0,0.796,811.14,2691.0,8.4,0,46.1,1248.04,1361.26,184281,On-Time,4
101368,AL04,Philippines,full-service,1.0,Economy,Window,0.85,Mobile App,No,Card,18.0,35,2024-06-19,6,0,0,0.612,536.91,1773.9,6.92,0,59.0,866.69,951.6,99573,On-Time,4
103016,AL14,Australia,full-service,2.0,Premium Economy,Window,4.35,Mobile App, Yes ,Card,29.0,22,2024-09-17,9,0,0,0.872,279.18,923.6,6.36,1,36.6,616.94,719.3,159979,Cancelled,1
101520,AL17,vietnam,full-service,4.0,Premium Economy,Window,1.32,Mobile App,,Card,31.0,29,2024-09-05,9,0,0,0.726,854.43,2738.1,7.99,1,96.4,1156.51,1226.08,185793,On-Time,4
104000,AL13, Australia ,full-service,4.0,First,Middle,6.2,website, No ,Card,,90,2025-03-25,3,0,0,0.787,360.3,1120.4,7.45,1,59.0,762.84,924.75,142550,On-Time,3
100936,AL09,Indonesia,budget,4.0,Economy,Aisle,6.49,travel agent, No ,Card,58.0,7,2024-01-17,1,0,0,0.704,148.77,517.4,8.73,0,58.8,449.11,602.59,114590,Delayed,5
101205,AL14,Vietnam,full-service,4.0,Economy,Window,3.07,mobile app,Yes,Card,26.0,29,2025-06-13,6,0,1,0.854,,535.2,5.76,1,57.2,347.05,388.6,50567,Delayed,3
101202,AL06,Malaysia,premium,4.0,Economy,Window,3.6,Travel Agent,No,Card,47.0,10,2024-12-30,12,0,0,0.665,283.29,820.0,7.18,1,26.3,569.77,600.92,139709,On-Time,3
102816,AL03,indonesia,premium,5.0,economy,Aisle,3.34,Travel Agent,No,Online,32.0,0,2025-01-08,1,0,0,0.857,400.23,1308.9,7.07,0,51.9,772.76,951.61,210627,On-Time,3
100130,AL06,Thailand,premium,3.0,Premium Economy,Window,3.79,website,No, Online ,45.0,31,2024-02-24,2,1,0,0.76,1086.42,3454.5,5.58,0,100.0,1555.99,1648.92,280827,On-Time,3
100521,AL16,Malaysia,budget,3.0,Business,Aisle,5.49,Website, No ,Card,29.0,17,2024-02-22,2,0,0,0.855,560.11,1899.8,6.08,0,68.1,1095.19,1172.06,287333,Cancelled,1
100955,AL10,Philippines,full-service,3.0,Economy,Aisle,2.31,Website,Yes,Online,25.0,63,2024-06-09,6,1,1,0.713,942.87,3181.0,7.33,0,65.1,1224.69,1274.23,259387,Cancelled,2
100913,AL06,Malaysia,premium,3.0,Economy,Window,2.81,Website,No, Online ,47.0,75,2024-08-29,8,0,0,0.805,551.76,1678.0,6.94,0,55.3,791.48,820.8,43966,On-Time,4
100859,AL12,Philippines,premium,3.0,First,Window,3.36,Mobile App,Yes,Card,18.0,27,2025-06-15,6,1,0,0.99,506.79,1572.2,6.42,0,58.8,1076.04,1215.34,116331,Delayed,4
102033,AL08,Indonesia,full-service,3.0,Business,Aisle,3.19,Travel Agent,Yes,Card,60.0,154,2025-04-16,4,0,0,0.795,177.49,288.5,6.1,0,72.3,576.1,728.7,164467,On-Time,3
101651,AL08,Indonesia,full-service,3.0,Economy,Window,0.77,Walk-in,No,Card,30.0,44,2025-04-15,4,0,0,0.734,242.53,859.2,7.33,0,33.0,502.68,617.91,129872,On-Time,3
101315,AL08, Singapore ,full-service,4.0,Economy,Window,8.97,Airport Counter,No,Card,21.0,38,2024-11-22,11,0,0,0.99,822.48,2801.5,7.63,0,52.0,1234.28,1272.86,186374,On-Time,3
102175,AL14, Indonesia ,full-service,3.0,Business,Aisle,1.09,Website,Yes,Card,34.0,1,2025-04-09,4,0,1,,925.82,2948.7,7.63,1,28.4,1243.33,1321.23,142481,On-Time,3
101809,AL12,Vietnam,premium,3.0,Premium Economy,Aisle,4.15,Website,Yes,Online,45.0,42,2024-06-09,6,1,0,0.854,1087.13,3517.0,9.21,0,48.3,1472.43,1583.34,185800,Delayed,3
102332,AL03, AUSTRALIA ,premium,2.0,Economy,Aisle,5.71,Website,Yes,Online,48.0,32,2024-06-24,6,0,0,0.865,714.78,2267.6,5.38,0,58.5,1031.97,1297.85,210290,On-Time,4
103218,AL05,Philippines,budget,4.0,Business,Middle,6.6,Travel Agent,No, Card ,35.0,8,2024-10-22,10,0,0,0.635,443.83,1368.2,5.91,0,90.5,947.94,1124.85,272861,On-Time,3
100623,AL06,australia,premium,3.0,Economy,Middle,3.02,Mobile App,No,Cash,40.0,19,2024-01-16,1,0,0,0.936,465.58,1493.7,7.35,0,50.4,780.55,933.15,104228,Delayed,2
100688,AL15,singapore,budget,5.0,Premium Economy,Window,0.75,mobile app, No ,Card,31.0,0,2024-01-04,1,0,0,0.99,182.44,505.7,8.25,1,54.8,523.15,647.31,149974,On-Time,3
103932,AL11,Thailand,budget,2.0,Premium Economy,Aisle,2.36,Website,No, Card ,34.0,19,2025-04-25,4,0,0,0.812,284.3,845.8,6.62,0,63.1,619.29,719.21,41603,On-Time,4
101366,AL06,philippines,premium,5.0,Economy,Window,9.98,Mobile App,Yes,Card,41.0,51,2024-01-22,1,0,0,0.871,647.28,1942.4,7.0,0,66.7,931.95,1027.83,236236,Delayed,2
102589,AL11,thailand,budget,5.0,Premium Economy,Aisle,2.4,Travel Agent,No,Online,,7,2024-09-29,9,1,0,0.99,615.28,1974.9,8.35,0,22.5,967.52,1060.52,68211,Delayed,4
100610,AL09,Thailand,budget,3.0,Economy,Aisle,4.87,Airport Counter,Yes,Card,43.0,29,2025-05-24,5,1,0,0.928,706.09,2546.4,5.8,0,59.2,1113.32,1217.2,290568,Delayed,1
102516,AL04,Philippines,full-service,3.0,Economy,Window,5.69,Website,No,Online,31.0,10,2025-04-29,4,0,1,0.775,857.62,2758.8,8.08,0,33.2,1148.28,1325.51,87571,On-Time,4
100462,AL17,Malaysia,full-service,2.0,Economy,Middle,2.04,Airport Counter,No,Card,33.0,45,2025-04-14,4,0,0,0.882,552.03,1925.9,8.52,0,38.5,918.1,1006.21,137774,On-Time,4
101573,AL03,indonesia,premium,4.0,Business,Window,1.31,Mobile App,No,Card,,62,2025-02-01,2,1,0,0.839,410.53,1319.5,6.58,1,25.9,684.66,928.56,78813,Delayed,3
100792,AL16,Philippines,budget,3.0,Business,Window,4.76,walk-in,No,Card,44.0,47,2025-05-01,5,0,0,0.657,497.61,1332.4,4.26,0,38.3,862.78,955.67,190871,On-Time,3
100308,AL17,Malaysia,full-service,5.0,Premium Economy,Aisle,2.19,Mobile App,No, Card ,31.0,32,2025-05-13,5,0,0,0.961,361.67,1183.9,8.44,0,42.5,732.05,800.63,103308,On-Time,3
102121,AL12,Philippines,premium,2.0,Economy,Middle,2.79,Website,No, Cash ,34.0,21,2024-07-30,7,0,0,0.817,821.29,3038.4,6.93,1,8.3,1179.05,1251.58,283627,On-Time,4
100579,AL12, MALAYSIA ,premium,2.0,Economy,Aisle,3.05,Website,No,Online,42.0,15,2024-12-06,12,0,0,0.737,497.25,1868.7,7.61,0,80.6,860.94,882.96,200326,On-Time,3
100105,AL04,Malaysia,full-service,2.0,Premium Economy,Window,3.66,Mobile App, Yes ,Online,18.0,13,2024-02-11,2,1,0,0.535,65.89,188.2,7.43,1,53.5,406.0,588.74,118090,Delayed,3
101705,AL14, MALAYSIA ,full-service,4.0,Economy,Middle,2.35,Walk-in,Yes,Online,28.0,34,2024-07-26,7,0,0,0.835,390.25,1293.6,8.33,0,13.2,627.85,660.85,98245,On-Time,2
103468,AL01, INDONESIA ,full-service,3.0,Economy,Aisle,4.92,Mobile App,No, Card ,,7,2024-02-18,2,1,0,0.789,262.8,944.5,6.09,0,32.7,548.81,588.11,94412,Delayed,3
101011,AL11, Japan ,budget,4.0,Economy,Window,3.02,Airport Counter,No,Online,52.0,23,2024-12-28,12,1,0,0.726,390.64,1313.6,7.67,0,32.0,640.23,732.42,134826,On-Time,4
101034,AL13,singapore,full-service,4.0,Business,Aisle,4.75,Airport Counter,,Online,39.0,26,2024-02-13,2,0,0,0.724,580.44,1465.9,9.68,1,40.5,738.81,808.33,155165,On-Time,3
104143,AL09,Malaysia,budget,3.0,premium economy,Window,1.61,Airport Counter,No,Online,32.0,51,2024-11-16,11,1,1,0.741,535.58,1930.8,,0,47.2,945.53,1178.71,223413,Delayed,3
101336,AL09,Japan,budget,3.0,Economy,Window,2.12,Mobile App, Yes ,Online,1.0,80,2024-08-06,8,0,0,0.914,350.47,1138.7,8.66,0,79.2,611.47,672.47,158254,Cancelled,2
102037,AL07, MALAYSIA ,full-service,4.0,Premium Economy,Aisle,2.51,Website,Yes, Cash ,42.0,30,2024-05-05,5,1,0,0.714,521.72,1854.7,8.8,1,65.3,785.44,843.72,154784,On-Time,3
103470,AL16, THAILAND ,budget,3.0,Economy,Window,3.8,Mobile App,Yes,Card,,72,2024-03-16,3,1,0,0.803,510.04,1807.6,7.91,0,32.5,827.08,851.64,128051,Delayed,3
102236,AL06, Australia ,premium,4.0,Premium Economy,Window,8.13,website,Yes,Online,27.0,11,2024-06-02,6,1,0,0.653,211.29,565.3,,0,60.5,571.27,838.98,98171,Delayed,3
102762,AL13,Malaysia,full-service,3.0,Economy,Middle,9.52,Website,Yes,Cash,19.0,15,2024-03-04,3,0,0,0.668,429.28,1027.1,7.51,0,70.3,648.49,748.7,87002,On-Time,3
102095,AL18,Malaysia,budget,2.0,Economy,Window,2.75,Walk-in,No,Online,,18,2024-02-12,2,0,0,0.85,422.48,1349.0,8.66,1,56.1,673.87,798.58,67215,Delayed,3
103173,AL05,Thailand,budget,4.0,Business,Middle,3.98,Travel Agent,No,Card,32.0,3,2024-07-10,7,0,0,,389.62,1139.3,8.34,1,51.1,619.62,762.7,75386,Delayed,4
102877,AL05,Singapore,budget,3.0,Economy,Aisle,6.72,Walk-in, Yes ,Online,,38,2025-04-13,4,1,0,0.561,672.45,2040.8,7.77,0,28.5,872.76,1070.61,190700,Delayed,3
100763,AL08,Malaysia,full-service,3.0,Business,Window,8.76,Mobile App, No ,Card,32.0,7,2024-03-02,3,1,0,0.561,528.88,1256.1,7.06,0,54.8,835.92,994.26,171398,Delayed,4
103444,AL15, MALAYSIA ,budget,3.0,Premium Economy,Window,2.32,Travel Agent, Yes , Card ,39.0,9,2024-02-01,2,0,0,0.722,309.99,790.6,8.46,0,27.2,585.9,802.14,48945,On-Time,4
102883,AL07,Philippines,full-service,3.0,First,Aisle,3.11,Mobile App,Yes,Card,27.0,2,2024-02-12,2,0,0,0.65,814.52,2834.3,10.0,0,91.4,1489.35,1663.67,116888,On-Time,5
100976,AL05,Thailand,budget,4.0,Premium Economy,Window,3.68,travel agent,Yes,Card,59.0,61,2024-08-11,8,1,0,0.498,480.85,1859.7,6.8,0,47.7,925.66,975.36,205246,Delayed,3
101707,AL01,indonesia,full-service,2.0,Economy,Window,2.85,Website,No,Card,32.0,79,2024-01-02,1,0,0,0.96,294.06,1068.2,6.49,0,44.3,608.6,793.7,149990,On-Time,4
102753,AL16,Singapore,budget,3.0,Economy,Middle,5.9,Travel Agent,Yes, Card ,28.0,9,2025-01-29,1,0,0,0.99,464.72,1266.3,7.42,0,68.4,779.21,896.06,200360,On-Time,4
101818,AL02,Singapore,budget,3.0,Economy,Window,0.75,Mobile App,No,Card,35.0,20,2024-02-07,2,0,0,0.804,901.22,2717.9,6.73,0,35.8,1119.73,1162.9,210346,On-Time,3
101173,AL18,Philippines,budget,2.0,First,Middle,1.35,Website,,Online,47.0,6,2024-07-03,7,0,0,0.589,388.97,1108.0,6.99,0,34.8,865.23,982.25,162162,On-Time,4
101340,AL18,Malaysia,budget,3.0,Economy,Aisle,2.48,airport counter,Yes,Card,32.0,4,2024-10-27,10,1,0,0.871,320.63,1035.2,7.58,0,50.9,581.66,699.22,89130,On-Time,4
102769,AL18,Philippines,budget,3.0,Premium Economy,Window,2.99,Walk-in,No,Card,25.0,96,2025-05-11,5,1,0,0.795,597.63,1620.4,8.7,0,80.8,862.53,1058.32,197726,Cancelled,2
103142,AL04,Philippines,full-service,3.0,Business,Middle,5.59,Mobile App,Yes,Online,18.0,80,2024-12-23,12,0,0,0.658,791.96,2678.3,7.28,0,44.7,1309.44,1477.45,176529,Delayed,4
102587,AL17,Singapore,full-service,1.0,Economy,Aisle,4.09,Website,No,Online,35.0,8,2024-02-14,2,0,0,0.865,248.69,471.6,9.29,0,55.3,417.1,527.93,60044,Delayed,3
101509,AL11, Philippines ,budget,3.0,Economy,Aisle,2.53,Website,Yes,Card,59.0,32,2025-05-02,5,0,1,0.729,287.25,1114.8,5.97,1,17.7,557.67,605.4,62218,Delayed,1
101929,AL14,Singapore,full-service,3.0,Economy,Middle,5.46,Travel Agent,No,Online,54.0,32,2024-04-14,4,1,0,0.717,253.43,1110.9,6.14,1,30.1,520.47,649.69,116275,Delayed,2
103751,AL01,Malaysia,full-service,5.0,Economy,Middle,3.09,Website,No,Card,49.0,13,2024-08-15,8,0,0,0.99,537.87,1550.4,7.17,0,42.7,756.06,841.36,104059,On-Time,4
100353,AL03,Australia,premium,2.0,Economy,Aisle,2.21,website,Yes,Online,29.0,1,2024-06-15,6,1,0,0.531,607.38,1802.6,6.11,0,26.6,889.76,935.17,61173,On-Time,3
100731,AL09,Singapore,budget,3.0,Economy,Middle,3.36,Website,No, Card ,63.0,9,2025-04-06,4,1,0,0.909,284.45,925.5,7.81,1,49.7,519.49,569.7,78086,On-Time,3
101445,AL01,Malaysia,full-service,2.0,economy,Middle,3.21,Website, No ,Card,33.0,5,2024-03-20,3,0,0,0.773,601.47,1845.9,7.83,1,34.4,636.94,773.38,157860,On-Time,2
100702,AL14,singapore,full-service,3.0,First,Middle,5.5,website, No ,Card,27.0,47,2025-04-19,4,1,1,0.828,336.41,875.5,6.54,0,64.9,6341.193532226172,930.26,85243,Cancelled,2
103874,AL05, JAPAN ,budget,3.0,Economy,Aisle,3.87,Travel Agent,No,Online,36.0,3,2025-05-21,5,0,0,0.681,442.57,1549.9,5.24,0,53.6,716.18,915.26,162701,Delayed,2
100160,AL07, AUSTRALIA ,full-service,3.0,Economy,Window,2.04,Walk-in,No,Card,19.0,5,2024-10-10,10,0,0,0.915,461.8,1304.2,6.59,1,22.7,653.14,679.27,120389,On-Time,2
103613,AL14,australia,full-service,4.0,Premium Economy,Window,2.21,Airport Counter, No ,Online,23.0,25,2024-10-21,10,0,0,0.594,360.8,1209.1,6.52,0,34.0,697.89,909.72,225096,On-Time,4
101385,AL18,Philippines,budget,2.0,Premium Economy,Aisle,6.26,Airport Counter, No ,Online,45.0,6,2024-05-13,5,0,0,0.705,776.47,2432.4,6.49,1,82.5,1092.1,1265.16,120261,Delayed,3
100501,AL03,australia,premium,3.0,First,Aisle,5.67,Travel Agent,Yes,Online,38.0,19,2024-10-04,10,0,0,0.805,847.14,2490.9,6.93,1,59.1,1171.52,1304.39,117493,On-Time,4
103451,AL18, Australia ,budget,5.0,Economy,Aisle,4.01,Airport Counter, No ,Card,35.0,23,2024-10-03,10,0,0,0.842,576.83,1907.7,9.11,0,74.7,901.19,1052.49,131901,On-Time,5
103811,AL07,Malaysia,full-service,4.0,economy,Window,4.49,Mobile App,Yes,Card,42.0,15,2024-09-11,9,0,0,0.59,499.49,997.6,6.64,0,27.5,586.36,630.09,63106,On-Time,3
103606,AL17,Vietnam,full-service,4.0,Economy,Window,3.69,Mobile App,Yes,Card,46.0,15,2025-03-14,3,0,0,0.769,244.19,538.5,8.1,0,67.8,471.37,523.15,107878,Cancelled,2
102405,AL01, Australia ,full-service,5.0,Premium Economy,Aisle,4.75,Website,No,Card,31.0,10,2025-01-31,1,0,0,0.465,150.64,538.1,5.25,0,33.6,513.15,612.33,107089,On-Time,3
102233,AL18,Malaysia,budget,3.0,Premium Economy,Window,3.31,Website,Yes,Card,,25,2025-02-19,2,0,0,0.839,640.44,1983.9,5.34,0,97.8,1107.28,1188.39,203893,Delayed,4
102502,AL10, MALAYSIA ,full-service,3.0,Economy,Window,0.75,Website,No,Cash,54.0,32,2025-04-08,4,0,0,0.622,235.69,699.0,6.15,1,35.7,447.13,565.84,66335,On-Time,3
101007,AL07,Malaysia,full-service,3.0,Economy,Aisle,1.87,Website,No,Card,50.0,1,2025-01-08,1,0,0,0.825,428.98,1303.6,6.02,1,35.1,564.06,673.28,115089,Delayed,3
102171,AL16, INDONESIA ,budget,3.0,Premium Economy,Middle,3.6,Travel Agent,Yes,Card,37.0,2,2024-12-25,12,0,0,0.759,253.95,605.6,5.86,0,69.8,606.91,845.14,199312,Delayed,3
101890,AL07,Malaysia,full-service,3.0,Premium Economy,Aisle,3.63,mobile app,,Card,36.0,41,2025-03-28,3,0,0,0.778,409.06,803.4,6.56,0,33.9,606.3,704.06,63420,Delayed,3
101287,AL16, VIETNAM ,budget,3.0,First,Middle,7.14,Mobile App,Yes,Card,36.0,36,2024-09-02,9,0,0,0.882,918.78,3038.0,4.05,0,20.3,1487.07,1635.02,195904,Delayed,2
100368,AL09,Vietnam,budget,4.0,Business,Window,1.01,Mobile App, No ,Online,25.0,15,2024-10-11,10,0,0,0.68,209.56,621.2,6.75,0,62.6,662.44,761.89,80864,Delayed,3
102419,AL09,Australia,budget,3.0,economy,Middle,4.48,Walk-in,Yes,Online,32.0,17,2025-01-02,1,0,0,0.814,636.04,2107.2,6.26,0,37.7,992.83,1108.26,82819,Delayed,4
101318,AL04,Singapore,full-service,3.0,Economy,Window,4.55,airport counter,, Card ,46.0,34,2024-04-11,4,0,0,0.684,982.57,2979.9,,0,32.1,1188.5,1223.3,211575,On-Time,2
100493,AL17,Vietnam,full-service,4.0,Economy,Window,7.84,Mobile App,No,Online,24.0,9,2025-02-05,2,0,1,0.646,344.64,1388.1,6.52,0,100.0,750.02,800.72,198220,Delayed,3
101963,AL06, Singapore ,premium,3.0,Economy,Aisle,3.42,Mobile App,No, Card ,69.0,9,2024-07-23,7,0,0,0.812,583.23,1992.6,6.79,0,50.8,885.18,916.47,86869,On-Time,4
103818,AL09,singapore,budget,3.0,Premium Economy,Aisle,3.53,Mobile App, No ,Cash,27.0,12,2025-04-13,4,1,1,0.733,282.33,716.7,9.23,1,53.2,560.56,624.14,89108,Delayed,3
100333,AL14,Philippines,full-service,4.0,First,Window,7.93,Website,No,Online,59.0,12,2024-11-17,11,1,0,0.708,229.05,473.7,9.4,0,40.0,709.72,810.55,101130,On-Time,4
101475,AL05,Malaysia,budget,3.0,Economy,Aisle,5.85,Website,No,Online,47.0,43,2024-12-24,12,0,0,0.629,136.49,226.4,8.38,0,37.7,223.0,383.48,101386,On-Time,3
103496,AL02,Indonesia,budget,4.0,First,Window,5.83,Walk-in,Yes, Online ,37.0,12,2024-06-03,6,0,0,0.99,117.19,812.4,7.68,0,15.1,858.31,974.42,96081,On-Time,3
101138,AL01,Malaysia,full-service,3.0,Premium Economy,Window,4.34,airport counter, No ,Online,,6,2025-03-14,3,0,0,0.766,361.36,1203.5,,0,74.9,756.98,910.5,160858,Delayed,2
101221,AL10,Indonesia,full-service,3.0,Economy,Aisle,5.2,Website,Yes, Card ,30.0,1,2024-07-13,7,1,0,0.671,242.16,642.7,6.01,1,55.3,477.77,562.04,79364,On-Time,4
102845,AL05,Singapore,budget,4.0,Economy,Aisle,2.01,Airport Counter,No, Card ,27.0,2,2025-05-30,5,0,0,0.687,326.69,828.4,5.43,0,38.3,568.53,626.34,145877,On-Time,4
100380,AL18,vietnam,budget,5.0,Premium Economy,Aisle,11.58,Website,No,Card,51.0,64,2025-03-20,3,0,0,0.593,703.92,2308.6,7.16,1,98.5,1033.81,1205.34,187637,Cancelled,2
103110,AL12,Malaysia,premium,4.0,Premium Economy,Window,3.66,Website,No,Card,48.0,2,2024-11-18,11,0,0,0.738,595.66,2117.8,7.79,0,53.8,1078.24,1245.58,243149,On-Time,5
103295,AL16,Malaysia,budget,4.0,Economy,Window,1.85,mobile app,No,Card,30.0,54,2025-01-08,1,0,0,0.887,303.6,753.3,7.5,0,19.8,531.59,591.82,107733,Delayed,4
100067,AL01,Malaysia,full-service,5.0,Business,Aisle,2.38,Mobile App,Yes,Online,60.0,1,2024-09-19,9,0,0,0.801,187.44,415.9,7.94,1,88.9,649.32,838.77,168078,Delayed,4
102455,AL05,Singapore,budget,3.0,Premium Economy,Aisle,8.82,Website, No ,Card,30.0,2,2024-10-25,10,0,0,0.831,649.69,2035.8,8.92,0,47.2,993.06,1073.68,267732,Cancelled,3
102773,AL04,Singapore,full-service,3.0,Economy,Aisle,1.16,Website,,Card,49.0,21,2024-03-28,3,0,0,0.779,350.78,1152.8,7.26,1,38.6,521.21,564.6,80743,On-Time,2
101882,AL09,Philippines,budget,3.0,Economy,Window,3.65,Website, Yes ,Card,22.0,40,2024-01-27,1,1,1,0.771,314.84,1061.1,8.4,0,37.7,573.08,618.83,62123,Delayed,3
100477,AL15,Australia,budget,,Economy,Window,6.84,Mobile App,Yes, Online ,45.0,7,2025-04-11,4,0,1,0.682,737.41,2511.6,7.53,1,81.0,1007.88,1203.36,140034,Cancelled,3
103726,AL11,Thailand,budget,4.0,Economy,Window,7.93,Mobile App,No, Card ,47.0,1,2024-02-28,2,0,0,0.662,180.68,365.0,6.51,0,45.0,335.16,439.07,70574,On-Time,3
101217,AL15,Singapore,budget,4.0,First,Middle,2.63,Website,No,Online,35.0,92,2025-05-18,5,1,1,0.594,294.79,795.8,7.89,1,66.3,687.64,767.6,162989,Delayed,4
102382,AL06,Malaysia,premium,3.0,Economy,Window,4.59,Walk-in,No,Online,46.0,2,2025-03-08,3,1,0,0.808,206.58,958.9,8.67,0,20.8,581.44,673.18,145224,Cancelled,3
101172,AL06,singapore,premium,3.0,Business,Window,10.31,Mobile App,No,Online,,10,2024-05-19,5,1,0,0.776,477.59,1646.4,6.29,1,80.3,968.67,1082.34,116587,Cancelled,3
102359,AL12, SINGAPORE ,premium,4.0,Premium Economy,Aisle,1.49,Website, No ,Online,52.0,11,2024-01-29,1,0,0,0.917,349.86,1099.8,,0,27.4,828.7,911.37,92772,On-Time,4
100425,AL03,Singapore,premium,3.0,Economy,Window,6.59,Airport Counter,Yes,Card,34.0,6,2024-02-06,2,0,0,0.858,154.88,643.0,8.4,0,82.6,506.1,631.03,78943,Delayed,3
102255,AL06,Malaysia,premium,5.0,economy,Window,3.64,travel agent,No,Online,39.0,24,2024-03-25,3,0,0,0.813,691.29,1929.3,7.6,0,52.7,918.53,1082.57,246042,On-Time,3
101333,AL12,Indonesia,premium,4.0,economy,Window,5.87,Travel Agent,Yes,Card,47.0,59,2025-05-07,5,0,0,0.814,408.19,1275.1,7.54,0,58.3,658.14,745.1,75995,On-Time,4
100199,AL13,Vietnam,full-service,3.0,Premium Economy,Aisle,7.85,Website,No,Card,37.0,11,2024-06-17,6,0,0,0.813,463.46,1278.5,7.58,1,33.5,689.43,749.92,149427,On-Time,5
102357,AL04,Philippines,full-service,3.0,Premium Economy,Window,1.86,Airport Counter,Yes, Card ,50.0,15,2024-05-28,5,0,0,0.73,401.08,1089.4,,1,42.4,465.99,563.3,58177,On-Time,5
102444,AL12,Singapore,premium,3.0,Economy,Middle,3.73,Mobile App,,Online,46.0,5,2025-03-18,3,0,0,0.99,838.6,2458.0,7.47,1,54.7,928.13,959.49,235361,Delayed,3
101938,AL11, SINGAPORE ,budget,4.0,Premium Economy,Middle,2.47,Airport Counter,No, Online ,44.0,4,2025-02-16,2,1,0,0.898,222.02,1136.9,8.9,0,49.1,716.6,869.0,184400,On-Time,4
100143,AL10,Japan,full-service,1.0,Premium Economy,Aisle,1.82,Airport Counter,No,Card,,16,2025-04-20,4,1,0,0.647,40.0,206.1,5.78,0,72.3,468.17,624.82,65646,On-Time,3
100108,AL18,Philippines,budget,5.0,Economy,Aisle,6.08,Airport Counter, No ,Online,18.0,23,2024-05-09,5,0,0,0.578,738.64,2910.0,6.71,1,37.0,1104.28,1222.63,73457,On-Time,3
100249,AL17, Thailand ,full-service,4.0,Economy,Aisle,2.3,Website, Yes ,Card,31.0,14,2024-11-16,11,1,0,0.651,396.27,1415.1,5.36,1,49.3,645.06,704.57,60343,On-Time,2
102923,AL09, MALAYSIA ,budget,4.0,Economy,Middle,1.88,Walk-in,Yes,Cash,29.0,9,2024-06-26,6,0,0,0.732,619.24,2043.4,7.93,0,74.1,936.48,1000.66,252211,Delayed,3
101454,AL05,Singapore,budget,5.0,Economy,Aisle,8.05,Walk-in,No,Card,20.0,32,2025-02-19,2,0,0,0.95,451.42,1267.8,6.66,1,24.0,557.41,630.4,83922,On-Time,4
102962,AL08, Malaysia ,full-service,2.0,Business,Aisle,8.41,Website,Yes,Card,37.0,63,2024-01-27,1,1,0,0.601,372.28,1659.9,8.41,1,31.5,754.95,810.51,200923,On-Time,4
100417,AL01,Indonesia,full-service,4.0,First,Window,5.89,Walk-in,Yes, Online ,18.0,73,2024-07-31,7,0,0,0.779,396.59,1052.4,7.35,1,55.5,791.79,888.7,106175,Delayed,4
100911,AL03,Singapore,premium,4.0,First,Aisle,2.16,Mobile App,Yes,Card,46.0,19,2025-02-09,2,1,0,0.687,627.47,1887.0,6.54,1,10.5,1028.19,1152.55,288591,On-Time,4
103305,AL06,Malaysia,premium,4.0,Premium Economy,Middle,4.29,Website,No,Card,44.0,51,2025-02-18,2,0,0,0.911,629.93,1582.9,10.0,0,80.4,953.7,1005.0,163621,On-Time,4
102742,AL07, Thailand ,full-service,3.0,business,Aisle,4.41,Website,Yes,Online,23.0,34,2025-01-22,1,0,0,0.591,258.67,768.6,7.91,0,48.0,652.46,930.91,163276,Delayed,3
102596,AL17, Indonesia ,full-service,5.0,Economy,Aisle,4.04,Mobile App,No,Online,,15,2024-03-17,3,1,1,0.753,177.57,640.4,7.77,0,56.8,430.91,477.37,109086,Delayed,3
102309,AL05,Malaysia,budget,4.0,Business,Window,5.33,Mobile App,Yes,Card,42.0,17,2025-05-29,5,0,0,0.644,269.85,939.2,7.58,0,57.3,769.51,834.57,136867,On-Time,3
102112,AL16,Japan,budget,4.0,Economy,Middle,2.21,Travel Agent,,Card,46.0,119,2025-05-18,5,1,0,0.659,237.42,546.6,5.34,0,35.3,407.02,459.56,45411,Delayed,2
104156,AL14, MALAYSIA ,full-service,3.0,Economy,Aisle,0.75,Mobile App,No, Card ,18.0,54,2024-06-01,6,1,0,0.849,688.17,2538.3,5.03,1,38.9,907.27,1028.33,83957,On-Time,1
102570,AL10,Australia,full-service,3.0,Premium Economy,Aisle,2.12,Website, Yes ,Card,,26,2025-03-06,3,0,0,0.99,561.38,1689.2,8.07,0,71.5,960.89,1067.4,102246,Delayed,4
101288,AL16, THAILAND ,budget,2.0,Premium Economy,Window,0.92,Travel Agent,Yes, Online ,18.0,25,2024-05-18,5,1,0,0.852,280.28,1075.2,6.11,0,5.0,662.94,760.44,111320,On-Time,4
103693,AL12,Malaysia,premium,3.0,Economy,Aisle,2.01,airport counter,No,Cash,42.0,22,2024-07-05,7,0,0,0.734,782.75,2725.8,7.5,0,48.4,1166.04,1346.89,212825,On-Time,3
100912,AL18,Vietnam,budget,3.0,Economy,Window,2.98,Website,Yes,Card,31.0,11,2024-03-04,3,0,0,0.636,417.21,1264.2,7.65,0,12.2,668.83,787.55,70898,On-Time,4
102582,AL12,Japan,premium,3.0,Economy,Aisle,4.57,Mobile App,No,Card,20.0,20,2024-06-10,6,0,0,0.804,201.1,507.2,8.35,1,78.4,425.44,583.76,93641,Delayed,2
103108,AL14,malaysia,full-service,3.0,Economy,Aisle,4.89,Travel Agent,No, Online ,37.0,6,2025-02-15,2,1,0,0.68,378.8,779.9,6.49,0,64.4,589.35,639.91,166288,On-Time,4
100765,AL06,Singapore,premium,2.0,Economy,Aisle,2.51,airport counter, No , Online ,47.0,9,2024-03-05,3,0,0,0.805,109.02,238.1,7.86,0,38.6,370.52,397.05,101042,On-Time,3
103597,AL14, Malaysia ,full-service,3.0,Economy,Aisle,2.0,Mobile App,No, Card ,44.0,19,2024-04-17,4,0,0,0.758,132.26,240.0,8.99,0,45.9,361.98,569.7,56548,On-Time,3
100146,AL09,indonesia,budget,3.0,Economy,Middle,7.28,airport counter, No ,Online,46.0,28,2024-08-10,8,1,0,0.663,547.81,1727.6,6.54,0,16.8,773.16,818.23,202954,On-Time,2
101133,AL17,Indonesia,full-service,,Economy,Middle,1.71,Website,No,Online,29.0,18,2024-02-02,2,0,0,0.729,493.42,1723.5,9.45,1,63.6,690.59,919.23,146107,On-Time,4
100394,AL02, Malaysia ,budget,4.0,economy,Window,3.52,Website,No, Card ,55.0,15,2024-05-16,5,0,0,0.943,389.69,1380.9,,0,76.2,736.78,775.77,70921,Delayed,2
102706,AL10,Thailand,full-service,3.0,Premium Economy,Aisle,4.28,Website,Yes,Card,46.0,1,2025-04-05,4,1,0,0.857,933.99,2886.4,6.84,0,87.2,1315.74,1364.44,290932,On-Time,4
100045,AL08, Thailand ,full-service,3.0,Economy,Aisle,3.62,Website,No,Cash,32.0,89,2024-07-25,7,0,0,0.805,752.73,2342.2,6.98,1,13.0,845.7,919.93,136335,On-Time,5
102466,AL14,Philippines,full-service,5.0,Premium Economy,Window,0.75,Travel Agent,Yes,Card,47.0,61,2024-05-17,5,0,0,0.773,144.39,499.8,9.36,0,70.8,560.69,641.72,100961,On-Time,3
100321,AL17, VIETNAM ,full-service,4.0,Economy,Window,3.15,Mobile App, No ,Online,37.0,3,2024-12-26,12,0,0,0.601,355.98,767.2,5.64,0,56.1,474.3,512.23,111248,On-Time,3
102159,AL15,australia,budget,4.0,economy,Window,2.34,Mobile App, No ,Card,43.0,35,2025-04-21,4,0,0,0.946,316.02,700.3,7.9,0,34.9,493.37,631.87,124252,Delayed,4
101957,AL12,Thailand,premium,4.0,Economy,Window,1.81,mobile app,No,Card,41.0,29,2025-01-22,1,0,0,0.8,676.35,2258.0,5.13,0,50.7,1001.57,1062.71,115484,On-Time,3
102601,AL14, MALAYSIA ,full-service,3.0,Premium Economy,Aisle,6.69,Website, Yes ,Card,37.0,75,2025-05-22,5,0,0,0.858,479.89,1776.6,8.01,0,54.8,963.18,1036.44,163718,On-Time,3
102427,AL11,Singapore,budget,3.0,Economy,Aisle,3.05,Website,No,Card,18.0,4,2024-01-21,1,1,0,0.806,111.19,155.3,6.74,0,58.0,329.0,427.9,71065,Delayed,3
102930,AL05, MALAYSIA ,budget,4.0,Premium Economy,Middle,5.28,Mobile App,No, Card ,33.0,21,2024-07-30,7,0,0,0.833,985.24,3516.8,3.84,0,52.7,1558.37,1619.83,346213,On-Time,3
104058,AL18, Philippines ,budget,4.0,Economy,Window,9.36,mobile app,No,Card,42.0,4,2024-09-02,9,0,0,0.626,333.93,948.1,8.97,0,59.0,606.38,671.77,172681,Delayed,3
102969,AL07,thailand,full-service,3.0,Economy,Middle,7.17,Website,No, Online ,22.0,38,2024-07-21,7,1,0,0.602,552.13,1961.2,8.09,1,50.9,866.35,987.65,117733,Delayed,1
102071,AL03,Thailand,premium,4.0,Economy,Middle,2.18,Airport Counter, Yes ,Card,,21,2025-05-24,5,1,0,0.628,678.67,1789.9,7.59,0,51.6,829.78,986.95,217530,Delayed,2
103828,AL12, MALAYSIA ,premium,4.0,Economy,Aisle,2.18,Website,No,Card,26.0,30,2024-04-14,4,1,1,0.716,,586.8,8.43,0,39.4,498.22,526.03,129381,On-Time,3
102364,AL01,vietnam,full-service,3.0,Premium Economy,Aisle,10.76,Mobile App,No,Online,24.0,21,2024-12-26,12,0,0,0.866,377.09,1399.9,8.8,0,100.0,912.53,1001.63,249730,Delayed,3
100930,AL11,australia,budget,4.0,Premium Economy,Aisle,1.71,Airport Counter,No,Online,36.0,20,2025-02-08,2,1,0,0.9,,2017.0,7.36,0,87.9,1048.63,1189.05,222140,Delayed,2
102268,AL17, Singapore ,full-service,1.0,Economy,Window,6.97,Mobile App,Yes, Online ,35.0,4,2024-11-11,11,0,0,0.821,323.11,966.3,8.14,0,59.4,623.44,723.07,113087,On-Time,4
102971,AL08,singapore,full-service,4.0,economy,Aisle,5.56,Mobile App,No,Cash,27.0,3,2025-01-15,1,0,0,0.606,,588.9,7.66,1,86.1,457.04,518.82,110478,Delayed,3
101945,AL12,indonesia,premium,3.0,Business,Aisle,4.37,Mobile App,No,Card,19.0,10,2024-08-22,8,0,0,0.812,422.05,1139.6,7.5,0,54.1,922.01,1057.49,80857,On-Time,4
103845,AL05,Singapore,budget,2.0,Economy,Window,2.97,Website,No, Card ,33.0,41,2024-07-26,7,0,0,0.764,359.97,1045.0,6.13,0,44.6,557.19,793.19,142992,Cancelled,2
101231,AL07,thailand,full-service,5.0,Economy,Aisle,3.01,Walk-in,No,Card,37.0,36,2025-01-13,1,0,0,0.803,369.32,1144.8,5.92,1,82.7,594.5,674.41,146702,On-Time,2
100606,AL16,Malaysia,budget,5.0,Economy,Middle,3.48,Travel Agent,No, Card ,20.0,3,2025-02-24,2,0,0,0.754,512.28,1461.6,8.39,0,62.1,737.89,836.65,71831,On-Time,4
100074,AL05,Philippines,budget,4.0,Economy,Aisle,3.55,website,Yes,Card,32.0,3,2024-03-07,3,0,0,0.852,462.92,1494.3,6.55,0,58.8,725.76,903.52,55311,On-Time,4
101764,AL02,philippines,budget,4.0,Economy,Window,4.67,Mobile App, No ,Card,25.0,12,2024-05-12,5,1,0,0.783,1379.85,4454.5,7.61,0,94.1,1772.36,1957.59,363626,Delayed,3
101322,AL02, SINGAPORE ,budget,2.0,Economy,Aisle,1.87,website,No,Online,-5.0,29,2025-02-25,2,0,0,0.884,300.31,1045.3,7.31,0,40.6,652.59,740.53,184572,Delayed,1
101576,AL13, Vietnam ,full-service,3.0,Economy,Middle,3.75,travel agent,No,Card,33.0,4,2024-10-10,10,0,0,0.615,332.28,815.2,7.74,0,70.0,565.44,635.71,64001,On-Time,3
102813,AL07,Indonesia,full-service,2.0,Premium Economy,Window,4.86,Mobile App,,Online,54.0,73,2025-02-28,2,0,1,0.833,387.79,1160.2,7.19,0,71.8,751.63,951.76,186738,Delayed,3
100113,AL02,Philippines,budget,4.0,Economy,Aisle,4.23,Website,No,Card,45.0,13,2025-01-09,1,0,0,0.771,401.14,1152.4,7.98,0,88.3,711.39,839.33,211184,Delayed,2
100986,AL16,Philippines,budget,4.0,Economy,Window,4.8,Mobile App,Yes,Online,35.0,35,2024-11-12,11,0,0,0.731,316.86,969.7,8.38,0,62.5,554.33,704.51,77322,Delayed,3
103804,AL16,Vietnam,budget,2.0,Economy,Middle,3.41,Website,Yes,Card,29.0,53,2024-06-20,6,0,0,0.725,260.4,1165.7,8.74,1,69.1,597.41,650.53,42324,On-Time,3
100747,AL03, Malaysia ,premium,3.0,Premium Economy,Aisle,0.81,Website,Yes, Online ,23.0,45,2025-01-10,1,0,0,0.699,150.71,351.4,6.21,0,35.7,500.37,687.75,171329,On-Time,3
101863,AL07, THAILAND ,full-service,3.0,Premium Economy,Aisle,3.26,travel agent, No ,Card,28.0,12,2024-03-07,3,0,0,0.823,390.22,1207.0,6.91,0,20.3,792.81,847.59,108276,On-Time,2
100222,AL04,Malaysia,full-service,3.0,Business,Middle,1.84,Mobile App,No,Card,36.0,17,2025-06-08,6,1,0,0.86,438.74,1160.4,6.72,0,69.4,904.41,1007.52,200089,On-Time,4
101348,AL07, Indonesia ,full-service,5.0,Premium Economy,Middle,2.07,Travel Agent,Yes,Online,38.0,5,2024-09-22,9,1,0,0.646,425.13,630.8,6.03,1,37.2,473.83,518.55,99313,On-Time,4
101502,AL13,Indonesia,full-service,3.0,Premium Economy,Aisle,4.78,Airport Counter,No,Online,34.0,5,2024-06-17,6,0,0,0.652,408.67,1027.8,7.98,0,43.0,640.65,712.36,150607,On-Time,4
103138,AL18,indonesia,budget,3.0,Economy,Middle,3.29,Website,Yes,Card,,52,2024-04-11,4,0,0,0.722,1004.77,3048.9,6.59,0,89.7,1249.82,1461.65,196756,Delayed,3
101665,AL04,Singapore,full-service,4.0,first,Middle,9.07,Mobile App,No,Online,36.0,7,2025-02-11,2,0,0,0.679,276.37,775.6,5.29,0,25.2,813.86,975.87,199713,On-Time,4
102968,AL13,Vietnam,full-service,3.0,Business,Aisle,4.78,Walk-in, No ,Card,18.0,40,2024-12-27,12,0,0,0.99,645.74,2276.5,7.55,0,25.2,1198.06,1280.54,260871,Delayed,3
103309,AL14,Vietnam,full-service,2.0,Economy,Aisle,2.54,Website,No,Card,44.0,71,2025-05-23,5,0,0,0.762,295.68,752.1,6.52,0,24.4,491.16,525.52,131375,Delayed,2
100035,AL04,Vietnam,full-service,3.0,Economy,Window,2.06,Airport Counter,Yes,Card,43.0,4,2025-05-20,5,0,0,0.842,386.0,1443.8,7.9,0,56.9,768.85,875.64,146744,On-Time,4
100830,AL15, Japan ,budget,4.0,Premium Economy,Middle,4.65,Website,Yes,Card,52.0,14,2024-05-22,5,0,0,0.783,853.1,2801.7,9.48,1,47.5,1138.04,1277.4,300428,On-Time,5
102918,AL05, Australia ,budget,3.0,Economy,Aisle,3.73,airport counter,No,Card,34.0,14,2024-01-30,1,0,0,0.742,236.1,432.3,9.01,1,14.5,346.65,428.13,83310,On-Time,4
103198,AL11,Malaysia,budget,4.0,Business,Window,3.04,Walk-in,No,Online,31.0,14,2024-07-09,7,0,0,0.822,96.54,188.5,8.75,1,91.3,524.26,755.93,147274,Cancelled,3
101761,AL04,thailand,full-service,3.0,First,Window,3.74,Mobile App,No,Card,47.0,32,2024-10-23,10,0,1,0.863,258.37,932.6,6.08,0,63.3,848.81,1139.32,246871,On-Time,4
100347,AL05,Philippines,budget,4.0,Premium Economy,Window,10.14,mobile app,No, Online ,47.0,48,2024-07-19,7,0,0,0.648,730.34,2294.0,8.86,0,100.0,1143.71,1190.95,108032,Delayed,4
100167,AL13, Malaysia ,full-service,2.0,Business,Middle,2.37,Travel Agent,No,Card,53.0,26,2025-03-21,3,0,0,0.873,567.92,1629.1,9.97,0,36.9,984.64,1062.57,143231,Delayed,3
103963,AL10,malaysia,full-service,3.0,Business,Middle,3.36,Website,Yes,Online,25.0,15,2024-06-19,6,0,0,0.816,373.91,1179.3,7.0,1,19.2,734.78,945.32,187979,On-Time,4
100116,AL17,Vietnam,full-service,3.0,Economy,Middle,2.67,Mobile App,Yes,Online,40.0,21,2024-04-08,4,0,0,0.928,539.44,1914.2,9.57,1,24.6,754.28,806.01,88083,On-Time,3
100530,AL05,Philippines,budget,2.0,Economy,Aisle,6.26,Mobile App,Yes,Online,43.0,21,2024-08-21,8,0,0,0.99,258.72,606.2,9.49,0,39.3,500.37,582.15,41126,On-Time,4
101394,AL09,Japan,budget,3.0,Economy,Middle,8.21,Travel Agent,Yes, Online ,18.0,15,2024-09-12,9,0,0,0.724,568.06,2124.4,7.42,0,44.1,925.49,969.1,77187,On-Time,2
103902,AL14, JAPAN ,full-service,3.0,Premium Economy,Middle,3.99,Mobile App,Yes, Online ,32.0,7,2024-08-23,8,0,0,0.725,329.55,1613.1,7.47,0,39.5,874.42,994.32,167720,On-Time,3
101028,AL14,Philippines,full-service,1.0,Economy,Aisle,2.59,Website,Yes,Card,18.0,18,2024-12-29,12,1,0,0.955,372.65,908.5,6.39,0,52.8,626.33,784.25,78845,Delayed,2
101641,AL08, MALAYSIA ,full-service,3.0,Business,Middle,3.61,Travel Agent, No , Card ,32.0,2,2024-10-12,10,1,1,0.841,387.93,1124.6,8.55,1,54.4,809.85,897.66,70387,On-Time,4
102983,AL14, Singapore ,full-service,5.0,Economy,Aisle,4.81,Walk-in,No, Card ,39.0,66,2024-04-22,4,0,0,0.752,365.45,1062.1,7.84,0,41.6,594.83,702.02,173421,On-Time,2
103672,AL09,Vietnam,budget,2.0,Economy,Aisle,2.35,Travel Agent,Yes,Online,56.0,29,2024-07-31,7,0,0,0.527,467.68,1535.6,8.37,0,70.9,765.9,867.69,89924,Delayed,4
103484,AL15,Australia,budget,4.0,Premium Economy,Window,1.63,Walk-in, No ,Online,47.0,52,2024-11-18,11,0,0,0.966,725.15,2416.0,6.55,1,33.1,919.82,1017.9,108029,Delayed,2
103789,AL17,Indonesia,full-service,3.0,Business,Middle,3.54,website,No,Card,18.0,24,2024-06-05,6,0,0,0.575,546.51,1689.6,9.24,0,26.5,924.2,977.59,181534,On-Time,3
104050,AL05,Singapore,budget,4.0,Economy,Aisle,5.63,Website,No,Card,18.0,6,2025-05-08,5,0,1,0.708,154.89,656.3,7.68,0,34.1,474.66,558.2,70797,Delayed,4
104097,AL10,Malaysia,full-service,4.0,First,Aisle,6.14,website,Yes,Online,32.0,16,2024-11-10,11,1,0,0.82,510.55,1264.3,7.97,0,75.8,1012.17,1147.63,174978,On-Time,4
103281,AL08,Malaysia,full-service,3.0,Economy,Aisle,2.34,Website,No,Cash,32.0,95,2024-07-23,7,0,0,0.74,269.57,864.8,8.05,0,10.5,444.36,555.81,139902,Delayed,3
101779,AL02,Thailand,budget,1.0,Economy,Aisle,12.17,Airport Counter,No,Cash,43.0,10,2025-06-01,6,1,0,0.954,335.37,860.6,5.99,0,64.0,590.62,771.89,96894,Cancelled,2
101025,AL13,Malaysia,full-service,4.0,Economy,Window,3.81,Website, No , Card ,20.0,15,2024-01-31,1,0,1,0.807,478.89,1135.2,8.76,0,23.7,625.52,709.42,90147,Delayed,3
103304,AL10,Vietnam,full-service,3.0,Business,Window,7.95,Mobile App,No,Card,,21,2024-03-20,3,0,0,0.682,189.55,680.3,7.75,0,65.0,615.16,760.54,101743,Delayed,4
102831,AL03,philippines,premium,4.0,Economy,Aisle,3.21,Walk-in,Yes,Card,43.0,29,2025-05-07,5,0,0,0.671,463.51,1101.0,7.3,1,54.4,578.74,728.25,153048,Delayed,2
100081,AL03,Philippines,premium,1.0,Premium Economy,Aisle,0.93,Mobile App,No,Online,19.0,29,2024-11-29,11,0,0,0.768,796.0,2673.3,6.49,1,75.3,997.28,1141.57,253710,On-Time,4
102633,AL18,indonesia,budget,3.0,Economy,Aisle,10.8,Mobile App,Yes,Cash,35.0,36,2025-05-01,5,0,0,0.833,422.63,1460.0,4.56,0,37.8,774.27,862.0,138240,Delayed,1
102030,AL14,Thailand,full-service,5.0,Economy,Window,1.69,Mobile App, Yes ,Card,26.0,48,2024-11-13,11,0,0,0.681,261.89,984.7,7.57,0,49.2,562.85,624.9,119652,On-Time,2
102799,AL10, PHILIPPINES ,full-service,3.0,Economy,Middle,0.79,Mobile App,No,Online,19.0,5,2024-04-24,4,0,1,0.777,291.86,852.9,7.95,0,54.3,591.17,638.11,155875,On-Time,4
102817,AL02,Malaysia,budget,4.0,Premium Economy,Middle,5.37,Mobile App,No,Card,38.0,26,2025-05-27,5,0,0,0.95,498.78,1609.6,8.24,0,45.5,954.57,999.68,149792,Delayed,2
101476,AL14,Malaysia,full-service,4.0,Premium Economy,Middle,3.82,Website,No,Card,36.0,40,2024-10-06,10,1,0,0.986,469.02,1285.0,7.88,0,64.4,801.37,967.25,119772,On-Time,4
103166,AL14,Malaysia,full-service,4.0,Premium Economy,Middle,2.47,Mobile App,No,Online,27.0,1,2025-01-17,1,0,0,0.943,196.83,621.9,9.35,0,91.4,601.53,813.07,63884,Delayed,4
102604,AL05,Singapore,budget,4.0,Economy,Aisle,4.08,Mobile App,No,Card,18.0,0,2025-06-26,6,0,0,0.561,930.85,2504.6,8.39,0,80.5,1095.13,1138.97,153810,Delayed,2
101477,AL06,Japan,premium,4.0,Premium Economy,Middle,9.29,Website,Yes,Online,38.0,37,2024-12-20,12,0,0,0.839,724.21,2245.3,6.66,0,65.8,1150.05,1245.37,136732,Delayed,2
103892,AL12, VIETNAM ,premium,3.0,Economy,Window,2.78,Airport Counter,Yes,Online,23.0,52,2024-05-08,5,0,0,0.856,266.17,892.4,7.57,0,62.7,634.07,686.79,65378,Delayed,3
102483,AL18,japan,budget,4.0,Economy,Middle,5.14,Travel Agent,Yes,Online,38.0,36,2024-06-07,6,0,0,0.936,243.28,779.3,7.1,0,70.7,533.58,646.37,85446,Delayed,3
101412,AL14,Malaysia,full-service,4.0,Premium Economy,Window,4.16,Mobile App,No,Online,26.0,59,2024-09-05,9,0,0,0.832,580.72,2194.3,7.34,0,60.2,1042.13,1117.18,205277,On-Time,4
102157,AL04,Malaysia,full-service,4.0,Economy,Aisle,4.84,Travel Agent, No ,Online,30.0,24,2025-06-06,6,0,0,0.803,397.13,1046.7,6.19,0,61.7,652.37,772.62,104308,Delayed,2
101886,AL15,Indonesia,budget,4.0,Economy,Aisle,8.19,mobile app,No,Card,44.0,1,2025-06-02,6,0,0,,386.97,800.8,7.88,0,70.9,608.37,769.31,121219,Delayed,3
103935,AL17, Singapore ,full-service,4.0,Economy,Middle,4.12,Website,Yes, Cash ,18.0,5,2025-03-25,3,0,1,0.851,296.45,923.8,7.99,0,62.7,562.25,724.85,61637,Delayed,4
101629,AL08,australia,full-service,3.0,Economy,Middle,1.32,Website,Yes,Card,30.0,43,2024-11-05,11,0,0,0.606,112.46,689.5,9.91,1,40.8,406.2,437.47,49599,On-Time,5
103004,AL08, THAILAND ,full-service,4.0,Economy,Window,5.58,website,Yes, Online ,33.0,79,2024-11-16,11,1,0,0.931,465.03,1211.4,5.93,1,56.5,618.5,856.61,108921,Delayed,3
100040,AL06,Thailand,premium,3.0,Economy,Middle,2.25,Mobile App,Yes, Card ,30.0,11,2024-02-28,2,0,0,0.984,425.2,1043.8,,1,84.3,627.41,674.23,141753,Delayed,2
101704,AL08,indonesia,full-service,2.0,Business,Aisle,3.39,Airport Counter,Yes, Card ,31.0,7,2024-02-10,2,1,1,0.97,477.77,1466.3,5.81,0,46.0,956.38,1366.85,196542,Delayed,3
104029,AL07,Singapore,full-service,2.0,Economy,Window,1.33,Website,No,Card,44.0,5,2025-03-12,3,0,0,0.868,204.55,370.5,8.52,1,79.9,414.48,545.8,49819,Delayed,3
103465,AL12, PHILIPPINES ,premium,3.0,Economy,Aisle,3.55,Mobile App,Yes,Cash,33.0,12,2024-10-23,10,0,0,0.705,385.38,1285.5,8.05,0,18.0,728.85,761.77,177020,Delayed,3
100311,AL17, VIETNAM ,full-service,3.0,premium economy,Aisle,3.6,Website, No ,Card,31.0,1,2024-05-26,5,1,1,0.781,1065.0,3754.5,6.94,1,97.4,1383.67,1550.26,200209,Delayed,2
101631,AL13,Malaysia,full-service,3.0,Business,Window,1.29,mobile app,No,Online,30.0,26,2024-04-01,4,0,0,0.884,673.49,2512.2,6.47,0,25.5,1185.52,1257.07,228187,Delayed,3
103550,AL09, PHILIPPINES ,budget,4.0,Economy,Window,2.41,Website,No,Online,47.0,13,2025-05-24,5,1,1,0.731,,1967.1,6.18,0,35.8,849.22,940.16,236137,On-Time,2
102067,AL03, Vietnam ,premium,4.0,Economy,Aisle,6.96,Website,No,Online,43.0,17,2024-04-19,4,0,0,0.809,545.49,1611.1,9.16,1,44.1,721.03,896.79,154012,On-Time,3
101426,AL01,Singapore,full-service,5.0,Premium Economy,Middle,2.43,Mobile App,Yes, Card ,25.0,78,2024-01-15,1,0,1,0.687,451.16,1261.0,7.45,1,27.1,705.07,811.89,111895,On-Time,4
102002,AL18,Japan,budget,3.0,Economy,Middle,4.83,Airport Counter,No,Online,32.0,6,2025-06-22,6,1,0,0.987,373.32,1181.5,8.55,0,51.1,678.95,864.03,170110,On-Time,4
100357,AL11, Malaysia ,budget,3.0,Economy,Window,6.38,Website,Yes, Card ,22.0,78,2024-10-01,10,0,1,0.768,453.89,1130.9,7.55,0,20.2,594.0,644.25,152200,On-Time,4
102408,AL11,Philippines,budget,3.0,First,Window,2.75,Website,,Card,40.0,20,2024-03-23,3,1,1,0.623,495.81,1554.7,6.33,0,42.6,996.15,1174.28,292780,Delayed,2
101129,AL02,vietnam,budget,4.0,Economy,Aisle,1.67,Website,Yes,Card,47.0,12,2024-05-21,5,0,0,0.766,521.44,1684.4,7.39,0,74.8,867.21,929.28,117313,Delayed,3
104010,AL09,Indonesia,budget,3.0,Economy,Aisle,1.82,Walk-in,No,Cash,35.0,13,2025-04-09,4,0,0,0.809,,971.7,7.09,0,54.3,599.65,660.52,64822,Delayed,3
103052,AL05, PHILIPPINES ,budget,3.0,business,Aisle,3.9,Website,Yes,Online,19.0,27,2024-01-16,1,0,0,0.753,115.83,339.7,8.96,0,31.9,565.59,710.03,70767,Delayed,3
101827,AL07,Australia,full-service,2.0,economy,Aisle,0.75,Website,Yes,Card,44.0,7,2024-11-25,11,0,0,0.99,,1480.4,5.7,1,61.2,692.04,859.67,140235,Delayed,1
102440,AL10,Malaysia,full-service,3.0,Economy,Aisle,5.45,walk-in, Yes ,Card,29.0,3,2024-06-06,6,0,0,0.747,,1359.1,8.56,0,50.9,787.87,897.03,130422,On-Time,3
100128,AL08, Singapore ,full-service,2.0,Premium Economy,Window,0.75,airport counter,,Card,24.0,25,2024-01-30,1,0,0,0.833,676.29,2076.9,8.84,1,11.6,818.28,1048.63,120604,On-Time,4
101009,AL03,Malaysia,premium,3.0,Economy,Aisle,4.98,Website,No,Online,53.0,3,2024-12-13,12,0,0,0.806,621.47,1968.4,6.95,0,25.8,944.97,1022.81,81205,Delayed,3
101813,AL03,Indonesia,premium,2.0,Business,Aisle,2.32,Website,Yes,Card,47.0,16,2024-01-23,1,0,0,0.802,699.37,1970.9,7.49,1,54.7,933.69,1091.93,113168,On-Time,5
102741,AL17, SINGAPORE ,full-service,3.0,Business,Middle,1.92,Website,Yes, Cash ,46.0,6,2024-12-29,12,1,0,0.952,499.0,1587.1,8.83,0,82.1,1008.58,1202.26,102179,Cancelled,3
100657,AL18,singapore,budget,3.0,Economy,Middle,6.22,Travel Agent,No,Online,54.0,4,2025-06-06,6,0,0,0.729,638.6,2013.1,6.45,1,77.6,803.44,915.97,176795,Cancelled,2
101246,AL08, Singapore ,full-service,3.0,Economy,Window,3.67,Mobile App,Yes,Card,37.0,29,2024-12-22,12,1,0,0.681,273.46,698.4,8.35,0,48.5,457.21,517.0,38579,Delayed,3
104161,AL03,Malaysia,premium,4.0,Business,Middle,2.96,Travel Agent,Yes,Card,31.0,41,2025-05-06,5,0,0,0.787,434.62,1142.5,7.22,0,80.8,823.43,882.96,66834,On-Time,4
100201,AL08, Australia ,full-service,2.0,Economy,Window,2.05,Website,No, Online ,,4,2024-10-26,10,1,0,0.64,204.65,885.7,7.81,1,34.8,460.67,548.95,118110,Delayed,2
100781,AL02,Thailand,budget,4.0,Economy,Window,9.52,Walk-in,No, Cash ,47.0,10,2025-01-07,1,0,0,0.665,414.48,1242.5,8.09,0,69.0,765.15,881.16,214584,Delayed,2
101421,AL09,Singapore,budget,4.0,Economy,Window,2.1,Website,No,Card,33.0,18,2025-05-16,5,0,0,0.796,596.53,2105.8,7.03,0,49.8,928.46,984.99,117955,Delayed,3
102928,AL14,singapore,full-service,3.0,economy,Aisle,9.78,Mobile App,No,Card,42.0,3,2025-01-04,1,1,1,0.959,457.57,1295.8,6.42,0,29.2,735.04,762.81,147955,Delayed,2
103178,AL11,Japan,budget,3.0,Economy,Middle,4.66,Website,No, Card ,25.0,13,2024-10-01,10,0,0,,615.58,2016.5,7.23,0,58.2,942.63,1037.57,160342,Cancelled,1
102418,AL15,Philippines,budget,2.0,Economy,Aisle,7.19,Website, Yes ,Online,39.0,7,2024-04-12,4,0,0,0.859,806.93,2438.5,8.63,0,51.2,1030.36,1071.86,177310,Delayed,5
102782,AL03, Thailand ,premium,4.0,Economy,Aisle,7.79,Website, Yes , Card ,26.0,69,2025-02-23,2,1,0,0.557,444.04,1475.1,7.33,0,5.0,687.38,735.75,87293,Delayed,3
102361,AL06, Japan ,premium,3.0,Premium Economy,Window,1.75,Travel Agent, Yes ,Card,,54,2025-02-08,2,1,0,0.77,344.35,812.0,7.43,0,72.1,678.8,752.27,117121,Cancelled,2
103596,AL01, MALAYSIA ,full-service,4.0,Economy,Aisle,8.06,Airport Counter,No, Online ,46.0,33,2025-01-13,1,0,0,0.754,673.84,1918.8,7.66,1,30.0,757.84,942.18,79689,On-Time,4
100593,AL07,Singapore,full-service,,economy,Aisle,2.18,Travel Agent,No, Cash ,35.0,30,2024-08-19,8,0,0,0.852,346.86,967.3,7.49,0,78.6,609.57,701.78,87054,On-Time,4
100970,AL16, INDONESIA ,budget,1.0,Economy,Aisle,1.18,Travel Agent,Yes, Card ,57.0,8,2025-04-10,4,0,0,0.786,427.84,1198.6,7.7,0,76.3,643.51,744.71,139644,Delayed,3
100202,AL06, MALAYSIA ,premium,5.0,First,Middle,3.37,Mobile App,No,Online,25.0,22,2024-03-28,3,0,0,0.774,175.48,957.6,9.0,0,57.8,865.3,1038.79,184494,Delayed,5
103817,AL07, INDONESIA ,full-service,3.0,Economy,Window,0.75,Website,No,Online,,124,2024-10-11,10,0,0,0.99,373.61,1057.8,10.0,0,77.2,610.39,862.85,158295,On-Time,5
101974,AL09,Vietnam,budget,3.0,Economy,Aisle,6.06,Airport Counter,Yes, Cash ,25.0,15,2024-10-25,10,0,0,0.904,946.45,3316.7,8.62,0,44.5,1340.22,1441.26,307344,Delayed,3
103021,AL03,Australia,premium,3.0,Economy,Window,4.62,Website,Yes, Online ,58.0,35,2024-10-05,10,1,0,0.733,174.94,625.7,7.34,0,43.3,486.58,643.91,52577,On-Time,3
104190,AL09,singapore,budget,3.0,Economy,Aisle,4.77,walk-in,,Online,27.0,53,2025-02-17,2,0,1,0.652,752.84,2335.7,9.7,0,60.7,1038.51,1081.31,139374,Delayed,4
102910,AL11,Indonesia,budget,3.0,Premium Economy,Window,2.23,Travel Agent,Yes, Online ,36.0,39,2025-05-03,5,1,0,0.814,705.5,2082.1,6.81,0,54.3,947.32,1128.75,150886,Delayed,3
102750,AL06,Thailand,premium,2.0,Premium Economy,Aisle,3.37,Mobile App,No,Card,30.0,11,2025-03-02,3,1,0,0.702,64.59,246.2,9.51,0,36.5,387.87,487.87,115838,Delayed,4
101980,AL08,Philippines,full-service,3.0,Economy,Middle,1.64,Airport Counter,No, Card ,33.0,22,2024-04-04,4,0,1,0.694,578.88,2022.3,4.7,0,76.6,901.77,933.03,73478,Delayed,3
102380,AL12,Australia,premium,3.0,Economy,Aisle,3.62,Mobile App,Yes, Online ,29.0,12,2025-02-21,2,0,0,,291.77,1040.7,7.24,0,67.7,731.39,790.28,115986,On-Time,3
102486,AL04, PHILIPPINES ,full-service,3.0,Premium Economy,Aisle,2.52,Travel Agent,No, Card ,37.0,14,2024-02-16,2,0,0,0.696,513.21,1516.6,7.33,0,52.5,804.14,930.4,217561,Delayed,2
102374,AL10,Japan,full-service,4.0,Economy,Middle,6.34,Website, No ,Online,39.0,5,2024-11-05,11,0,0,0.754,711.42,1950.2,7.08,1,16.3,736.35,883.41,115708,On-Time,3
104130,AL09, INDONESIA ,budget,3.0,Economy,Middle,5.61,Mobile App,Yes,Online,,33,2025-05-31,5,1,0,0.594,266.04,916.3,8.2,0,57.0,577.82,756.93,81686,Delayed,3
104182,AL10,Malaysia,full-service,2.0,Economy,Window,0.75,travel agent, No , Card ,26.0,69,2024-08-29,8,0,0,0.822,,1649.0,8.41,0,58.1,769.36,801.16,137660,Delayed,3
103566,AL03,Thailand,premium,4.0,Economy,Middle,5.82,Travel Agent,No,Card,27.0,79,2024-07-27,7,1,0,0.99,519.76,1419.9,8.18,0,5.0,788.94,818.05,178894,On-Time,4
101187,AL12,malaysia,premium,3.0,Premium Economy,Middle,3.53,Airport Counter, No ,Card,42.0,15,2024-11-12,11,0,0,0.758,840.29,2738.0,7.26,0,37.5,1259.48,1401.0,252828,Delayed,4
102329,AL02,Thailand,budget,3.0,Economy,Aisle,6.26,travel agent,No, Online ,18.0,27,2024-10-02,10,0,0,0.824,427.78,1240.0,5.81,0,46.6,656.8,747.5,49498,Delayed,1
102342,AL18, Thailand ,budget,3.0,Economy,Aisle,9.04,Website,,Card,36.0,3,2024-03-06,3,0,0,0.856,507.28,1344.6,9.3,0,55.5,708.04,823.72,128072,On-Time,4
100351,AL15,singapore,budget,4.0,Business,Aisle,4.64,Website,No,Online,34.0,22,2024-09-20,9,0,0,0.988,660.05,2396.9,9.14,0,27.8,1149.16,1231.29,91036,On-Time,4
101755,AL16,Malaysia,budget,4.0,Economy,Middle,3.14,Mobile App,No,Card,31.0,13,2024-11-21,11,0,0,0.67,108.2,573.3,7.03,1,39.4,453.5,620.2,147006,Delayed,2
101595,AL17,Vietnam,full-service,4.0,Business,Window,4.93,Travel Agent,Yes,Card,49.0,25,2024-09-20,9,0,0,0.734,875.37,2801.5,9.54,0,33.6,1384.36,1583.43,193164,Delayed,4
100042,AL11, THAILAND ,budget,3.0,Economy,Aisle,1.54,Airport Counter, No ,Online,43.0,85,2025-06-17,6,0,0,0.786,981.7,2962.2,6.25,0,62.9,1217.56,1337.56,149388,On-Time,2
102149,AL06,Vietnam,premium,4.0,Economy,Window,1.99,Travel Agent,No, Online ,18.0,38,2024-06-28,6,0,0,0.593,461.93,1722.9,6.84,0,33.0,814.14,845.39,192454,On-Time,3
102494,AL17, PHILIPPINES ,full-service,2.0,economy,Middle,2.45,Mobile App,No,Cash,,44,2025-04-07,4,0,0,0.621,354.99,758.7,9.38,0,65.1,524.12,639.91,47735,On-Time,3
102878,AL08,Malaysia,full-service,3.0,Economy,Middle,2.12,Mobile App,No,Card,41.0,21,2024-01-12,1,0,0,0.835,712.06,2168.1,9.77,0,8.7,931.07,1009.34,109241,On-Time,3
101273,AL16, Philippines ,budget,3.0,Business,Window,5.3,Mobile App,No, Online ,49.0,20,2024-12-27,12,0,0,0.617,343.16,909.3,8.28,1,59.2,691.62,777.64,178309,On-Time,4
102182,AL06, THAILAND ,premium,4.0,Economy,Middle,3.28,Mobile App,No,Online,37.0,53,2024-04-14,4,1,0,0.758,486.55,1545.2,6.31,0,53.8,765.66,843.09,50444,On-Time,3
100574,AL16,australia,budget,5.0,economy,Window,5.67,Airport Counter,Yes,Online,41.0,4,2024-11-08,11,0,0,0.67,551.51,1525.4,7.48,0,84.3,790.73,851.58,99583,On-Time,3
101920,AL10,Singapore,full-service,3.0,Premium Economy,Aisle,2.06,Travel Agent,Yes,Online,49.0,11,2024-12-01,12,1,0,0.795,467.8,960.5,8.2,0,61.2,729.81,780.42,142947,On-Time,3
103924,AL18, VIETNAM ,budget,4.0,Economy,Aisle,1.98,Mobile App,No, Card ,24.0,63,2025-01-23,1,0,0,0.662,267.13,909.8,8.32,1,81.0,412.88,630.55,132746,Delayed,1
100856,AL10, THAILAND ,full-service,2.0,Economy,Window,3.7,Walk-in,Yes,Online,42.0,19,2024-03-01,3,0,0,0.923,534.1,1450.5,7.7,0,64.6,783.59,957.95,130613,On-Time,4
102176,AL11,Vietnam,budget,3.0,Economy,Aisle,4.95,Mobile App,No,Card,37.0,14,2024-04-01,4,0,1,0.742,530.31,1921.3,6.89,0,28.4,878.54,931.03,197702,On-Time,2
102608,AL09,Vietnam,budget,3.0,Premium Economy,Window,4.76,Travel Agent, Yes ,Card,,5,2024-08-31,8,1,1,0.885,368.68,1269.9,8.09,1,32.8,680.67,726.84,126474,Delayed,2
102047,AL13,singapore,full-service,3.0,First,Aisle,2.3,Website,No, Card ,34.0,77,2024-04-05,4,0,1,0.99,,1035.1,5.28,0,62.8,949.33,1034.62,111891,Cancelled,2
101808,AL14, Indonesia ,full-service,2.0,Economy,Aisle,2.43,airport counter,Yes,Online,18.0,76,2024-01-04,1,0,0,0.669,832.07,2568.9,6.77,1,32.8,872.91,1162.43,132358,On-Time,3
103802,AL18, THAILAND ,budget,2.0,Economy,Middle,3.44,Travel Agent, Yes ,Online,44.0,62,2024-05-10,5,0,0,0.99,499.98,1557.1,5.73,0,40.0,731.79,875.98,129655,Delayed,2
101898,AL03, SINGAPORE ,premium,3.0,Business,Window,9.61,website,No, Card ,30.0,14,2025-06-12,6,0,0,0.818,277.02,910.9,5.92,0,45.9,786.92,909.52,134322,On-Time,4
101846,AL04,Singapore,full-service,4.0,Economy,Middle,6.25,travel agent, No ,Card,30.0,20,2024-09-03,9,0,1,0.895,792.84,2321.6,,0,36.8,1012.86,1228.6,226923,On-Time,3
100875,AL04,Indonesia,full-service,3.0,Economy,Middle,4.21,Mobile App, No ,Card,52.0,26,2024-04-18,4,0,0,0.686,846.19,2580.2,,0,76.5,1124.72,1337.89,258392,On-Time,3
100103,AL08, THAILAND ,full-service,4.0,Economy,Window,2.35,Mobile App,No,Cash,39.0,60,2025-05-01,5,0,0,0.556,525.28,1704.0,,0,39.0,775.53,829.41,113749,On-Time,4
102458,AL08, VIETNAM ,full-service,2.0,Economy,Aisle,3.13,Mobile App,Yes,Card,43.0,34,2024-02-02,2,0,0,0.599,419.54,1522.9,7.65,0,27.8,774.89,801.54,152121,On-Time,3
103053,AL09, Indonesia ,budget,3.0,Economy,Aisle,1.97,Mobile App, Yes , Card ,20.0,13,2025-04-21,4,0,0,0.623,666.36,2264.6,7.25,0,53.8,1002.56,1084.96,106467,On-Time,3
100604,AL13,Singapore,full-service,2.0,Economy,Aisle,1.15,Mobile App, Yes ,Cash,44.0,9,2024-12-22,12,1,0,0.99,512.76,1541.5,8.17,0,34.5,772.59,879.7,98065,On-Time,4
100988,AL15,Singapore,budget,4.0,economy,Middle,0.99,Website,No, Card ,18.0,10,2024-11-05,11,0,0,0.861,311.38,973.3,6.25,0,36.1,615.06,682.38,75534,On-Time,4
101233,AL01, MALAYSIA ,full-service,3.0,Premium Economy,Middle,4.4,Mobile App,No,Card,26.0,36,2025-04-20,4,1,0,0.774,168.59,665.9,7.67,0,89.3,592.69,693.44,38705,On-Time,3
103591,AL05, INDONESIA ,budget,4.0,Business,Aisle,7.0,Website,No,Cash,54.0,14,2025-05-30,5,0,0,0.515,719.48,2138.2,,0,56.4,1094.43,1168.14,155827,Delayed,2
101433,AL02,Indonesia,budget,4.0,Economy,Window,2.66,Travel Agent,No,Online,41.0,7,2025-02-11,2,0,0,0.818,206.6,482.9,10.0,0,28.2,396.39,439.74,50841,On-Time,4
100384,AL17,Japan,full-service,4.0,First,Aisle,2.89,Travel Agent,No, Card ,18.0,22,2024-06-06,6,0,1,0.92,682.06,2111.0,6.46,0,74.1,1261.15,1342.5,279259,Delayed,3
100893,AL11,australia,budget,3.0,Premium Economy,Window,4.28,Website, Yes ,Card,25.0,1,2025-05-16,5,0,0,0.59,382.14,1036.5,9.11,1,51.2,636.4,716.32,61957,On-Time,3
100056,AL16,singapore,budget,4.0,Economy,Middle,6.05,Mobile App,Yes,Online,40.0,13,2024-08-25,8,1,0,0.751,597.95,2116.4,,1,26.4,793.14,847.96,202144,Delayed,3
100711,AL06,Philippines,premium,5.0,Business,Aisle,5.26,Airport Counter,Yes, Online ,46.0,33,2024-03-19,3,0,0,0.809,349.96,988.4,4.74,1,23.4,668.26,745.76,100054,On-Time,3
102372,AL09, INDONESIA ,budget,3.0,Economy,Window,3.3,Walk-in,No,Online,43.0,6,2024-08-08,8,0,0,0.829,354.36,1145.6,7.43,0,44.7,607.95,664.83,51947,On-Time,3
102126,AL08,Philippines,full-service,4.0,Business,Middle,4.66,travel agent,, Card ,54.0,12,2024-06-20,6,0,1,0.884,223.95,412.7,5.27,0,67.7,674.89,791.64,171909,Delayed,3
102588,AL17,malaysia,full-service,2.0,Economy,Aisle,7.13,Mobile App, No ,Online,27.0,17,2024-01-19,1,0,0,0.566,823.09,3010.5,5.55,0,58.5,1216.95,1269.71,101784,Delayed,2
100355,AL04,Thailand,full-service,4.0,Economy,Middle,6.34,Travel Agent,Yes,Online,53.0,59,2025-01-12,1,1,0,0.724,372.05,1327.1,8.16,0,83.8,781.79,910.49,170419,Delayed,3
101842,AL14,Singapore,full-service,3.0,Economy,Aisle,2.76,Website,No,Cash,28.0,62,2025-04-22,4,0,1,0.815,529.13,1839.6,7.28,1,30.6,775.69,848.9,55251,Delayed,1
102407,AL04, Indonesia ,full-service,4.0,Business,Window,6.38,Walk-in,Yes,Cash,39.0,18,2024-02-25,2,1,0,0.925,516.87,2222.6,8.28,0,5.0,1142.24,1249.24,122402,On-Time,4
101018,AL02,Australia,budget,3.0,Premium Economy,Aisle,2.91,Travel Agent,No, Online ,36.0,11,2025-02-16,2,1,0,0.804,322.35,947.0,8.19,0,33.5,681.89,780.29,134533,Delayed,4
104004,AL06,Philippines,premium,3.0,Economy,Window,0.96,Website,No,Card,47.0,45,2024-12-31,12,0,0,0.789,424.81,1646.4,8.06,0,82.1,804.34,1033.19,257585,On-Time,4
100307,AL10,Philippines,full-service,3.0,Business,Aisle,9.65,Airport Counter, No ,Online,35.0,124,2024-04-02,4,0,0,0.648,388.63,1021.8,8.24,0,40.3,807.77,981.69,96063,On-Time,3
100813,AL11, MALAYSIA ,budget,4.0,Premium Economy,Window,2.15,Website,No, Card ,50.0,4,2024-06-10,6,0,1,0.663,624.01,1909.1,7.09,0,66.4,989.4,1065.44,193971,On-Time,4
100041,AL05,Malaysia,budget,5.0,Economy,Aisle,2.24,Website, Yes ,Card,30.0,4,2024-01-24,1,0,0,0.857,344.35,655.5,5.56,1,34.8,431.55,459.45,31113,On-Time,2
103602,AL02,Vietnam,budget,4.0,Economy,Middle,3.53,airport counter, No ,Card,18.0,80,2024-02-25,2,1,0,0.84,666.29,2178.2,9.77,0,59.7,968.46,1111.37,86634,Delayed,2
101405,AL10,thailand,full-service,4.0,Economy,Aisle,4.01,Airport Counter,,Online,20.0,11,2024-10-03,10,0,0,0.693,174.61,454.5,6.16,1,60.9,350.36,456.66,100832,On-Time,4
101681,AL07, SINGAPORE ,full-service,4.0,Business,Middle,10.52,Website,No,Cash,26.0,78,2025-04-20,4,1,0,0.911,418.4,1178.5,6.65,1,71.4,821.13,902.91,115606,Delayed,3
100882,AL05,vietnam,budget,3.0,Economy,Aisle,2.3,Website, No ,Online,42.0,1,2025-02-23,2,1,0,0.818,598.08,1806.4,7.34,0,75.1,916.94,978.56,249709,Delayed,1
102711,AL15, Australia ,budget,3.0,Economy,Aisle,2.13,Mobile App,, Card ,32.0,11,2024-01-18,1,0,0,0.785,212.81,831.7,,0,29.2,549.33,578.1,43599,Delayed,2
100698,AL04,singapore,full-service,5.0,Economy,Middle,5.05,Walk-in,Yes,Online,35.0,26,2024-01-12,1,0,1,0.848,382.08,1183.0,6.81,1,46.3,565.97,593.88,45925,On-Time,4
103792,AL13, JAPAN ,full-service,3.0,Economy,Aisle,4.48,Travel Agent,Yes,Online,21.0,13,2024-07-28,7,1,0,0.702,753.73,2252.3,8.66,1,72.9,891.3,961.5,131880,On-Time,2
102993,AL17, INDONESIA ,full-service,4.0,Economy,Middle,1.01,Website,Yes,Card,43.0,62,2024-01-04,1,0,0,0.79,541.97,2034.9,8.3,0,69.3,924.82,1066.95,77193,Delayed,3
102051,AL12,Thailand,premium,4.0,Economy,Window,5.27,Travel Agent,No,Online,40.0,54,2024-02-01,2,0,0,0.862,915.7,2989.6,4.61,0,56.2,1289.85,1515.64,112720,On-Time,2
102905,AL17,Indonesia,full-service,3.0,Premium Economy,Aisle,4.35,Airport Counter,No,Card,48.0,14,2025-04-18,4,0,1,0.72,457.43,1732.7,6.41,1,62.4,887.95,950.05,81698,On-Time,3
100215,AL09,Malaysia,budget,4.0,Economy,Aisle,3.1,Mobile App,No,Cash,34.0,44,2025-02-16,2,1,0,0.693,873.37,2624.9,,0,42.2,1116.59,1319.57,117516,On-Time,3
102146,AL11,Philippines,budget,4.0,Premium Economy,Middle,1.92,Mobile App,No,Card,58.0,4,2024-01-29,1,0,1,0.744,716.61,2110.4,9.03,0,40.9,1013.75,1072.37,223232,Delayed,3
103161,AL15,philippines,budget,4.0,Premium Economy,Window,3.46,Airport Counter,Yes,Online,31.0,2,2024-09-11,9,0,0,0.702,443.48,1178.1,7.14,0,35.8,741.04,853.08,204064,On-Time,3
103633,AL04,thailand,full-service,5.0,First,Aisle,2.48,mobile app,No, Cash ,41.0,17,2024-08-28,8,0,0,0.439,456.84,1489.7,9.45,0,16.9,1045.34,1140.48,77234,On-Time,5
101370,AL07, Malaysia ,full-service,4.0,Economy,Window,0.8,Travel Agent,Yes,Online,27.0,5,2025-06-19,6,0,0,0.59,664.63,1945.3,8.33,0,33.0,876.3,1006.83,130640,Delayed,4
101566,AL15, MALAYSIA ,budget,4.0,Economy,Aisle,0.94,Website, Yes , Cash ,51.0,8,2024-09-20,9,0,0,0.885,611.7,2082.7,4.66,1,60.7,832.74,863.44,76247,Delayed,2
102192,AL06,Indonesia,premium,2.0,Economy,Window,2.93,Website,Yes, Card ,50.0,18,2025-03-05,3,0,0,0.796,619.3,2125.7,8.15,0,8.2,941.64,1066.32,207586,On-Time,5
102504,AL06, Indonesia ,premium,4.0,Premium Economy,Middle,0.75,Walk-in,Yes, Online ,,11,2024-01-23,1,0,0,0.99,283.93,848.8,9.27,0,28.5,647.3,859.59,68932,On-Time,5
102886,AL03,Malaysia,premium,4.0,Economy,Window,2.61,Travel Agent,Yes, Card ,43.0,153,2025-01-23,1,0,1,0.853,606.52,1905.2,6.99,0,12.0,880.44,999.09,89988,On-Time,3
101516,AL10,Indonesia,full-service,2.0,Economy,Middle,3.54,Mobile App,No,Card,39.0,14,2024-12-17,12,0,0,0.581,344.54,1002.7,4.71,0,39.5,564.38,618.5,111826,On-Time,3
102503,AL09,japan,budget,4.0,Economy,Middle,1.94,Walk-in,No, Online ,59.0,12,2025-04-18,4,0,0,0.842,674.6,2218.7,7.76,0,54.0,980.42,1025.5,195975,On-Time,3
101766,AL09,Japan,budget,4.0,Economy,Middle,5.53,Travel Agent,No,Online,23.0,18,2024-08-05,8,0,0,0.859,239.3,502.1,8.7,0,53.9,477.35,520.17,84757,Delayed,3
102186,AL01,Malaysia,full-service,3.0,Premium Economy,Aisle,1.98,Mobile App,Yes,Card,54.0,34,2024-05-19,5,1,0,0.92,331.2,880.3,6.73,0,84.2,709.0,856.71,145994,On-Time,1
104180,AL09,Singapore,budget,5.0,Premium Economy,Aisle,2.91,Website,Yes, Card ,22.0,85,2025-04-02,4,0,0,0.806,473.68,1863.3,5.38,0,43.1,965.46,1100.3,84342,Delayed,2
102991,AL14,Vietnam,full-service,2.0,Premium Economy,Middle,1.03,travel agent,No,Card,25.0,57,2024-05-20,5,0,0,0.959,312.32,1057.6,9.93,0,32.7,732.75,903.74,125074,On-Time,3
101037,AL10, SINGAPORE ,full-service,3.0,Economy,Middle,3.35,website,Yes,Online,55.0,18,2025-02-18,2,0,0,0.887,350.18,1074.4,6.54,0,52.7,703.37,861.01,124982,On-Time,1
102437,AL04,Vietnam,full-service,3.0,Economy,Aisle,1.96,travel agent,Yes,Cash,42.0,13,2025-05-24,5,1,0,0.714,841.06,2825.3,5.4,1,62.4,1053.76,1183.29,155071,On-Time,3
101510,AL13,Philippines,full-service,4.0,Premium Economy,Window,2.49,Mobile App, Yes ,Online,44.0,44,2025-01-13,1,0,0,,398.43,1384.5,7.67,1,75.0,631.46,753.6,136239,Cancelled,2
100411,AL18,Indonesia,budget,2.0,Economy,Middle,2.97,Website,No,Card,51.0,12,2024-10-25,10,0,0,0.826,247.75,946.5,7.84,1,39.7,543.76,673.6,167668,Delayed,3
102863,AL04, SINGAPORE ,full-service,4.0,Economy,Middle,2.91,Travel Agent,No,Card,49.0,10,2024-05-06,5,0,0,0.631,599.33,1976.3,6.09,1,59.5,786.74,963.89,169879,On-Time,3
102746,AL14,Philippines,full-service,4.0,Economy,Aisle,2.16,Mobile App, No ,Card,18.0,39,2025-04-20,4,1,0,0.676,239.35,395.5,9.11,0,51.1,396.48,421.44,52475,On-Time,3
101301,AL06, AUSTRALIA ,premium,4.0,Business,Window,2.54,Mobile App, No , Online ,32.0,2,2024-09-11,9,0,0,0.675,224.71,513.4,7.71,0,71.9,709.18,816.66,157078,Delayed,3
101296,AL08,Singapore,full-service,4.0,Economy,Aisle,5.19,Website,No,Online,28.0,12,2024-05-13,5,0,0,0.99,539.91,1925.1,5.77,0,8.5,783.02,879.84,161942,On-Time,4
103628,AL10,Malaysia,full-service,2.0,Premium Economy,Window,5.51,Website,No,Card,50.0,3,2025-01-14,1,0,0,0.748,732.09,2723.7,6.52,1,52.8,984.21,1107.44,178637,On-Time,5
103054,AL07,Vietnam,full-service,2.0,Premium Economy,Middle,2.82,Airport Counter,No, Card ,28.0,14,2024-12-13,12,0,0,0.99,,1434.5,7.75,0,55.8,860.71,1018.19,263932,Delayed,3
102549,AL10,Singapore,full-service,4.0,Economy,Aisle,5.03,website,No, Online ,30.0,22,2024-11-23,11,1,0,0.675,371.11,1236.9,6.58,1,69.6,579.48,641.43,161014,Delayed,2
104181,AL07,japan,full-service,3.0,Premium Economy,Aisle,3.1,Website,Yes,Card,59.0,8,2024-08-16,8,0,0,0.769,500.4,1629.6,7.02,0,16.5,910.58,1055.44,231970,On-Time,3
100758,AL08,Singapore,full-service,5.0,Economy,Aisle,4.62,Mobile App, Yes ,Card,31.0,73,2024-03-17,3,1,0,0.743,550.97,1268.4,6.33,0,53.5,630.86,714.97,167920,On-Time,4
102367,AL10,Singapore,full-service,4.0,Economy,Middle,0.75,Travel Agent, No ,Card,18.0,37,2024-09-22,9,1,0,0.57,551.17,1980.4,,1,14.3,743.95,874.69,200075,On-Time,2
102476,AL18,malaysia,budget,4.0,Economy,Middle,2.51,Website,No,Online,55.0,21,2024-07-23,7,0,0,0.683,482.15,1218.7,,0,46.4,702.66,789.14,88628,On-Time,3
102698,AL09,Singapore,budget,1.0,Premium Economy,Aisle,4.14,Website,Yes,Cash,30.0,14,2025-01-03,1,0,0,0.738,613.75,1978.7,10.0,1,37.0,878.26,1017.74,74643,On-Time,3
101317,AL17, Indonesia ,full-service,4.0,Economy,Window,2.18,Travel Agent, No ,Card,49.0,85,2024-01-16,1,0,0,0.81,298.38,798.5,5.98,0,44.9,505.11,624.06,35579,On-Time,2
100073,AL13, INDONESIA ,full-service,5.0,Premium Economy,Aisle,5.32,Mobile App, No ,Card,57.0,11,2024-04-03,4,0,0,0.879,384.02,1371.8,6.05,1,52.9,718.17,800.32,137554,Delayed,3
100025,AL14,Vietnam,full-service,4.0,Economy,Window,0.75,Travel Agent,Yes,Card,47.0,8,2024-03-01,3,0,0,0.804,737.68,2287.6,8.7,0,76.0,1054.64,1122.61,294247,Delayed,2
102693,AL09, Philippines ,budget,4.0,Premium Economy,Aisle,2.79,Website, Yes ,Online,50.0,47,2024-04-01,4,0,0,0.906,248.78,715.6,7.4,0,67.6,646.51,856.05,156868,On-Time,3
101126,AL16,Malaysia,budget,4.0,economy,Window,5.47,Website,Yes,Cash,37.0,12,2025-01-09,1,0,0,0.699,346.88,943.4,7.01,0,30.9,630.6,692.2,104617,On-Time,4
101139,AL07,Singapore,full-service,2.0,Premium Economy,Aisle,2.57,Travel Agent, Yes ,Online,29.0,55,2024-02-29,2,0,0,0.826,167.36,420.9,,0,62.4,448.58,582.6,137561,Delayed,5
100505,AL01, JAPAN ,full-service,2.0,Economy,Window,4.52,Mobile App,Yes,Card,33.0,0,2024-05-10,5,0,0,0.839,236.31,672.9,4.9,0,49.9,524.8,570.16,60228,Delayed,2
101560,AL12, SINGAPORE ,premium,3.0,First,Aisle,2.83,Website,No,Online,26.0,61,2024-09-29,9,1,0,0.619,437.54,1035.8,7.44,0,66.3,894.92,1046.08,69028,On-Time,4
103141,AL06,malaysia,premium,,First,Middle,3.5,Mobile App,Yes,Online,48.0,65,2024-10-23,10,0,1,0.821,292.67,883.2,7.52,0,85.9,940.2,1176.33,71106,Delayed,1
103203,AL01,Indonesia,full-service,3.0,Premium Economy,Window,7.34,airport counter,No,Card,36.0,9,2025-04-17,4,0,0,0.807,872.57,2747.2,,0,65.7,1248.74,1344.57,338836,Delayed,4
102722,AL07,Australia,full-service,3.0,Economy,Window,4.64,Travel Agent,No,Card,41.0,77,2024-06-29,6,1,0,0.99,329.42,1055.5,8.97,0,58.8,612.08,669.66,97353,Delayed,3
101120,AL03,singapore,premium,3.0,Economy,Aisle,5.5,Mobile App,Yes, Online ,43.0,19,2024-11-23,11,1,0,0.99,563.18,2040.8,8.21,1,54.1,839.64,975.98,78337,Delayed,3
101112,AL13,Thailand,full-service,3.0,Business,Window,2.24,travel agent,No,Online,37.0,20,2024-03-13,3,0,0,0.762,1088.54,3714.1,6.87,1,73.4,1389.29,1475.93,177322,On-Time,3
100586,AL03, Philippines ,premium,4.0,Economy,Aisle,7.28,Travel Agent,No,Online,24.0,52,2024-08-22,8,0,1,0.695,128.71,398.1,5.55,1,41.5,287.35,356.07,24991,On-Time,3
103527,AL15, Singapore ,budget,4.0,Economy,Window,6.44,Website,No,Online,35.0,5,2025-05-18,5,1,0,0.99,551.28,1631.1,7.56,0,59.8,883.8,1020.28,98921,Delayed,3
100611,AL10,Australia,full-service,3.0,First,Window,6.67,Website,Yes, Online ,34.0,30,2025-04-19,4,1,0,0.882,728.59,2252.1,5.8,0,25.3,1258.63,1383.1,294244,On-Time,3
103951,AL02,Malaysia,budget,3.0,Economy,Window,3.61,Website,Yes, Card ,33.0,1,2024-09-22,9,1,0,0.558,91.61,440.3,6.1,0,40.5,456.52,506.37,107993,On-Time,3
101089,AL16,Malaysia,budget,2.0,Economy,Aisle,3.02,travel agent, No ,Card,45.0,25,2025-04-15,4,0,0,0.862,396.65,1232.2,5.05,1,49.7,587.26,800.87,182479,Cancelled,3
101535,AL07,Malaysia,full-service,5.0,Economy,Aisle,7.13,Travel Agent,No,Card,40.0,13,2024-07-16,7,0,0,0.762,607.08,2096.9,2.97,0,12.8,984.3,1077.29,254437,On-Time,2
101408,AL03,Malaysia,premium,3.0,Economy,Aisle,4.4,Website,No,Card,29.0,27,2025-02-25,2,0,0,0.673,608.21,1751.7,6.53,0,46.8,833.01,856.26,198132,On-Time,4
102613,AL06,Australia,premium,5.0,Economy,Aisle,3.53,Mobile App,Yes,Online,18.0,34,2024-10-17,10,0,1,0.926,670.34,2378.8,8.55,0,58.9,1092.81,1141.53,141650,Delayed,3
100348,AL01,Vietnam,full-service,4.0,Premium Economy,Aisle,1.11,Website,No,Online,41.0,13,2025-04-20,4,1,0,0.82,542.28,1592.7,6.91,0,61.6,964.93,1136.76,192059,Delayed,2
100885,AL11,vietnam,budget,3.0,First,Middle,6.38,Travel Agent,No, Card ,43.0,24,2024-09-01,9,1,0,0.613,395.34,1187.3,9.28,0,77.6,975.69,1114.83,161033,Delayed,3
100769,AL15,Japan,budget,3.0,Economy,Window,9.39,Mobile App,Yes,Card,18.0,51,2024-10-01,10,0,0,0.6,642.33,1886.5,8.13,0,67.5,802.66,922.41,206216,Delayed,3
103753,AL06, SINGAPORE ,premium,2.0,business,Window,2.73,Website,No,Card,52.0,55,2025-01-06,1,0,0,0.795,653.74,1959.3,8.86,0,58.6,1138.69,1210.75,122119,Delayed,3
100782,AL12,thailand,premium,4.0,Economy,Aisle,4.22,travel agent, Yes , Card ,46.0,4,2025-05-18,5,1,0,0.739,345.04,1065.3,8.0,0,24.0,647.96,871.96,185902,On-Time,2
103953,AL09,Malaysia,budget,4.0,business,Window,3.26,Walk-in,No,Card,33.0,1,2024-01-12,1,0,0,0.883,562.35,1730.2,7.35,0,74.5,1026.55,1188.69,201143,Cancelled,3
103717,AL05,malaysia,budget,3.0,Business,Aisle,0.89,Mobile App,No,Cash,42.0,13,2024-11-14,11,0,0,0.78,1323.24,4556.0,7.31,0,47.6,1847.14,1983.73,474539,On-Time,3
100629,AL13, Malaysia ,full-service,4.0,Premium Economy,Aisle,5.32,Travel Agent,Yes,Card,49.0,23,2025-03-29,3,1,0,0.711,642.61,2033.6,7.86,0,40.2,1049.2,1269.4,126897,Delayed,3
103115,AL05,Thailand,budget,3.0,Economy,Aisle,5.9,Mobile App,No,Card,,27,2024-09-27,9,0,0,0.79,233.31,547.9,7.27,0,28.5,428.58,554.83,78464,Delayed,4
102548,AL07,vietnam,full-service,2.0,Economy,Middle,2.78,Website,No,Card,,16,2024-09-03,9,0,0,0.593,460.99,1471.5,4.89,0,61.1,776.22,949.77,180547,On-Time,2
102457,AL11,malaysia,budget,2.0,Economy,Aisle,3.28,Website,No,Card,,43,2024-07-24,7,0,1,0.566,343.01,1035.0,5.79,1,66.3,513.72,581.14,100585,On-Time,3
100408,AL10, Australia ,full-service,4.0,Economy,Aisle,0.75,Website,Yes,Card,47.0,22,2024-10-14,10,0,0,0.543,320.25,830.6,6.56,1,41.4,405.91,439.76,93179,On-Time,4
100164,AL07,Singapore,full-service,3.0,Business,Aisle,6.08,Website,No,Online,43.0,4,2025-03-23,3,1,0,0.443,175.77,551.9,10.0,1,43.2,506.31,612.58,114366,Cancelled,2
103941,AL18,Australia,budget,3.0,Business,Aisle,4.43,Mobile App,Yes,Online,34.0,9,2024-12-02,12,0,0,0.694,795.69,2763.0,8.24,0,55.3,1339.77,1542.82,156333,On-Time,5
102336,AL02,Indonesia,budget,3.0,Economy,Aisle,1.02,website,No,Online,29.0,6,2025-03-23,3,1,0,0.702,772.47,2213.5,8.25,0,5.6,910.95,1015.46,157497,On-Time,3
103589,AL14,Vietnam,full-service,3.0,Premium Economy,Window,1.97,Website, Yes ,Online,23.0,16,2024-06-29,6,1,0,0.551,545.92,1754.2,6.99,1,56.0,762.81,825.75,163588,On-Time,3
101969,AL03, INDONESIA ,premium,3.0,Business,Aisle,5.0,Mobile App,No,Online,37.0,6,2024-03-05,3,0,0,0.697,292.56,892.0,4.11,0,79.9,7212.769073349201,947.13,236545,Cancelled,2
101649,AL10,Singapore,full-service,3.0,Business,Middle,2.04,Travel Agent,No,Card,43.0,4,2024-10-13,10,1,0,0.84,620.51,1873.0,5.65,0,43.4,1072.78,1226.67,306848,On-Time,3
103169,AL13,Indonesia,full-service,5.0,Economy,Middle,11.45,Walk-in,No, Online ,48.0,13,2024-08-22,8,0,0,0.723,180.04,390.7,6.88,1,59.8,392.39,457.98,26610,On-Time,4
102426,AL09,Singapore,budget,4.0,Economy,Aisle,5.76,Website, No , Online ,24.0,69,2024-08-10,8,1,0,0.784,791.49,2729.2,,0,8.9,1067.95,1133.71,275211,On-Time,3
101087,AL05, THAILAND ,budget,2.0,Economy,Middle,3.27,Travel Agent, No ,Online,21.0,25,2024-06-25,6,0,0,0.822,745.85,2562.7,6.92,1,83.6,963.07,1089.92,236144,Delayed,2
100726,AL18,Malaysia,budget,3.0,First,Window,4.1,mobile app,Yes,Online,18.0,28,2024-01-10,1,0,0,0.957,517.0,1358.7,8.55,0,57.7,989.9,1080.52,265725,On-Time,4
103181,AL08,Malaysia,full-service,3.0,Economy,Window,4.03,Walk-in,No, Online ,50.0,4,2024-04-16,4,0,0,0.854,598.34,2184.0,9.05,0,36.1,1006.87,1163.16,245699,On-Time,3
102920,AL02, AUSTRALIA ,budget,2.0,Premium Economy,Middle,3.95,Website, No ,Online,26.0,13,2025-01-29,1,0,0,0.77,252.65,845.8,8.41,1,57.5,614.52,660.27,140184,Delayed,2
103009,AL16,Malaysia,budget,3.0,Economy,Aisle,1.34,Mobile App,No,Online,49.0,61,2024-10-12,10,1,0,0.727,834.69,2865.6,6.73,0,25.5,1116.89,1213.7,101758,On-Time,2
101754,AL11,Malaysia,budget,3.0,Economy,Aisle,2.81,travel agent, No ,Cash,45.0,10,2024-07-02,7,0,0,0.655,366.45,1142.8,6.21,0,62.4,670.65,790.54,152167,On-Time,4
100294,AL10, THAILAND ,full-service,4.0,Economy,Middle,5.36,Mobile App,Yes,Online,41.0,32,2024-04-17,4,0,0,0.823,424.96,1548.1,6.74,0,38.6,742.07,882.48,210256,On-Time,2
100965,AL14,Vietnam,full-service,3.0,Economy,Aisle,4.26,Mobile App,Yes,Online,48.0,68,2024-05-30,5,0,1,0.832,332.01,1191.6,6.01,0,48.0,650.52,691.87,106502,On-Time,4
101822,AL10,Malaysia,full-service,3.0,Economy,Window,3.55,Walk-in,Yes,Online,,8,2024-07-08,7,0,0,0.691,271.33,1209.9,7.26,0,69.8,700.02,811.27,112650,On-Time,3
103938,AL02,Malaysia,budget,4.0,Business,Aisle,5.62,mobile app,No,Cash,58.0,21,2025-06-27,6,0,0,0.803,344.78,1245.7,8.06,0,41.0,829.73,1049.37,106851,Delayed,3
102924,AL17,Singapore,full-service,3.0,Economy,Aisle,3.19,Travel Agent,No, Cash ,26.0,57,2024-12-01,12,1,0,0.715,40.0,489.0,7.2,0,56.6,393.79,575.46,146085,On-Time,2
102363,AL14,Indonesia,full-service,2.0,Economy,Middle,2.82,Website,No,Card,25.0,15,2024-09-04,9,0,0,0.611,573.01,1790.7,7.65,0,33.8,841.46,874.15,184052,Delayed,2
100528,AL17,Philippines,full-service,3.0,economy,Middle,13.27,Website,Yes,Card,28.0,101,2025-04-14,4,0,0,0.843,570.31,1869.1,7.87,0,83.1,868.96,966.72,215862,Delayed,3
101968,AL15,Indonesia,budget,3.0,Economy,Aisle,4.71,Airport Counter,Yes,Card,33.0,29,2024-03-23,3,1,1,0.651,622.3,2381.4,8.24,0,79.8,1021.7,1068.43,146738,Cancelled,2
102237,AL09,Philippines,budget,3.0,Economy,Window,2.16,Airport Counter,No, Card ,-5.0,11,2025-06-25,6,0,0,0.744,457.83,1548.0,6.33,1,67.7,778.99,863.89,64083,Delayed,2
100027,AL18,Japan,budget,2.0,Premium Economy,Aisle,7.47,Airport Counter,No, Card ,57.0,38,2025-04-07,4,0,0,0.543,427.65,1207.8,8.38,0,75.2,775.24,823.5,92726,Delayed,3
103019,AL09,Malaysia,budget,5.0,Economy,Aisle,8.15,Mobile App,No,Card,24.0,20,2024-10-28,10,0,1,0.65,508.43,1446.5,7.11,0,60.6,681.57,765.68,131241,Delayed,3
101673,AL04,Singapore,full-service,3.0,business,Middle,3.3,mobile app,No,Cash,32.0,40,2024-11-27,11,0,0,0.783,817.91,2759.2,6.23,0,49.8,1368.86,1563.6,193166,On-Time,2
100274,AL12, Singapore ,premium,2.0,Economy,Aisle,2.88,Mobile App, No , Card ,29.0,27,2024-05-15,5,0,0,0.646,,269.5,7.19,0,38.4,347.17,390.81,75063,On-Time,3
101072,AL17, Malaysia ,full-service,3.0,Economy,Middle,3.49,Website, Yes ,Card,27.0,3,2025-03-06,3,0,0,0.793,330.33,896.2,8.05,1,78.9,515.62,599.68,152200,Delayed,2
101074,AL12,Indonesia,premium,3.0,Economy,Aisle,6.39,Travel Agent, Yes , Card ,32.0,44,2024-03-30,3,1,0,0.734,383.51,1056.1,7.67,1,36.0,603.9,777.75,174269,On-Time,5
102882,AL16,Malaysia,budget,3.0,Economy,Aisle,2.03,Travel Agent,No,Card,26.0,12,2025-01-17,1,0,0,0.909,,811.7,4.15,0,22.9,528.23,606.59,125594,On-Time,2
103038,AL11,Singapore,budget,3.0,First,Middle,3.05,travel agent,No,Online,43.0,1,2024-07-22,7,0,0,0.97,657.27,2195.9,6.95,0,25.5,1252.29,1428.41,130200,On-Time,3
102940,AL09, Indonesia ,budget,,Economy,Aisle,2.82,Website,Yes,Card,39.0,156,2025-06-24,6,0,1,0.487,545.11,1289.4,8.55,0,14.2,616.08,723.47,140583,Delayed,3
102302,AL01,Singapore,full-service,3.0,Business,Window,4.41,Mobile App,Yes,Card,32.0,81,2024-11-27,11,0,0,0.872,482.48,1370.1,7.17,0,60.1,939.73,1035.79,67093,Delayed,3
103426,AL16,Indonesia,budget,2.0,Premium Economy,Window,5.16,Website,Yes,Online,18.0,27,2024-03-10,3,1,0,0.824,621.71,1940.0,9.64,0,16.7,978.96,1067.62,97581,On-Time,4
103368,AL08, AUSTRALIA ,full-service,3.0,Business,Middle,3.83,Travel Agent,No,Card,21.0,49,2024-01-28,1,1,0,0.83,506.43,1234.1,9.48,1,47.6,647.43,754.21,87003,On-Time,4
100585,AL09,Vietnam,budget,4.0,Economy,Middle,6.0,website,No,Card,39.0,8,2025-02-21,2,0,0,0.756,719.5,2503.6,7.45,1,5.0,916.21,1032.58,186496,Cancelled,1
100837,AL03,Singapore,premium,3.0,Premium Economy,Aisle,4.36,Website,No,Card,27.0,90,2025-02-12,2,0,0,0.896,346.65,1309.6,7.37,0,67.5,858.02,927.4,64506,On-Time,2
100710,AL10,Vietnam,full-service,5.0,Economy,Window,2.96,Walk-in,Yes,Online,26.0,30,2024-01-19,1,0,0,0.945,461.08,655.2,8.37,0,43.1,510.03,612.03,142067,On-Time,3
103419,AL16, Indonesia ,budget,5.0,Economy,Window,1.4,Website,Yes,Card,37.0,13,2024-06-10,6,0,0,0.99,735.38,2251.1,6.33,0,25.8,967.12,1012.58,254995,On-Time,4
103771,AL03,Malaysia,premium,3.0,Economy,Aisle,6.56,Travel Agent, No ,Online,35.0,64,2024-06-30,6,1,1,0.857,232.33,577.3,6.81,1,54.0,460.35,498.53,94420,Cancelled,3
101250,AL17,Malaysia,full-service,4.0,Business,Aisle,6.55,Walk-in,No, Card ,28.0,96,2024-03-05,3,0,0,0.9,,2866.1,8.44,1,36.2,1291.91,1381.69,290005,On-Time,4
101437,AL04,Vietnam,full-service,5.0,business,Middle,1.28,Walk-in,Yes,Online,34.0,5,2025-03-03,3,0,0,0.671,714.45,2179.2,4.58,0,25.9,1115.32,1213.14,292994,On-Time,3
101553,AL01,indonesia,full-service,4.0,Economy,Aisle,3.76,Walk-in,Yes, Card ,46.0,26,2024-09-30,9,0,0,0.763,335.57,920.9,6.56,0,67.9,544.75,718.43,46571,On-Time,3
100816,AL18,Philippines,budget,3.0,Economy,Aisle,3.03,Travel Agent,Yes,Cash,22.0,59,2024-03-31,3,1,0,0.606,430.2,1095.3,9.06,0,63.5,639.36,680.9,166428,On-Time,4
101243,AL16,Singapore,budget,4.0,economy,Aisle,3.12,mobile app,No, Card ,29.0,37,2024-08-20,8,0,0,0.774,848.3,2450.1,6.97,1,58.3,840.29,971.07,205845,Delayed,3
102965,AL13, MALAYSIA ,full-service,3.0,Economy,Aisle,2.45,mobile app,No,Card,18.0,7,2024-02-06,2,0,0,0.972,270.47,505.1,6.54,0,50.9,501.47,566.36,58836,On-Time,3
100957,AL08,Australia,full-service,1.0,Premium Economy,Middle,5.37,Airport Counter,No,Online,33.0,40,2024-12-10,12,0,0,0.925,685.66,2499.2,9.21,1,85.8,1061.39,1270.75,91997,Delayed,4
100302,AL04,malaysia,full-service,4.0,Premium Economy,Aisle,7.27,mobile app, No ,Card,60.0,2,2024-07-05,7,0,0,0.651,482.68,1635.7,8.37,1,86.1,789.3,1022.55,244718,Delayed,3
102619,AL11,malaysia,budget,3.0,Economy,Window,4.02,Website,No, Card ,30.0,21,2024-02-06,2,0,0,0.696,814.66,2761.6,6.12,0,53.9,1154.78,1303.53,126942,On-Time,3
104006,AL14,Malaysia,full-service,4.0,economy,Window,3.15,Website,No,Card,42.0,16,2024-10-04,10,0,0,0.746,252.61,799.4,9.04,1,57.3,507.95,568.31,58226,On-Time,5
102678,AL10,Malaysia,full-service,4.0,Business,Middle,2.11,Walk-in,No,Online,18.0,5,2024-04-24,4,0,0,0.914,222.57,467.2,6.5,0,60.0,635.38,710.68,89972,On-Time,3
102485,AL01,Philippines,full-service,4.0,Economy,Window,3.37,Travel Agent,No,Cash,49.0,0,2025-02-04,2,0,0,0.812,357.05,858.0,7.19,1,57.1,568.9,699.86,127813,On-Time,3
100700,AL14,Thailand,full-service,4.0,Economy,Window,5.73,Mobile App,No,Online,32.0,42,2025-01-10,1,0,0,0.676,754.93,2667.5,7.05,0,65.1,1118.03,1193.75,93276,Delayed,3
101063,AL08,Singapore,full-service,3.0,Economy,Middle,2.42,Website, No ,Card,43.0,14,2025-04-19,4,1,0,0.811,662.05,2030.8,8.89,0,68.1,928.36,985.35,153215,Cancelled,2
100872,AL07, Vietnam ,full-service,3.0,Economy,Aisle,2.55,Travel Agent,No, Online ,44.0,32,2024-01-24,1,0,0,0.626,566.17,1848.2,7.23,0,16.1,850.42,919.62,57129,On-Time,3
103986,AL10,thailand,full-service,5.0,Business,Aisle,3.56,Travel Agent,No, Card ,51.0,9,2024-08-07,8,0,0,0.872,317.09,1527.6,7.18,0,41.7,1045.7,1184.31,224884,Delayed,2
103467,AL04,Japan,full-service,,Premium Economy,Window,0.97,Website, No ,Online,56.0,6,2024-04-05,4,0,1,0.685,947.07,2930.5,7.72,0,71.3,1284.48,1352.4,128376,On-Time,3
103558,AL05, MALAYSIA ,budget,3.0,Business,Window,1.04,Travel Agent,Yes,Card,,5,2024-10-28,10,0,0,0.851,435.9,1235.5,6.48,1,46.2,762.98,899.4,192508,Cancelled,1
100923,AL08, JAPAN ,full-service,3.0,Economy,Window,3.84,Website,No,Card,48.0,21,2024-08-08,8,0,0,0.83,519.21,1493.1,8.3,1,31.9,689.0,808.18,97843,Delayed,3
100059,AL06,Vietnam,premium,4.0,Business,Aisle,8.8,Mobile App,Yes,Online,31.0,26,2024-09-03,9,0,0,0.723,738.56,2109.9,8.18,0,45.0,1107.38,1341.37,152156,On-Time,4
103659,AL12, INDONESIA ,premium,3.0,Business,Middle,3.02,Mobile App,No,Card,22.0,5,2024-08-23,8,0,1,0.859,231.73,734.5,8.14,0,26.2,770.99,821.08,144315,On-Time,4
104123,AL01,malaysia,full-service,3.0,Economy,Middle,7.66,Travel Agent,No,Online,47.0,23,2025-02-26,2,0,0,0.811,494.87,1551.2,6.91,0,52.6,800.22,853.54,176570,On-Time,3
101975,AL08, MALAYSIA ,full-service,4.0,Economy,Window,1.18,Mobile App,No, Card ,51.0,35,2024-11-19,11,0,0,0.711,397.25,798.9,8.68,0,11.4,464.26,596.93,46775,Delayed,3
100023,AL13,Thailand,full-service,3.0,Business,Aisle,5.84,Walk-in, Yes ,Card,42.0,2,2024-11-25,11,0,0,0.955,461.08,1425.1,10.0,0,26.8,925.96,1056.73,235380,On-Time,5
103014,AL16,Malaysia,budget,4.0,Economy,Middle,4.73,Travel Agent,Yes,Card,38.0,31,2024-08-29,8,0,0,0.935,812.03,2169.0,7.64,0,45.7,988.29,1050.13,165784,On-Time,3
103719,AL06, THAILAND ,premium,4.0,Premium Economy,Aisle,3.85,mobile app,Yes,Online,48.0,55,2024-12-04,12,0,0,0.862,224.01,322.1,7.8,0,58.6,478.85,537.37,72004,On-Time,4
100683,AL11, THAILAND ,budget,3.0,Business,Window,3.38,Mobile App,No,Online,18.0,3,2025-03-05,3,0,0,0.639,623.09,1661.6,6.22,0,58.8,1064.44,1148.33,289931,Cancelled,2
102394,AL03,Australia,premium,3.0,Premium Economy,Aisle,4.48,Travel Agent,Yes,Online,65.0,30,2024-04-10,4,0,0,0.736,860.54,3019.1,8.66,1,38.1,1107.25,1207.35,97739,Delayed,3
103400,AL06,Malaysia,premium,5.0,Business,Middle,2.51,Website, No ,Online,20.0,7,2024-05-20,5,0,0,0.744,457.81,1461.5,7.62,0,61.4,936.83,1110.01,187693,On-Time,4
102140,AL02,Japan,budget,2.0,Premium Economy,Middle,1.82,Website, Yes ,Online,40.0,41,2024-09-07,9,1,0,0.883,564.69,1818.2,8.39,0,72.4,899.05,993.71,219238,On-Time,4
102056,AL15, VIETNAM ,budget,4.0,Premium Economy,Window,4.68,Airport Counter,Yes, Card ,19.0,25,2025-02-06,2,0,0,0.82,720.29,2074.9,6.71,1,36.5,858.02,955.69,197139,On-Time,4
102702,AL09,Philippines,budget,3.0,Economy,Window,2.69,Walk-in,No,Card,38.0,19,2025-01-10,1,0,0,0.627,151.13,524.4,8.92,0,29.0,329.09,432.65,40043,On-Time,4
100228,AL18,Australia,budget,3.0,Economy,Window,2.88,Mobile App,,Card,37.0,35,2024-02-16,2,0,0,0.703,494.65,1587.7,8.54,1,39.7,662.96,819.37,172164,Delayed,3
100489,AL06,singapore,premium,4.0,Business,Aisle,2.71,Website,No,Cash,47.0,13,2024-01-27,1,1,0,0.951,320.27,543.2,6.55,0,75.4,787.79,866.3,182093,Delayed,3
103895,AL02, Indonesia ,budget,5.0,Economy,Window,6.35,Website,Yes,Card,39.0,16,2024-07-11,7,0,0,0.823,686.28,1928.4,5.11,0,58.3,847.6,978.82,131302,Delayed,2
100829,AL13,Vietnam,full-service,4.0,Premium Economy,Aisle,7.13,Travel Agent,No,Card,19.0,0,2024-04-01,4,0,1,0.8,208.48,609.4,5.15,0,17.8,547.88,614.37,45095,On-Time,2
103380,AL12, Malaysia ,premium,3.0,Economy,Window,9.42,Website,Yes,Online,44.0,11,2025-02-20,2,0,0,0.894,479.22,1357.2,7.51,0,49.5,712.93,807.98,203193,Cancelled,2
100385,AL13,Vietnam,full-service,4.0,Economy,Middle,4.21,airport counter,No, Online ,31.0,2,2024-03-29,3,0,0,0.646,722.36,2441.9,7.95,1,42.5,989.52,1073.9,188225,On-Time,5
102497,AL04, SINGAPORE ,full-service,5.0,Economy,Window,5.07,Mobile App,Yes,Card,39.0,6,2024-10-02,10,0,0,0.712,686.11,1999.5,4.66,1,81.8,772.53,866.9,136722,Delayed,2
102283,AL14, Vietnam ,full-service,4.0,Economy,Middle,4.15,travel agent,Yes,Card,42.0,108,2024-11-09,11,1,0,0.595,407.1,1266.8,8.6,1,80.7,598.78,709.64,130882,Delayed,4
100015,AL04, Japan ,full-service,4.0,Economy,Aisle,5.3,Mobile App,No,Card,37.0,21,2024-07-26,7,0,0,0.709,676.67,1697.2,7.77,0,69.5,835.36,970.98,61125,Delayed,2
102933,AL12,Thailand,premium,2.0,Economy,Window,4.78,Mobile App,Yes,Card,44.0,36,2024-02-24,2,1,0,0.919,365.48,1122.8,8.39,0,70.5,702.11,839.1,101292,On-Time,4
104199,AL01,Philippines,full-service,4.0,Premium Economy,Middle,1.88,Website,No,Card,33.0,43,2025-03-24,3,0,0,0.409,709.48,2074.1,6.12,0,69.9,1041.62,1196.64,253079,On-Time,4
101388,AL05, Thailand ,budget,5.0,Economy,Window,1.42,airport counter,Yes,Online,43.0,17,2024-06-13,6,0,0,0.811,196.66,859.9,9.99,0,68.0,569.99,809.7,88859,On-Time,4
103691,AL10,Vietnam,full-service,2.0,Economy,Window,4.43,Website,Yes,Card,57.0,4,2025-02-23,2,1,0,0.609,564.13,2048.7,8.88,1,37.6,817.07,906.28,209361,On-Time,4
101588,AL10,Singapore,full-service,4.0,Economy,Middle,8.62,Travel Agent,Yes,Online,24.0,29,2024-02-10,2,1,1,0.961,742.13,2192.6,6.68,1,65.5,846.92,931.77,139019,Delayed,3
104144,AL12,Malaysia,premium,3.0,Economy,Window,5.76,Travel Agent,Yes,Cash,33.0,59,2025-03-03,3,0,0,0.654,301.73,824.1,5.83,1,50.5,425.69,717.61,53530,On-Time,2
101751,AL02,Thailand,budget,3.0,First,Middle,4.34,Website,Yes,Online,18.0,15,2025-04-20,4,1,0,0.878,510.58,1615.8,7.28,0,40.1,1090.25,1191.41,150004,On-Time,4
101150,AL03,Japan,premium,4.0,Premium Economy,Aisle,6.77,Website,No,Online,57.0,15,2024-06-08,6,1,0,0.722,497.95,1490.7,8.95,1,94.4,703.38,901.1,221596,Delayed,3
101304,AL10,Philippines,full-service,3.0,Economy,Middle,5.01,Website,Yes,Online,49.0,25,2024-10-05,10,1,0,0.773,671.04,2410.8,7.2,1,65.9,866.6,931.29,96514,On-Time,3
101231,AL07,thailand,full-service,5.0,Economy,Aisle,3.01,Walk-in,No,Card,37.0,36,2025-01-13,1,0,0,0.803,369.32,1144.8,5.92,1,82.7,594.5,674.41,146702,On-Time,2
102744,AL06, Singapore ,premium,3.0,Economy,Middle,6.87,Website, No , Online ,47.0,9,2024-07-15,7,0,0,0.74,578.27,1646.2,7.36,0,49.8,776.76,873.3,213179,On-Time,2
101792,AL12,Thailand,premium,3.0,Economy,Window,10.0,Mobile App,No,Online,36.0,7,2025-02-12,2,0,0,0.809,555.61,1676.6,7.88,0,72.8,918.78,947.88,246966,Cancelled,3
101269,AL13,Japan,full-service,4.0,First,Aisle,7.74,Travel Agent,No,Online,33.0,26,2024-06-03,6,0,0,0.834,210.01,758.4,8.75,0,45.0,780.88,859.18,127682,Delayed,3
103652,AL18,Vietnam,budget,3.0,Premium Economy,Middle,0.92,Website,Yes,Card,20.0,32,2024-03-09,3,1,0,0.89,436.46,977.6,5.07,0,39.6,728.2,799.88,190979,Delayed,2
100497,AL06,Thailand,premium,5.0,Economy,Window,2.28,Mobile App,No,Card,34.0,6,2024-07-13,7,1,0,0.99,222.64,566.1,6.58,1,36.9,455.14,523.28,98628,On-Time,3
100352,AL17,Thailand,full-service,3.0,Economy,Middle,10.12,Mobile App,No, Cash ,48.0,0,2025-01-01,1,0,0,0.84,732.55,2108.0,9.19,0,47.2,1026.22,1065.58,175139,On-Time,2
101838,AL08,Japan,full-service,3.0,Business,Middle,7.96,Mobile App, No ,Card,34.0,25,2024-03-13,3,0,0,0.603,207.91,879.0,6.96,1,51.1,708.64,878.41,168000,On-Time,3
102958,AL14,thailand,full-service,4.0,Business,Middle,3.27,Website,No,Online,33.0,29,2025-02-23,2,1,0,0.805,208.59,642.9,7.92,0,42.0,648.82,719.59,151610,On-Time,4
102490,AL09,Malaysia,budget,4.0,Business,Middle,9.4,Website, Yes ,Online,44.0,1,2024-09-07,9,1,0,0.691,291.61,842.9,8.3,0,42.0,725.73,943.8,82700,Delayed,4
100001,AL15,Singapore,budget,5.0,Economy,Window,1.52,Website,Yes,Online,30.0,75,2025-02-04,2,0,0,0.853,450.83,1660.4,6.99,0,57.0,840.07,955.36,180810,Delayed,2
100285,AL02,Australia,budget,3.0,Economy,Middle,7.39,Mobile App, Yes ,Online,30.0,20,2024-01-29,1,0,0,0.802,1745.77,6000.1,6.75,0,47.3,2185.74,2308.32,310452,On-Time,4
101646,AL01,Malaysia,full-service,3.0,Economy,Aisle,1.02,Airport Counter,Yes,Card,22.0,14,2024-04-10,4,0,0,0.699,259.65,870.5,7.74,1,24.1,536.93,676.1,94392,On-Time,4
100783,AL18, JAPAN ,budget,2.0,Economy,Middle,7.22,Mobile App,,Cash,37.0,4,2024-10-27,10,1,0,0.648,398.17,1197.1,6.44,1,54.0,567.9,787.93,108659,Cancelled,2
103002,AL06,Indonesia,premium,1.0,Premium Economy,Aisle,0.97,Airport Counter,Yes,Card,18.0,6,2024-08-24,8,1,0,0.809,446.2,1173.3,7.52,1,8.3,671.96,898.2,77157,On-Time,3
104042,AL05,Philippines,budget,5.0,Business,Window,3.43,Website,Yes,Online,29.0,64,2024-06-25,6,0,0,0.99,283.77,1115.1,7.54,0,73.4,849.1,992.13,82145,On-Time,3
102396,AL03,Malaysia,premium,5.0,Economy,Middle,1.94,Airport Counter,No,Card,43.0,30,2024-10-14,10,0,0,0.78,697.42,2428.5,8.33,0,46.2,1032.27,1111.35,68687,On-Time,3
100068,AL15,Vietnam,budget,2.0,Economy,Middle,3.64,website,No,Online,19.0,69,2024-07-25,7,0,0,0.846,290.39,941.6,7.29,1,39.4,462.18,605.26,143187,On-Time,4
100403,AL08,Indonesia,full-service,,Economy,Middle,7.14,travel agent,,Cash,18.0,15,2024-01-14,1,1,0,0.761,515.28,1373.9,7.8,0,41.8,743.07,904.84,130716,On-Time,4
102802,AL04,Thailand,full-service,3.0,Economy,Middle,6.17,Website, Yes , Cash ,47.0,33,2025-06-07,6,1,0,0.495,677.86,2042.0,7.07,0,56.4,933.42,1079.83,267110,On-Time,3
100797,AL03, MALAYSIA ,premium,3.0,Business,Window,3.82,mobile app, Yes ,Card,40.0,12,2024-01-15,1,0,0,0.795,536.37,1163.3,10.0,1,28.1,742.95,877.02,138234,On-Time,3
100893,AL11,australia,budget,3.0,Premium Economy,Window,4.28,Website, Yes ,Card,25.0,1,2025-05-16,5,0,0,0.59,382.14,1036.5,9.11,1,51.2,636.4,716.32,61957,On-Time,3
103667,AL17, Philippines ,full-service,2.0,Business,Aisle,7.02,Website,No,Online,36.0,72,2024-10-18,10,0,0,0.822,343.8,1061.4,10.0,0,56.7,794.98,877.15,101412,On-Time,4
102023,AL08,Indonesia,full-service,3.0,Economy,Aisle,0.75,Website,Yes,Online,38.0,13,2025-02-06,2,0,0,0.656,429.62,1165.4,6.3,1,57.3,546.97,609.28,44282,On-Time,4
100177,AL09,Malaysia,budget,4.0,Economy,Aisle,4.61,mobile app,No,Online,53.0,8,2024-06-21,6,0,0,0.803,470.55,1409.9,6.3,0,81.1,797.19,867.78,175053,On-Time,3
100953,AL15,Japan,budget,,Business,Window,3.38,Airport Counter,Yes,Card,39.0,3,2024-01-18,1,0,1,0.807,921.76,2761.5,7.07,0,82.6,1363.28,1670.11,295272,Cancelled,2
102139,AL14,Thailand,full-service,2.0,Business,Middle,2.78,Mobile App, No ,Card,40.0,44,2024-02-14,2,0,0,0.788,347.17,1074.0,6.55,0,36.7,795.94,990.31,223998,On-Time,3
101200,AL01,malaysia,full-service,3.0,Economy,Window,3.1,Website, No ,Online,41.0,11,2025-04-28,4,0,0,0.7,301.34,948.6,6.66,0,35.7,548.51,598.35,124445,On-Time,3
103397,AL07,Japan,full-service,3.0,Economy,Aisle,2.78,website,Yes,Cash,18.0,22,2024-06-20,6,0,0,0.779,342.21,1075.9,8.48,0,47.1,652.21,853.15,120223,On-Time,4
102300,AL09,malaysia,budget,4.0,Economy,Middle,4.08,Mobile App,Yes,Card,37.0,6,2024-10-01,10,0,0,0.576,467.48,1008.6,7.71,0,77.6,582.06,677.08,156441,Delayed,3
101756,AL07,Japan,full-service,4.0,First,Middle,8.62,Mobile App,No,Online,,12,2024-02-01,2,0,1,0.78,303.74,886.9,8.62,1,71.1,772.61,921.18,184068,Delayed,4
102606,AL04,Malaysia,full-service,5.0,Economy,Window,1.43,Walk-in,No,Card,20.0,3,2024-10-23,10,0,0,0.649,259.07,713.4,5.34,0,50.1,585.43,696.96,133075,On-Time,2
101577,AL13,Thailand,full-service,3.0,Premium Economy,Aisle,4.65,Travel Agent,No,Online,36.0,67,2024-12-17,12,0,0,0.708,177.11,222.6,8.52,1,73.1,387.39,497.77,39046,Delayed,3
102719,AL16,Malaysia,budget,4.0,Economy,Window,1.57,Walk-in,Yes,Online,42.0,67,2025-02-28,2,0,0,0.722,,689.6,7.99,1,26.5,424.16,501.24,76419,On-Time,4
102241,AL01,vietnam,full-service,3.0,business,Window,3.83,Mobile App,,Online,23.0,53,2025-04-26,4,1,0,0.801,540.04,1597.8,7.51,0,85.4,1011.71,1106.09,254084,On-Time,3
103803,AL18, Malaysia ,budget,2.0,Economy,Middle,2.53,Website,No,Online,36.0,45,2024-05-31,5,0,0,0.687,307.08,599.3,6.78,0,98.2,546.35,668.66,128653,Delayed,4
102774,AL10,thailand,full-service,4.0,Economy,Middle,3.97,Website,No,Online,55.0,37,2025-01-23,1,0,0,0.811,138.09,706.1,7.76,1,74.9,408.67,495.75,62368,On-Time,3
101507,AL11, INDONESIA ,budget,4.0,Economy,Window,4.94,Website,No,Online,35.0,44,2024-03-24,3,1,1,0.738,198.41,488.2,7.38,0,100.0,472.58,595.48,113779,Cancelled,3
101497,AL04,philippines,full-service,3.0,Economy,Window,4.34,Website,Yes,Card,18.0,26,2024-08-05,8,0,0,0.884,244.51,425.8,8.81,0,37.3,430.01,481.66,87863,Delayed,2
104060,AL10,Singapore,full-service,3.0,Economy,Middle,2.81,Website,Yes, Card ,45.0,9,2024-10-07,10,0,0,0.648,430.93,1526.7,6.97,1,30.2,637.91,846.62,113773,On-Time,2
102493,AL11, SINGAPORE ,budget,4.0,First,Aisle,1.3,Walk-in,Yes,Cash,26.0,18,2025-01-03,1,0,0,0.827,497.77,1642.1,5.95,1,58.9,945.94,1051.4,87350,Delayed,3
103274,AL10, Japan ,full-service,3.0,Business,Window,2.65,Travel Agent,Yes,Online,42.0,9,2024-02-16,2,0,0,0.866,423.51,1075.0,7.89,1,100.0,737.25,814.92,127885,Delayed,4
100538,AL01,Thailand,full-service,5.0,Economy,Middle,1.75,Mobile App,Yes,Card,44.0,3,2024-12-30,12,0,0,0.655,350.0,1200.3,8.89,0,31.4,690.75,772.91,67216,On-Time,4
101330,AL06,Singapore,premium,2.0,Economy,Aisle,2.49,Website,No,Card,24.0,16,2024-04-22,4,0,0,0.764,511.31,1747.8,6.72,0,76.2,856.94,1101.22,170795,On-Time,3
103903,AL10,Australia,full-service,4.0,Premium Economy,Window,1.93,Mobile App, Yes ,Online,25.0,60,2024-03-21,3,0,0,0.739,417.96,837.8,6.91,0,8.9,591.55,704.59,84136,On-Time,3
102499,AL18,Indonesia,budget,3.0,Premium Economy,Window,2.71,Website,Yes,Online,24.0,14,2025-05-03,5,1,0,0.631,350.53,1042.4,9.38,0,70.1,711.05,844.99,200873,Delayed,3
101612,AL18,Japan,budget,3.0,Economy,Window,0.75,Airport Counter,No, Cash ,31.0,37,2024-01-16,1,0,1,0.753,216.65,549.6,6.52,1,39.2,316.67,341.37,32159,On-Time,3
101488,AL11, Malaysia ,budget,3.0,Premium Economy,Middle,0.9,Airport Counter,Yes, Online ,24.0,22,2024-03-05,3,0,0,0.824,680.86,1847.3,7.91,0,67.7,989.55,1136.17,137921,Delayed,1
102018,AL13,Thailand,full-service,3.0,Business,Middle,7.19,Mobile App, Yes ,Online,32.0,43,2024-09-08,9,1,0,0.791,219.43,459.4,9.41,0,46.9,616.57,939.32,219007,On-Time,3
101744,AL01,Philippines,full-service,2.0,Economy,Window,1.78,Travel Agent, No ,Online,18.0,132,2024-10-03,10,0,0,0.711,680.96,2117.2,9.02,0,70.9,891.21,1067.46,267886,On-Time,4
104103,AL10, MALAYSIA ,full-service,5.0,Economy,Aisle,2.72,Travel Agent, No ,Card,18.0,21,2024-11-22,11,0,0,0.603,668.89,2289.1,6.35,0,68.6,986.89,1139.55,281684,On-Time,3
102943,AL09,Malaysia,budget,3.0,Economy,Window,5.72,Website,No,Card,66.0,58,2024-06-13,6,0,1,0.872,687.44,1888.8,9.62,0,63.4,883.46,973.06,179488,Delayed,4
103658,AL08, PHILIPPINES ,full-service,4.0,premium economy,Window,3.89,Mobile App,Yes, Cash ,22.0,16,2024-08-19,8,0,0,,350.29,1191.3,7.84,1,46.9,662.02,781.32,127644,On-Time,3
104043,AL14, Indonesia ,full-service,2.0,Economy,Aisle,2.66,website,No,Card,40.0,22,2024-10-01,10,0,0,0.744,789.61,2644.4,5.64,1,55.8,911.15,1110.98,142558,On-Time,3
103176,AL07, Vietnam ,full-service,3.0,Economy,Window,4.51,travel agent, Yes ,Online,45.0,19,2024-02-27,2,0,0,0.825,492.72,1569.1,,1,51.7,694.07,802.96,54447,On-Time,3
103681,AL05,thailand,budget,3.0,Economy,Window,5.62,Travel Agent,No,Cash,55.0,10,2025-05-21,5,0,0,0.767,390.98,1321.4,7.84,0,16.0,712.77,741.55,131906,On-Time,4
100948,AL11, Thailand ,budget,2.0,Economy,Window,6.64,Mobile App,Yes, Online ,29.0,25,2024-03-01,3,0,0,0.583,422.31,1225.7,6.89,1,61.7,567.05,630.82,165476,On-Time,4
100510,AL08,Singapore,full-service,1.0,Economy,Aisle,8.03,Travel Agent,Yes,Cash,44.0,27,2024-01-21,1,1,1,0.739,359.17,937.2,6.72,0,32.1,521.36,636.41,83801,Cancelled,1
101393,AL15,philippines,budget,4.0,Premium Economy,Aisle,1.58,Mobile App,No,Online,48.0,66,2024-06-24,6,0,1,0.569,432.15,1302.3,7.22,0,39.7,702.18,763.64,144539,Delayed,2
101508,AL05,Australia,budget,4.0,Premium Economy,Aisle,4.64,mobile app,,Card,49.0,6,2024-08-05,8,0,0,0.661,481.46,1415.6,9.18,0,64.3,824.32,909.08,232060,Delayed,4
102931,AL05,Japan,budget,5.0,business,Aisle,6.87,Travel Agent,No,Card,32.0,28,2025-02-14,2,0,0,0.579,363.03,889.4,6.74,0,25.3,648.58,766.69,95656,On-Time,4
103407,AL04,australia,full-service,2.0,Premium Economy,Window,3.57,Travel Agent,Yes,Online,51.0,14,2024-08-23,8,0,0,0.836,122.9,304.4,8.74,0,50.9,469.43,686.87,53980,Delayed,3
101331,AL09,Vietnam,budget,3.0,Premium Economy,Window,2.41,Mobile App,Yes,Online,22.0,23,2024-06-08,6,1,0,0.687,74.39,376.5,8.19,0,100.0,484.72,649.9,111192,Delayed,3
101309,AL18,Australia,budget,4.0,Business,Aisle,3.09,Website,No,Card,18.0,12,2024-08-31,8,1,0,0.623,470.31,1460.8,6.84,1,25.0,771.68,977.25,76843,Delayed,3
103647,AL11,Thailand,budget,4.0,Economy,Window,2.54,Website, No , Card ,35.0,6,2024-10-28,10,0,0,0.813,499.24,1995.8,6.37,0,61.8,947.54,1015.03,195519,Delayed,2
103313,AL15,Thailand,budget,3.0,first,Window,3.62,Travel Agent,No,Cash,43.0,17,2024-05-02,5,0,0,0.681,444.09,1561.9,6.4,0,55.6,1025.09,1169.85,172714,Delayed,2
102928,AL14,singapore,full-service,3.0,economy,Aisle,9.78,Mobile App,No,Card,42.0,3,2025-01-04,1,1,1,0.959,457.57,1295.8,6.42,0,29.2,735.04,762.81,147955,Delayed,2
102957,AL16,Singapore,budget,4.0,Economy,Window,0.75,Mobile App,,Card,52.0,11,2025-04-14,4,0,0,0.782,336.41,972.3,6.46,0,48.1,594.23,689.9,165757,On-Time,2
103097,AL02, Thailand ,budget,4.0,economy,Middle,2.17,Mobile App,No, Card ,43.0,11,2024-05-03,5,0,1,0.884,675.52,2358.6,,0,62.5,1099.42,1209.11,259913,On-Time,3
102812,AL06, VIETNAM ,premium,4.0,Economy,Window,1.69,Airport Counter, Yes , Cash ,42.0,54,2024-06-22,6,1,0,0.7,528.48,1669.5,5.85,1,49.4,705.42,748.57,174853,On-Time,3
102539,AL06,Malaysia,premium,4.0,Business,Aisle,2.25,Mobile App,Yes,Card,31.0,16,2025-05-16,5,0,0,0.627,433.41,1236.2,6.44,0,61.3,921.26,1125.02,119538,Delayed,3
102669,AL06,Vietnam,premium,3.0,first,Middle,2.13,Website, Yes , Card ,48.0,17,2024-07-10,7,0,0,0.572,182.03,498.9,8.87,1,65.0,604.62,681.99,125020,On-Time,4
102880,AL12,Singapore,premium,4.0,Economy,Middle,5.72,Website,No,Online,35.0,71,2024-05-25,5,1,0,0.972,270.68,804.3,5.63,0,56.3,563.33,584.56,120262,On-Time,3
103172,AL08,Singapore,full-service,4.0,Economy,Middle,3.47,Airport Counter,No, Card ,29.0,19,2024-04-06,4,1,0,0.749,529.64,1419.0,9.63,1,46.2,616.41,684.56,150454,On-Time,5
104087,AL05, PHILIPPINES ,budget,4.0,Economy,Aisle,1.46,Website,No,Card,49.0,16,2024-09-19,9,0,0,0.967,200.24,704.9,9.54,0,41.5,507.68,840.15,84768,Delayed,2
100663,AL02,Malaysia,budget,4.0,first,Aisle,4.45,Walk-in,Yes,Card,25.0,21,2024-08-06,8,0,0,0.74,652.34,1768.3,6.15,0,53.9,1122.98,1387.96,220655,On-Time,4
102822,AL14,australia,full-service,2.0,Economy,Window,6.36,travel agent, No ,Card,53.0,62,2024-01-27,1,1,0,0.905,359.95,1197.9,8.46,0,44.5,674.65,750.16,138896,On-Time,3
100573,AL16,Thailand,budget,4.0,economy,Middle,3.03,Travel Agent,Yes,Online,52.0,5,2025-05-21,5,0,0,0.819,1036.57,3570.3,7.64,0,18.2,1362.36,1434.42,287263,Delayed,2
103511,AL16,Singapore,budget,3.0,Economy,Aisle,4.76,Walk-in,Yes,Online,37.0,34,2025-01-28,1,0,0,0.99,310.64,795.8,8.59,1,52.0,518.68,628.07,70079,On-Time,4
103061,AL06, INDONESIA ,premium,2.0,Economy,Window,3.76,Walk-in,No,Online,51.0,0,2024-03-24,3,1,0,0.819,,2503.3,7.85,0,72.6,1193.06,1418.33,83004,On-Time,3
103977,AL09,Singapore,budget,3.0,Premium Economy,Aisle,4.36,airport counter,Yes,Cash,32.0,16,2024-07-31,7,0,0,0.758,491.49,1519.3,7.22,0,53.4,877.81,992.95,120247,On-Time,4
103824,AL10,Malaysia,full-service,2.0,Economy,Middle,2.57,Mobile App,No,Online,59.0,38,2024-05-26,5,1,0,0.73,452.95,1447.7,8.2,1,87.7,620.75,729.54,101658,Delayed,2
103049,AL07, Vietnam ,full-service,3.0,Premium Economy,Window,0.75,Travel Agent,Yes,Card,43.0,4,2024-03-29,3,0,0,0.777,914.01,2734.0,7.69,1,73.1,1206.63,1383.9,336998,On-Time,4
103929,AL16,Malaysia,budget,2.0,economy,Window,2.52,Website,Yes,Card,41.0,0,2025-01-06,1,0,0,0.835,482.25,1559.2,6.02,0,45.9,776.01,863.83,138249,On-Time,2
103643,AL14,Australia,full-service,4.0,Economy,Window,5.99,mobile app,No,Card,40.0,1,2024-03-29,3,0,0,0.702,582.22,1394.0,8.8,0,35.1,775.91,873.49,67333,On-Time,3
102187,AL08,Malaysia,full-service,4.0,Economy,Aisle,5.12,Travel Agent,,Card,51.0,98,2024-05-28,5,0,0,0.369,419.1,1641.1,4.79,0,28.0,702.15,813.95,156370,Delayed,3
103062,AL04,Philippines,full-service,,Economy,Window,5.11,Travel Agent,No,Online,,80,2025-04-01,4,0,0,0.771,173.69,329.4,8.14,1,41.2,262.68,493.44,90471,On-Time,4
102045,AL02,Thailand,budget,3.0,Economy,Window,4.3,Mobile App,No,Online,18.0,21,2025-01-14,1,0,0,0.591,625.89,2000.4,7.7,1,84.0,868.33,895.69,188285,Delayed,3
100282,AL17, Indonesia ,full-service,3.0,Economy,Window,7.7,Mobile App,Yes,Card,46.0,44,2025-01-14,1,0,0,0.723,247.32,659.8,7.36,0,63.7,479.45,520.28,118092,On-Time,3
100258,AL10,australia,full-service,1.0,Economy,Window,3.16,Mobile App,No,Online,21.0,76,2024-09-17,9,0,0,0.99,660.43,2015.2,8.59,1,31.8,762.48,1011.98,143793,On-Time,4
104100,AL18,Malaysia,budget,5.0,Economy,Aisle,1.61,Mobile App,Yes,Card,18.0,11,2024-11-09,11,1,0,0.748,311.26,482.3,5.89,0,93.8,381.47,437.77,77674,Delayed,1
101811,AL10, Australia ,full-service,4.0,Economy,Aisle,0.87,Airport Counter, No , Card ,52.0,17,2024-07-12,7,0,0,0.791,453.08,1933.8,7.33,1,36.3,750.73,816.7,195731,On-Time,3
101797,AL02,Singapore,budget,3.0,Business,Window,3.27,Website, No ,Online,21.0,68,2024-06-25,6,0,0,0.778,537.24,1855.1,7.67,0,45.1,1002.73,1064.02,112760,On-Time,4
103167,AL03,malaysia,premium,3.0,Economy,Window,4.02,Airport Counter,Yes,Card,28.0,12,2024-06-12,6,0,0,0.717,163.01,546.1,5.86,0,62.9,462.09,560.92,68151,On-Time,3
100725,AL10, SINGAPORE ,full-service,3.0,Economy,Window,9.35,travel agent, Yes ,Card,59.0,17,2024-11-17,11,1,0,0.667,340.03,814.9,8.23,0,97.8,553.32,676.93,159562,Delayed,4
101636,AL05,thailand,budget,3.0,Business,Aisle,4.64,Travel Agent,No, Online ,19.0,64,2024-11-25,11,0,0,0.618,304.99,716.9,5.96,0,57.7,655.87,765.4,142346,On-Time,3
100677,AL14,indonesia,full-service,4.0,Business,Window,4.19,mobile app,Yes,Cash,42.0,208,2024-07-21,7,1,0,0.724,786.18,2361.8,8.06,0,57.5,1182.39,1282.87,293210,On-Time,5
103033,AL02, Malaysia ,budget,4.0,economy,Aisle,1.74,Website,No,Online,37.0,7,2025-05-09,5,0,0,0.817,377.11,1172.9,6.1,1,44.5,491.47,534.21,86422,Delayed,1
101152,AL11,japan,budget,4.0,economy,Window,2.71,Travel Agent, Yes ,Card,,44,2024-02-04,2,1,0,0.924,491.25,1573.3,6.56,1,44.9,700.46,750.83,79185,On-Time,3
101346,AL07,Vietnam,full-service,3.0,Economy,Window,1.25,Travel Agent, No ,Online,38.0,40,2025-01-02,1,0,0,0.663,109.5,613.8,4.52,0,62.0,481.88,594.04,110840,On-Time,2
100055,AL15,malaysia,budget,4.0,Premium Economy,Middle,5.57,Airport Counter,Yes,Online,20.0,61,2024-04-04,4,0,0,0.946,245.98,754.1,8.21,1,61.9,503.57,619.05,96282,Delayed,3
103366,AL03,australia,premium,4.0,Economy,Middle,4.23,Travel Agent,No, Online ,32.0,18,2024-06-23,6,1,1,0.493,323.22,970.0,10.0,1,67.2,575.63,687.86,104209,Delayed,4
101411,AL18,Thailand,budget,3.0,Economy,Window,3.92,Mobile App, No ,Cash,46.0,26,2025-06-21,6,1,0,0.873,1009.95,2994.6,5.13,0,55.1,1251.98,1330.83,135395,Delayed,2
103344,AL15,malaysia,budget,4.0,Economy,Window,1.28,Website,Yes,Card,18.0,20,2024-09-29,9,1,0,0.66,95.62,150.0,8.98,0,44.6,291.19,448.14,77258,Delayed,2
102214,AL10,Malaysia,full-service,3.0,economy,Window,11.36,Website,,Card,18.0,44,2024-05-10,5,0,0,0.99,581.41,1718.2,6.12,0,56.0,832.65,885.58,87165,Delayed,2
100085,AL13,Malaysia,full-service,2.0,Economy,Window,3.36,Website,No,Card,18.0,101,2025-01-23,1,0,1,0.899,430.71,1146.8,8.1,0,71.4,627.94,720.72,106053,Delayed,3
101361,AL12, INDONESIA ,premium,3.0,First,Middle,5.28,Website,No,Card,42.0,20,2025-05-14,5,0,0,0.701,387.03,1221.8,7.06,0,85.6,985.62,1103.69,153899,On-Time,3
100888,AL05,Indonesia,budget,4.0,Economy,Middle,3.09,Website,No,Card,55.0,28,2024-06-10,6,0,0,0.624,678.82,1504.9,7.71,1,35.2,660.71,728.97,190551,On-Time,3
104056,AL07, THAILAND ,full-service,4.0,Premium Economy,Aisle,7.3,Website,Yes,Cash,35.0,7,2024-04-18,4,0,0,0.777,796.61,2546.2,7.74,1,74.0,1085.75,1156.23,222067,On-Time,2
101819,AL16, PHILIPPINES ,budget,,Economy,Middle,5.36,Walk-in,No,Online,31.0,4,2024-01-10,1,0,0,0.633,338.17,1043.4,9.4,1,45.0,463.33,600.48,99316,Delayed,3
101972,AL15,Malaysia,budget,4.0,Premium Economy,Window,1.17,Mobile App, Yes ,Online,49.0,31,2025-05-19,5,0,0,0.924,599.98,1750.0,7.19,1,62.4,768.43,898.42,94093,On-Time,3
102546,AL06,Indonesia,premium,3.0,Economy,Aisle,5.68,Website, No , Card ,49.0,34,2024-10-15,10,0,0,0.81,108.77,308.2,6.05,1,11.1,356.36,539.63,124807,On-Time,4
100714,AL18,thailand,budget,3.0,Economy,Aisle,3.22,Website, No ,Card,47.0,3,2024-12-11,12,0,0,0.809,440.38,1198.3,6.36,0,41.0,626.54,771.47,182760,On-Time,2
104114,AL06, VIETNAM ,premium,3.0,Economy,Aisle,4.4,Mobile App,,Card,35.0,47,2024-06-12,6,0,0,0.988,218.8,771.2,6.83,0,100.0,622.28,698.21,146960,On-Time,3
101056,AL16,Philippines,budget,2.0,Economy,Middle,5.88,Mobile App,No,Card,52.0,9,2024-12-22,12,1,0,0.741,719.22,2261.5,7.76,1,48.4,876.34,948.3,52876,Delayed,3
102286,AL07, THAILAND ,full-service,4.0,Premium Economy,Middle,2.44,Website, No ,Card,48.0,1,2025-02-04,2,0,0,0.712,312.77,776.4,6.98,0,61.2,567.62,685.77,76241,Delayed,3
104014,AL06,Philippines,premium,3.0,Economy,Middle,9.05,Travel Agent,No, Card ,36.0,58,2025-06-18,6,0,0,0.99,,399.3,7.36,0,53.6,398.75,453.05,87920,On-Time,3
101859,AL16,malaysia,budget,3.0,Economy,Middle,2.81,mobile app,No, Card ,40.0,52,2025-02-04,2,0,1,0.739,280.7,715.1,9.44,0,69.6,475.61,567.15,103283,Delayed,3
102207,AL03,indonesia,premium,4.0,Business,Aisle,5.29,Airport Counter,No, Online ,21.0,14,2024-09-17,9,0,0,0.813,283.45,733.8,6.7,0,61.2,761.01,903.07,66566,On-Time,2
102848,AL07,Singapore,full-service,3.0,Economy,Middle,6.28,mobile app,No, Card ,34.0,29,2024-03-25,3,0,0,0.674,729.82,2700.3,,0,53.8,1119.9,1249.45,224415,Delayed,4
100617,AL15,Thailand,budget,4.0,Premium Economy,Window,4.06,Airport Counter,No,Card,38.0,18,2024-03-07,3,0,0,0.79,503.5,1419.4,5.46,1,29.1,629.19,710.23,49340,On-Time,3
103785,AL01,Vietnam,full-service,3.0,Premium Economy,Aisle,3.58,website,Yes,Cash,33.0,12,2024-08-08,8,0,0,0.626,850.6,2396.1,6.07,0,28.6,1130.05,1245.25,92316,On-Time,2
100123,AL15,Malaysia,budget,3.0,Business,Aisle,3.53,Travel Agent,No,Card,34.0,45,2025-04-17,4,0,0,0.558,302.06,614.3,7.81,1,62.7,516.75,658.86,124328,On-Time,3
103770,AL02,Australia,budget,4.0,Economy,Window,3.64,Travel Agent, Yes ,Card,30.0,5,2025-05-31,5,1,0,0.794,343.94,810.0,8.59,1,27.6,494.6,648.94,43925,Delayed,4
100334,AL07,Philippines,full-service,3.0,Premium Economy,Window,1.15,Mobile App, No , Online ,-5.0,16,2025-01-19,1,1,0,0.774,434.06,1416.5,9.53,0,91.6,871.21,1013.85,93786,On-Time,4
103415,AL01,Singapore,full-service,3.0,Economy,Aisle,5.25,Airport Counter,No,Card,47.0,5,2024-04-23,4,0,0,0.742,362.24,1143.5,8.33,0,46.8,663.09,766.82,77002,On-Time,5
100304,AL12,Vietnam,premium,4.0,Economy,Window,1.59,Website,Yes,Card,29.0,33,2025-06-22,6,1,0,0.708,390.21,1045.0,8.55,0,62.8,586.26,632.22,68632,On-Time,4
102772,AL15,Singapore,budget,3.0,Premium Economy,Window,3.75,Mobile App, Yes , Cash ,37.0,19,2024-04-07,4,1,0,0.807,169.23,409.3,9.51,1,62.7,383.74,538.03,39435,On-Time,3
100980,AL07,Singapore,full-service,4.0,Business,Window,9.7,Mobile App,No,Cash,64.0,33,2025-04-21,4,0,0,0.752,203.53,540.5,7.12,0,26.9,558.65,667.01,117801,Delayed,4
104053,AL18,Thailand,budget,3.0,Economy,Aisle,7.91,Airport Counter,Yes,Card,43.0,34,2024-03-24,3,1,1,0.759,308.6,935.1,8.15,1,57.5,500.11,663.68,117930,Delayed,3
100175,AL13,Singapore,full-service,3.0,Economy,Middle,4.24,Mobile App,Yes,Online,23.0,7,2024-10-15,10,0,1,0.975,910.8,2799.5,8.9,0,57.8,1197.87,1332.41,156747,Delayed,2
100581,AL05, Australia ,budget,4.0,Business,Aisle,2.76,Walk-in,Yes,Cash,18.0,12,2025-06-05,6,0,0,0.868,252.83,601.9,8.61,0,76.8,737.5,856.03,167378,Delayed,3
102956,AL04,Japan,full-service,4.0,Economy,Middle,3.05,Website,No,Online,44.0,6,2025-06-20,6,0,1,0.786,323.04,1114.2,8.74,0,50.9,692.66,789.83,73450,On-Time,3
101616,AL01,Malaysia,full-service,3.0,Premium Economy,Window,3.83,travel agent,No, Online ,22.0,14,2025-04-28,4,0,0,0.982,745.73,2613.3,8.02,0,27.6,1260.16,1420.85,210238,On-Time,3
101194,AL15,Indonesia,budget,3.0,Economy,Middle,4.55,Website, No ,Cash,50.0,14,2024-10-18,10,0,0,0.941,597.66,1445.9,7.08,1,23.9,632.82,713.82,78342,On-Time,2
102876,AL09, INDONESIA ,budget,5.0,Economy,Middle,5.56,Airport Counter,Yes,Cash,29.0,3,2024-02-03,2,1,1,0.885,,1640.0,7.28,1,35.8,721.76,866.29,220904,Delayed,3
101824,AL14,Malaysia,full-service,3.0,Economy,Aisle,4.39,Website,Yes, Online ,18.0,7,2025-05-14,5,0,0,0.587,672.91,1962.3,7.2,0,54.0,935.7,1185.99,131542,On-Time,4
101879,AL10, THAILAND ,full-service,2.0,Economy,Aisle,2.03,Website,No,Card,37.0,19,2025-02-09,2,1,0,0.904,,1227.3,7.32,0,59.3,647.55,769.81,124006,On-Time,3
101981,AL14,Australia,full-service,3.0,Economy,Aisle,3.72,Walk-in,No, Online ,22.0,12,2025-04-04,4,0,0,0.778,226.32,813.2,9.53,0,29.5,488.67,727.48,61818,On-Time,3
101861,AL16,Philippines,budget,3.0,Economy,Window,1.13,Website,Yes,Card,34.0,31,2024-06-13,6,0,0,0.699,219.29,1004.7,8.72,1,81.9,552.1,680.51,158334,On-Time,3
101350,AL11,Singapore,budget,2.0,Premium Economy,Aisle,8.85,Website,Yes,Online,35.0,9,2024-04-28,4,1,0,0.785,405.06,1329.5,6.45,0,14.4,707.58,766.32,68208,Delayed,3
104094,AL01,Thailand,full-service,2.0,Economy,Middle,2.17,Website,No,Online,,37,2025-04-08,4,0,0,0.923,593.93,1782.2,8.1,1,66.7,723.12,801.54,194600,Delayed,1
100409,AL12, Australia ,premium,3.0,Economy,Middle,2.77,Travel Agent, Yes , Card ,42.0,15,2025-03-27,3,0,0,0.64,406.89,1030.8,7.17,0,8.4,574.43,626.99,129481,On-Time,3
100675,AL10, JAPAN ,full-service,4.0,Economy,Aisle,3.24,Website,Yes,Cash,19.0,5,2024-09-02,9,0,0,0.752,1338.15,4341.6,6.47,0,60.9,1692.15,1816.71,247598,Cancelled,2
100297,AL15,Malaysia,budget,3.0,Economy,Aisle,7.49,Travel Agent,Yes,Online,18.0,1,2024-07-23,7,0,0,0.793,532.6,2132.9,6.71,0,39.7,941.25,1044.02,260921,On-Time,3
100925,AL08,Thailand,full-service,3.0,Business,Window,3.01,Website,No, Card ,32.0,6,2025-05-08,5,0,0,0.621,465.73,1576.9,6.11,0,64.6,937.13,1124.11,69310,On-Time,3
100022,AL14,Australia,full-service,2.0,business,Middle,2.1,Mobile App,No,Online,51.0,7,2024-08-03,8,1,0,0.631,1183.81,3939.6,8.29,0,71.5,1744.65,1994.12,210290,On-Time,5
103557,AL11,Australia,budget,5.0,Economy,Middle,10.87,Website, No ,Card,35.0,1,2024-01-22,1,0,0,0.76,,2385.0,8.22,1,35.0,952.17,1010.28,180590,Delayed,3
103020,AL15,singapore,budget,,Economy,Window,3.65,Mobile App, No , Online ,22.0,61,2025-03-16,3,1,0,0.786,326.56,1240.0,8.03,0,31.9,644.81,696.63,70965,Delayed,2
100728,AL07,Singapore,full-service,4.0,Economy,Window,3.01,Website, No ,Card,42.0,52,2024-03-05,3,0,0,0.852,300.49,1111.2,7.89,0,23.2,539.65,690.56,113724,On-Time,3
101307,AL11, Indonesia ,budget,2.0,Economy,Middle,4.61,Website, Yes ,Online,,11,2024-06-24,6,0,1,0.99,634.71,1879.1,7.39,1,59.4,722.02,773.75,75733,Delayed,2
103085,AL18,Thailand,budget,5.0,Economy,Aisle,4.52,Mobile App,,Cash,60.0,1,2024-04-28,4,1,0,0.53,172.09,749.4,5.23,0,14.5,459.91,590.58,100478,On-Time,3
100671,AL11,thailand,budget,3.0,Economy,Middle,1.95,mobile app,No, Online ,39.0,9,2024-09-05,9,0,0,0.87,576.42,1648.3,9.62,0,61.9,853.2,913.15,73156,Delayed,3
101672,AL05,singapore,budget,3.0,Economy,Aisle,4.75,Website,Yes,Card,24.0,39,2024-01-04,1,0,0,0.7,317.61,1173.5,10.0,1,62.5,536.27,629.23,131051,Delayed,3
101199,AL07,Malaysia,full-service,4.0,Premium Economy,Middle,4.36,Mobile App,No,Online,36.0,12,2025-05-23,5,0,0,0.77,1005.72,3359.9,8.15,0,77.1,1438.97,1694.44,393892,Delayed,2
102229,AL02,australia,budget,3.0,economy,Window,1.71,Travel Agent,Yes,Card,52.0,46,2024-02-12,2,0,0,0.703,,2606.0,6.99,0,19.1,1054.72,1167.92,143977,On-Time,4
102334,AL01, Philippines ,full-service,4.0,First,Window,4.13,Mobile App, Yes , Online ,43.0,15,2025-01-16,1,0,0,0.934,496.92,1287.5,8.21,0,82.8,1042.08,1227.12,164757,Delayed,4
100293,AL10, JAPAN ,full-service,2.0,Economy,Aisle,10.35,Website,Yes, Card ,47.0,121,2025-03-13,3,0,0,0.952,513.11,1549.1,6.2,0,31.3,724.26,785.61,176197,Delayed,2
102249,AL15,Indonesia,budget,3.0,Economy,Aisle,5.38,travel agent, Yes ,Card,29.0,34,2024-04-10,4,0,0,0.765,448.7,1313.1,6.01,1,52.1,638.99,842.38,80101,Delayed,3
103273,AL17,Thailand,full-service,3.0,Economy,Aisle,4.47,Travel Agent,No,Online,48.0,43,2024-03-31,3,1,0,0.879,311.98,852.1,7.25,0,35.4,505.79,563.75,71986,On-Time,3
100126,AL08,Thailand,full-service,2.0,Economy,Middle,4.38,Website, Yes , Online ,53.0,8,2024-09-02,9,0,0,0.845,424.01,1221.6,6.87,1,46.2,650.69,759.66,190720,On-Time,3
102579,AL13,Thailand,full-service,4.0,Economy,Middle,1.99,walk-in,No,Card,,9,2025-02-21,2,0,0,0.696,784.98,2216.0,9.31,0,44.6,1006.17,1121.27,281560,Delayed,4
102247,AL15, MALAYSIA ,budget,2.0,Economy,Window,4.63,Mobile App,Yes,Card,47.0,5,2025-04-10,4,0,1,0.626,420.4,1336.0,6.39,0,46.5,767.48,881.65,107998,Delayed,3
103725,AL10,Indonesia,full-service,3.0,Premium Economy,Window,2.61,Mobile App, No ,Card,41.0,14,2025-03-07,3,0,0,0.74,577.73,1755.3,7.1,0,70.2,977.69,1067.68,140474,On-Time,3
103999,AL01,Malaysia,full-service,5.0,Economy,Middle,4.67,Website,Yes,Online,46.0,66,2025-05-02,5,0,0,0.714,261.61,849.6,6.12,1,72.1,527.79,636.71,133271,Delayed,1
100692,AL09,Malaysia,budget,2.0,Economy,Aisle,4.24,Website,Yes,Cash,38.0,12,2025-02-05,2,0,0,0.639,,655.2,7.36,0,75.5,432.56,469.0,54936,Delayed,3
100686,AL16,Malaysia,budget,3.0,Business,Window,7.36,Mobile App,No,Cash,35.0,16,2025-03-02,3,1,0,0.846,379.66,1006.2,6.58,0,42.6,776.1,1124.49,127290,Delayed,3
100817,AL05,Thailand,budget,3.0,Premium Economy,Window,1.73,Walk-in,No,Card,130.0,100,2025-06-12,6,0,0,0.663,423.71,1272.8,8.1,1,73.4,688.18,815.84,105742,On-Time,4
100216,AL04, Thailand ,full-service,3.0,Economy,Aisle,2.15,Airport Counter,Yes, Online ,43.0,37,2025-06-11,6,0,0,0.692,148.8,346.2,7.38,0,40.2,317.84,408.1,31651,On-Time,2
100152,AL05,Indonesia,budget,4.0,Economy,Middle,2.65,Website,No,Card,28.0,12,2024-05-29,5,0,0,0.973,363.07,775.9,5.66,0,45.2,540.81,647.21,80627,Delayed,3
103644,AL13,Vietnam,full-service,3.0,Economy,Middle,3.53,Mobile App,No,Cash,,18,2024-05-21,5,0,1,0.862,317.16,1031.3,8.21,1,49.0,468.38,597.83,45261,On-Time,3
101992,AL10,Singapore,full-service,,Business,Window,3.47,travel agent,Yes,Card,39.0,29,2024-04-18,4,0,0,0.853,156.81,436.5,6.83,1,53.5,477.63,574.39,82285,On-Time,4
103168,AL06,Vietnam,premium,4.0,Premium Economy,Window,2.78,Mobile App,No,Card,57.0,73,2025-01-01,1,0,0,0.702,,758.9,8.28,0,29.7,657.92,805.2,110094,On-Time,5
102008,AL05,Thailand,budget,5.0,Premium Economy,Window,5.77,Mobile App,No, Online ,36.0,8,2024-05-27,5,0,0,0.562,963.79,2675.0,8.95,0,39.5,13477.784406675957,1550.53,259927,On-Time,2
100478,AL18,malaysia,budget,2.0,Premium Economy,Aisle,3.22,Mobile App,Yes,Card,48.0,22,2024-09-06,9,0,0,0.898,242.05,964.9,,0,51.5,641.32,892.44,96641,Delayed,3
101282,AL09,Malaysia,budget,3.0,First,Window,5.52,Website,No, Online ,,35,2024-07-22,7,0,1,0.791,593.2,1900.9,8.44,1,42.3,988.75,1177.0,288315,On-Time,5
101604,AL13,Australia,full-service,3.0,Premium Economy,Aisle,2.15,Website,No, Cash ,62.0,5,2024-03-24,3,1,0,0.952,1069.05,3468.2,4.78,0,80.4,1575.03,1693.84,338542,Delayed,2
103067,AL08,Australia,full-service,4.0,Economy,Aisle,2.45,Mobile App,Yes,Card,34.0,41,2024-05-15,5,0,0,0.783,351.33,1628.8,6.75,0,61.7,744.75,794.5,90581,On-Time,3
101666,AL13,Indonesia,full-service,4.0,Premium Economy,Middle,7.18,Mobile App,Yes,Online,45.0,38,2025-01-24,1,0,0,0.568,120.67,415.4,8.08,0,23.4,445.56,517.4,60397,On-Time,3
103594,AL09,japan,budget,3.0,Business,Middle,1.95,Walk-in, No ,Cash,43.0,132,2024-10-01,10,0,0,0.696,232.5,738.4,7.05,1,63.5,635.32,738.92,165402,Delayed,3
100812,AL15,Indonesia,budget,3.0,Economy,Middle,4.21,Travel Agent,No, Cash ,47.0,15,2025-01-30,1,0,0,,263.26,740.9,6.2,0,59.6,486.07,564.25,116304,Delayed,3
100250,AL03, SINGAPORE ,premium,4.0,Economy,Window,2.8,mobile app, No ,Online,32.0,20,2024-01-16,1,0,0,0.634,774.75,2556.3,9.36,0,58.8,1194.28,1262.51,191995,Delayed,3
100843,AL12, JAPAN ,premium,3.0,Economy,Window,5.93,Website,No,Online,28.0,24,2024-09-27,9,0,0,0.65,493.97,1635.0,9.68,0,65.0,864.44,952.08,245866,Cancelled,3
102125,AL05, THAILAND ,budget,5.0,Economy,Aisle,2.1,Mobile App, No ,Online,41.0,1,2024-02-29,2,0,0,0.861,224.17,590.3,7.85,1,100.0,524.73,618.14,44611,On-Time,2
103408,AL17,singapore,full-service,4.0,Economy,Aisle,2.97,Website, Yes , Card ,52.0,30,2024-10-07,10,0,0,0.854,403.66,1152.2,7.27,0,38.4,647.21,771.3,170792,On-Time,3
102032,AL06,Singapore,premium,4.0,Business,Middle,1.26,Website,Yes,Card,44.0,52,2024-03-25,3,0,0,0.687,95.63,188.1,7.09,1,55.8,440.63,618.94,149663,Delayed,5
100967,AL16,Singapore,budget,3.0,business,Middle,1.77,Mobile App,No,Card,26.0,27,2025-05-01,5,0,1,0.874,1143.38,4095.4,5.06,0,57.1,1741.32,1902.98,232547,On-Time,3
103499,AL02,Vietnam,budget,3.0,Economy,Middle,3.23,mobile app, Yes ,Online,18.0,13,2024-06-30,6,1,0,0.67,176.71,518.5,6.94,1,55.0,402.65,454.8,63402,Delayed,3
100972,AL14,Australia,full-service,2.0,Economy,Aisle,3.07,Mobile App,No,Online,33.0,4,2024-05-09,5,0,1,0.636,762.47,2551.7,8.99,0,38.0,1082.69,1153.92,263779,On-Time,4
101896,AL16,Indonesia,budget,2.0,Economy,Middle,5.7,Website, Yes , Card ,40.0,48,2025-06-11,6,0,0,0.812,325.4,949.8,8.2,0,59.1,599.77,704.89,43314,On-Time,4
102235,AL06, MALAYSIA ,premium,5.0,Premium Economy,Window,2.99,Website,No,Card,37.0,0,2024-02-21,2,0,0,0.93,950.13,2898.6,7.32,0,37.0,8852.205024836041,1544.45,363049,On-Time,3
100246,AL13,philippines,full-service,5.0,Economy,Aisle,1.93,travel agent, No ,Online,30.0,4,2024-05-12,5,1,0,0.938,919.39,2668.2,,0,96.1,1178.95,1312.45,234642,On-Time,3
102704,AL04, Philippines ,full-service,2.0,Business,Aisle,5.28,Mobile App, Yes ,Cash,36.0,58,2024-02-04,2,1,0,0.507,833.07,2764.1,6.83,0,46.9,1366.93,1447.83,119555,On-Time,4
102203,AL16,Indonesia,budget,4.0,Economy,Middle,5.63,Airport Counter,No,Online,34.0,33,2024-02-10,2,1,0,0.676,350.15,966.1,,0,47.7,555.15,629.42,70039,Delayed,1
103529,AL05,Malaysia,budget,4.0,Economy,Aisle,2.0,Mobile App,No, Card ,37.0,2,2024-12-12,12,0,0,0.577,818.11,2559.0,7.52,1,38.1,895.05,981.41,233561,On-Time,3
103145,AL04,Australia,full-service,3.0,economy,Middle,4.51,Travel Agent,No,Online,30.0,3,2025-03-22,3,1,0,0.851,110.34,170.1,6.79,1,34.7,288.7,405.74,51787,On-Time,2
103091,AL17, MALAYSIA ,full-service,4.0,Premium Economy,Aisle,1.97,Travel Agent,No,Card,21.0,22,2024-10-27,10,1,0,0.845,384.5,875.5,8.56,0,66.8,673.94,801.39,160990,On-Time,4
102331,AL04, Malaysia ,full-service,4.0,Premium Economy,Window,5.54,Website, No , Online ,21.0,13,2025-02-28,2,0,0,0.812,241.4,951.9,7.31,0,63.3,681.17,798.58,84778,Delayed,3
103616,AL08,malaysia,full-service,4.0,Business,Aisle,4.04,Mobile App,Yes,Online,28.0,21,2025-05-02,5,0,0,0.536,428.62,1222.0,5.34,0,18.2,854.43,930.62,61470,On-Time,4
103143,AL04, Indonesia ,full-service,5.0,Economy,Middle,1.64,Airport Counter,No,Online,,19,2024-01-06,1,1,1,0.897,630.53,2084.5,7.34,0,78.2,968.83,1046.21,238225,Delayed,2
103461,AL09,Vietnam,budget,2.0,Premium Economy,Aisle,11.49,travel agent,Yes,Cash,31.0,23,2024-01-16,1,0,0,0.713,593.83,2154.2,8.35,1,75.6,917.01,1046.72,167578,Delayed,4
101505,AL05, VIETNAM ,budget,5.0,Economy,Middle,1.35,walk-in,Yes,Online,,12,2024-07-11,7,0,0,0.982,721.01,2272.1,7.34,1,54.2,906.78,946.58,200455,On-Time,3
102951,AL15,Thailand,budget,2.0,Business,Middle,4.01,Walk-in,No,Online,,12,2024-08-07,8,0,0,0.775,659.0,1734.3,6.02,0,66.5,1036.39,1146.49,78954,Delayed,3
101345,AL06, SINGAPORE ,premium,3.0,Business,Aisle,2.07,Mobile App,No, Cash ,51.0,29,2024-09-10,9,0,0,0.753,395.69,1152.7,7.17,0,23.1,796.26,988.15,115559,On-Time,3
103619,AL09, Philippines ,budget,5.0,Economy,Middle,9.01,Mobile App,No,Card,33.0,29,2025-06-27,6,0,0,0.833,265.94,793.2,6.19,0,63.7,479.58,534.52,124074,Cancelled,1
100975,AL15,Japan,budget,3.0,Economy,Window,1.53,travel agent,Yes,Online,35.0,4,2024-03-05,3,0,0,0.758,272.06,643.6,9.63,0,96.5,551.33,619.91,121260,Cancelled,3
103671,AL14, Thailand ,full-service,3.0,Economy,Window,4.69,Website,No,Card,59.0,2,2025-03-11,3,0,1,0.657,199.89,560.5,6.51,0,17.8,405.82,463.09,110203,On-Time,3
101645,AL01,singapore,full-service,3.0,Premium Economy,Aisle,0.75,Travel Agent,Yes, Online ,27.0,3,2024-04-01,4,0,0,0.755,211.63,933.1,6.27,1,62.2,605.3,766.82,64311,Cancelled,2
101679,AL16,Vietnam,budget,4.0,Economy,Window,3.72,Website,,Card,37.0,17,2024-05-17,5,0,0,0.935,469.23,1537.5,5.85,1,44.6,635.4,704.35,161003,On-Time,4
103276,AL17,Thailand,full-service,5.0,economy,Aisle,3.32,Website, Yes , Online ,29.0,30,2025-06-02,6,0,1,0.649,441.9,1077.5,9.19,1,44.1,540.21,612.36,70986,Delayed,4
100122,AL10,Singapore,full-service,4.0,Economy,Aisle,2.39,Airport Counter,No,Online,49.0,4,2025-06-14,6,1,1,0.801,452.26,1643.0,7.33,0,39.1,789.89,863.12,199384,On-Time,3
101534,AL02, SINGAPORE ,budget,3.0,Economy,Aisle,4.38,Walk-in,Yes, Card ,43.0,43,2024-08-31,8,1,1,0.99,267.02,721.6,5.96,1,40.4,436.24,539.24,75728,Cancelled,1
103694,AL13,Philippines,full-service,1.0,Economy,Window,1.3,Travel Agent,No,Card,20.0,48,2024-12-26,12,0,0,0.849,788.99,2430.2,7.19,1,25.5,889.84,997.62,226117,On-Time,4
103858,AL11,vietnam,budget,5.0,Economy,Window,5.81,Website,No, Card ,47.0,3,2024-08-20,8,0,1,0.707,639.65,1911.2,8.16,0,51.4,904.52,964.01,183570,Cancelled,4
103600,AL10,malaysia,full-service,3.0,Economy,Aisle,3.6,Website, Yes ,Online,47.0,109,2024-11-13,11,0,0,0.909,379.87,992.1,,0,90.8,650.16,690.72,48597,Delayed,4
102100,AL10, Japan ,full-service,4.0,Economy,Aisle,3.24,Website,No,Online,39.0,5,2025-06-03,6,0,0,0.763,204.76,579.9,8.51,0,43.8,457.79,506.27,47166,On-Time,2
100869,AL13,Indonesia,full-service,3.0,Economy,Middle,10.44,Website, No ,Cash,18.0,18,2024-02-03,2,1,0,0.99,283.54,805.3,5.95,0,57.1,637.35,734.14,169479,Delayed,2
103706,AL17, SINGAPORE ,full-service,5.0,economy,Aisle,3.57,Mobile App,No,Card,46.0,22,2024-01-07,1,1,0,0.693,447.91,1066.1,6.09,1,81.2,543.76,639.24,111275,Delayed,3
101030,AL17,Australia,full-service,4.0,Economy,Aisle,1.32,Mobile App, Yes , Online ,40.0,9,2025-02-19,2,0,0,0.752,47.03,496.9,8.11,0,66.1,503.61,586.53,117827,On-Time,4
102694,AL18,Thailand,budget,2.0,Business,Middle,6.4,Website, No ,Card,29.0,4,2025-04-19,4,1,0,0.917,645.53,2111.4,7.22,1,65.3,1026.05,1088.42,158439,Delayed,3
100756,AL14,Malaysia,full-service,4.0,Premium Economy,Window,5.15,Mobile App,No,Online,18.0,3,2024-08-04,8,1,0,0.716,131.2,410.3,7.86,0,42.1,458.15,590.83,41968,On-Time,5
101998,AL18,Indonesia,budget,5.0,Business,Window,3.64,Airport Counter, No ,Online,25.0,19,2025-06-12,6,0,0,0.739,411.21,1055.8,8.43,0,71.0,773.98,866.23,203839,Cancelled,3
101156,AL04,Philippines,full-service,4.0,Economy,Window,3.55,airport counter,Yes,Online,18.0,94,2024-04-12,4,0,0,0.671,796.46,2303.0,7.71,1,40.4,930.44,1190.93,239574,On-Time,1
102115,AL06,Vietnam,premium,2.0,Premium Economy,Aisle,4.69,Website,No,Card,27.0,19,2024-10-14,10,0,0,0.487,155.89,394.5,7.39,0,23.7,481.34,618.5,85590,On-Time,5
103416,AL09,Vietnam,budget,3.0,Economy,Middle,4.65,Airport Counter,Yes, Card ,30.0,6,2025-01-14,1,0,1,0.68,267.75,652.0,7.77,1,52.1,389.97,554.33,126624,Delayed,3
100332,AL01,Philippines,full-service,5.0,Premium Economy,Aisle,0.75,Mobile App,,Online,39.0,22,2024-06-28,6,0,0,0.672,702.22,2523.9,5.52,0,49.1,1156.23,1245.34,155107,Delayed,1
101592,AL07,Australia,full-service,3.0,First,Aisle,2.42,Travel Agent, No ,Card,27.0,10,2024-01-18,1,0,0,0.779,417.8,1568.3,6.81,0,61.3,1075.81,1371.56,242186,On-Time,3
102384,AL05,indonesia,budget,3.0,Economy,Window,1.74,Mobile App,Yes,Card,49.0,16,2025-02-24,2,0,0,0.99,142.16,707.9,7.61,0,64.4,584.15,632.29,90139,On-Time,3
102960,AL06,Singapore,premium,3.0,Economy,Window,3.2,Mobile App,No,Card,39.0,30,2024-07-14,7,1,0,0.76,599.08,1488.6,7.85,0,70.5,771.17,839.03,60793,Delayed,2
101575,AL03, INDONESIA ,premium,4.0,economy,Aisle,4.25,Website,No,Card,18.0,2,2024-03-08,3,0,0,0.82,575.26,1509.2,5.99,1,44.9,746.03,790.11,69389,On-Time,2
103261,AL17,vietnam,full-service,4.0,Economy,Aisle,0.89,Mobile App,No, Online ,,29,2025-03-28,3,0,0,0.805,782.77,2570.0,8.34,1,64.4,1050.75,1109.85,174411,On-Time,4
100472,AL05, VIETNAM ,budget,2.0,Economy,Window,4.54,Mobile App, Yes ,Online,18.0,1,2024-07-26,7,0,0,0.698,934.81,3399.1,10.0,0,23.9,1350.13,1506.01,333516,On-Time,5
100901,AL03, SINGAPORE ,premium,3.0,Economy,Aisle,7.6,Airport Counter, No , Online ,57.0,69,2024-08-04,8,1,0,0.521,268.98,563.0,8.07,0,40.0,411.26,606.74,155627,Cancelled,2
100865,AL01, Indonesia ,full-service,3.0,Economy,Window,3.74,Travel Agent,No,Cash,50.0,27,2024-04-07,4,1,0,0.64,373.27,1191.4,5.66,0,64.1,670.0,821.73,74386,On-Time,4
104093,AL08,Vietnam,full-service,3.0,Economy,Window,2.12,Website, No , Online ,41.0,1,2024-03-31,3,1,0,0.501,336.31,1142.8,6.6,1,78.3,614.5,678.05,65357,On-Time,4
102525,AL07,Malaysia,full-service,5.0,Economy,Aisle,3.65,Walk-in,Yes,Online,26.0,14,2024-06-14,6,0,0,0.791,610.85,2208.2,6.04,1,46.0,899.45,955.38,195487,On-Time,3
101329,AL01,Vietnam,full-service,3.0,Economy,Window,4.36,Website,No,Online,42.0,20,2024-09-03,9,0,0,0.703,607.68,1786.5,6.34,0,94.3,915.92,1006.56,238743,Delayed,3
101342,AL10,Thailand,full-service,4.0,Economy,Middle,0.75,Website,Yes, Card ,34.0,16,2024-10-13,10,1,0,0.7,259.73,771.9,3.94,0,61.6,539.41,607.13,55905,On-Time,2
100741,AL03,Thailand,premium,,Economy,Middle,1.2,Website,Yes,Online,,23,2024-01-19,1,0,0,0.776,352.36,1271.0,6.4,0,66.7,767.17,917.65,193812,On-Time,4
104163,AL05,Singapore,budget,4.0,economy,Middle,4.69,Airport Counter, No ,Online,38.0,77,2024-11-30,11,1,0,0.527,396.02,1336.2,9.08,0,22.4,627.19,786.87,204364,On-Time,3
104009,AL01, MALAYSIA ,full-service,3.0,Economy,Aisle,2.65,Travel Agent,Yes, Card ,40.0,80,2025-04-08,4,0,0,0.99,303.12,1212.2,6.23,0,61.4,704.63,886.15,112627,On-Time,3
102180,AL09,Indonesia,budget,3.0,Economy,Middle,1.14,Travel Agent,No,Online,32.0,44,2024-07-11,7,0,0,0.932,712.29,1941.2,8.06,0,63.0,928.17,1126.08,229359,Delayed,4
104170,AL17,Singapore,full-service,3.0,First,Middle,3.99,Travel Agent,No,Online,47.0,16,2024-04-18,4,0,0,0.815,1210.87,3895.4,8.49,0,63.7,1890.03,2041.46,432836,On-Time,4
103029,AL10,Thailand,full-service,2.0,Business,Middle,7.94,Airport Counter,No,Card,43.0,30,2024-05-20,5,0,1,0.791,429.37,1503.6,8.1,1,27.5,804.83,939.19,136347,Delayed,3
103118,AL02,malaysia,budget,3.0,Economy,Middle,3.88,website,Yes,Online,22.0,6,2024-05-11,5,1,0,0.689,344.87,908.7,4.42,0,52.2,586.96,647.64,113997,Cancelled,2
101628,AL10, Singapore ,full-service,4.0,Business,Window,2.12,Airport Counter,No,Online,44.0,20,2024-04-04,4,0,0,0.706,509.92,1879.8,10.0,0,38.5,1091.31,1342.55,256796,On-Time,4
103873,AL17, PHILIPPINES ,full-service,1.0,Economy,Aisle,3.33,Walk-in,No, Card ,35.0,2,2025-03-03,3,0,0,0.989,183.93,817.4,8.77,0,46.8,599.64,733.62,118302,On-Time,3
102438,AL02, Vietnam ,budget,5.0,Economy,Window,3.16,Travel Agent, Yes ,Card,29.0,20,2024-03-06,3,0,0,0.975,785.79,2698.3,9.09,0,95.0,1151.91,1245.88,114302,Delayed,3
101149,AL06,Vietnam,premium,4.0,Economy,Window,0.9,Website,Yes,Card,33.0,22,2024-03-31,3,1,0,0.823,399.96,1110.7,,0,81.6,755.25,908.68,107929,On-Time,3
103695,AL16,Philippines,budget,2.0,Economy,Window,2.38,Airport Counter,Yes,Online,46.0,49,2025-04-28,4,0,0,0.699,459.26,1491.4,6.32,0,83.6,746.16,856.38,124931,On-Time,2
103853,AL15,Malaysia,budget,4.0,Economy,Window,6.66,Airport Counter,Yes,Online,18.0,21,2024-07-28,7,1,1,0.732,443.36,1314.0,7.69,0,51.9,724.23,810.54,134649,Delayed,3
100256,AL18,Singapore,budget,3.0,Economy,Window,2.26,Mobile App,No,Cash,49.0,26,2025-04-21,4,0,0,0.674,447.02,1424.9,9.0,0,65.2,682.07,720.76,172617,Cancelled,2
102598,AL02,Singapore,budget,4.0,Economy,Window,2.22,travel agent,No,Cash,38.0,38,2024-03-17,3,1,1,0.686,150.94,392.7,9.77,1,39.9,290.59,433.2,97649,Delayed,4
100633,AL03,Philippines,premium,3.0,First,Window,0.98,Website,Yes,Online,34.0,10,2024-10-31,10,0,0,0.744,455.17,1480.1,7.46,0,44.8,1084.62,1164.23,142916,On-Time,4
102946,AL15,Japan,budget,5.0,economy,Window,3.64,Travel Agent,Yes,Online,42.0,93,2024-01-10,1,0,1,0.784,266.72,664.7,7.97,0,48.4,405.54,504.26,84844,On-Time,3
102337,AL08,Singapore,full-service,3.0,Economy,Window,4.68,Airport Counter,Yes, Cash ,25.0,14,2024-01-02,1,0,0,0.673,1077.88,3510.2,6.86,1,38.4,1312.67,1380.75,151598,On-Time,4
103654,AL08,Singapore,full-service,2.0,First,Middle,2.62,Mobile App,No,Card,34.0,23,2024-10-25,10,0,0,0.809,412.58,909.3,8.55,0,81.6,914.54,1042.24,148159,Delayed,5
100777,AL06,Malaysia,premium,4.0,Economy,Aisle,4.69,Mobile App,No,Online,30.0,34,2025-02-02,2,1,1,0.583,327.96,770.9,7.17,0,37.7,534.11,578.39,143554,Cancelled,3
103583,AL02, MALAYSIA ,budget,4.0,Economy,Aisle,6.46,Mobile App,No,Online,19.0,16,2024-05-08,5,0,0,0.577,443.29,1229.7,9.4,1,64.9,569.8,694.66,93845,Cancelled,3
102101,AL01,Philippines,full-service,4.0,Economy,Aisle,6.64,Mobile App,No, Online ,43.0,25,2024-04-27,4,1,0,0.759,198.05,719.3,8.77,0,64.0,529.64,715.97,180079,Delayed,3
100557,AL18,Thailand,budget,3.0,Economy,Window,4.46,Mobile App,Yes,Card,33.0,11,2025-01-23,1,0,0,0.978,786.51,2915.9,7.79,1,36.2,1098.35,1223.8,137281,Delayed,2
101850,AL12,Thailand,premium,3.0,Economy,Aisle,1.57,Travel Agent,Yes, Card ,36.0,32,2024-04-15,4,0,0,0.893,764.39,2951.3,6.34,0,33.3,1201.13,1412.46,155404,On-Time,4
101985,AL12, SINGAPORE ,premium,4.0,Economy,Window,3.29,Website, Yes ,Cash,44.0,1,2024-08-24,8,1,0,0.871,395.19,802.1,8.97,0,38.2,579.29,711.61,155781,On-Time,3
102088,AL14,Malaysia,full-service,4.0,Economy,Window,1.77,Travel Agent,Yes,Cash,48.0,55,2024-08-17,8,1,0,0.958,571.89,1644.9,6.1,1,58.3,663.45,818.61,96726,Delayed,3
103292,AL08,Singapore,full-service,3.0,Business,Aisle,3.87,Mobile App,No,Card,30.0,3,2024-11-17,11,1,0,0.897,247.23,459.3,8.05,1,68.9,584.01,684.18,88195,Delayed,3
100261,AL08,Philippines,full-service,3.0,Business,Middle,3.26,Airport Counter,Yes,Card,18.0,29,2024-10-19,10,1,0,0.962,583.9,1657.5,7.78,0,29.6,955.66,1063.75,79396,On-Time,4
102666,AL04, Japan ,full-service,3.0,Economy,Window,2.39,Airport Counter,No, Online ,46.0,65,2024-03-06,3,0,0,0.707,583.44,2040.7,10.0,1,48.3,717.33,752.15,155552,On-Time,4
102131,AL16,Vietnam,budget,3.0,premium economy,Middle,9.94,Website,Yes, Online ,44.0,51,2024-11-13,11,0,0,0.898,1184.01,4175.6,8.11,0,31.9,1629.19,1809.31,164833,Delayed,3
103698,AL06, Singapore ,premium,3.0,Premium Economy,Middle,5.88,Mobile App,No, Online ,28.0,7,2024-02-11,2,1,0,0.68,308.93,1133.1,8.07,1,52.6,740.61,794.69,202309,Delayed,3
103689,AL18,Vietnam,budget,4.0,first,Window,8.52,Travel Agent, Yes ,Card,,4,2024-03-26,3,0,0,0.921,327.93,936.9,6.23,1,84.4,814.04,959.14,110439,Delayed,3
101889,AL03,Malaysia,premium,2.0,Economy,Aisle,4.57,Travel Agent,Yes,Card,53.0,17,2024-05-10,5,0,0,0.773,345.82,1240.7,8.01,0,64.2,690.45,711.16,94417,On-Time,4
103042,AL04, Japan ,full-service,3.0,Economy,Window,4.04,mobile app,No,Card,40.0,83,2024-12-12,12,0,0,0.659,321.15,1039.4,6.57,1,5.0,532.19,558.45,40152,On-Time,3
103084,AL12,Malaysia,premium,3.0,Economy,Aisle,2.61,Mobile App, No , Online ,42.0,1,2024-05-24,5,0,0,0.894,338.54,1037.3,5.83,0,68.5,686.64,735.28,101121,On-Time,4
102078,AL14,Malaysia,full-service,4.0,Economy,Aisle,5.98,Website,No,Cash,64.0,51,2025-03-06,3,0,0,0.771,287.56,504.3,8.31,0,26.9,411.61,543.91,115491,Delayed,3
103221,AL04,Singapore,full-service,4.0,Economy,Window,6.25,Website,No,Card,30.0,10,2024-05-14,5,0,0,0.88,473.9,1338.2,8.71,0,63.3,752.53,894.44,155920,On-Time,3
103683,AL05,Indonesia,budget,3.0,Premium Economy,Middle,8.68,website, No ,Card,57.0,17,2024-02-23,2,0,0,0.99,511.41,1903.2,8.3,0,55.7,967.79,1037.0,140674,Delayed,3
104138,AL08, PHILIPPINES ,full-service,4.0,Economy,Aisle,10.91,Website,No,Card,37.0,38,2024-12-22,12,1,1,0.84,999.77,2958.4,8.83,0,60.9,1228.06,1281.81,84432,Delayed,4
100208,AL12,Malaysia,premium,3.0,Economy,Aisle,3.26,Walk-in,No,Card,44.0,34,2024-03-27,3,0,1,0.709,389.35,1072.7,7.21,0,66.1,694.49,919.37,119644,Delayed,2
104076,AL03,Malaysia,premium,3.0,Premium Economy,Window,7.91,Mobile App,No,Cash,46.0,14,2025-06-20,6,0,0,0.829,440.84,877.1,5.82,0,48.6,663.84,758.93,173105,Delayed,3
101913,AL06,Singapore,premium,4.0,Economy,Aisle,1.82,Mobile App,No,Cash,47.0,29,2024-07-31,7,0,1,0.9,134.26,477.8,7.6,0,55.4,487.25,533.0,80499,On-Time,3
101606,AL09, Vietnam ,budget,2.0,Business,Aisle,3.88,Website,Yes,Online,36.0,5,2024-03-31,3,1,0,0.968,854.9,2738.2,10.0,0,30.6,1300.65,1377.31,127586,On-Time,4
101020,AL09,Vietnam,budget,4.0,Economy,Middle,8.0,Airport Counter,Yes,Card,,4,2024-09-20,9,0,1,0.834,407.13,1284.1,8.5,0,49.8,694.18,758.17,107389,Delayed,2
104075,AL09,Thailand,budget,3.0,Economy,Window,1.18,Walk-in,No,Card,34.0,59,2025-06-02,6,0,0,0.757,459.34,1073.7,7.69,0,41.4,609.53,659.91,170533,Delayed,3
101403,AL18, AUSTRALIA ,budget,3.0,Business,Window,3.25,Website,No,Online,47.0,23,2024-11-26,11,0,0,0.811,183.86,546.6,7.67,0,71.2,665.8,781.78,51837,Delayed,3
103519,AL09,Philippines,budget,4.0,Economy,Middle,2.12,Website, No ,Online,49.0,3,2024-07-05,7,0,0,0.744,308.78,1232.3,8.42,0,75.0,634.66,732.53,84850,On-Time,4
102726,AL07,thailand,full-service,4.0,Economy,Window,4.56,Mobile App,No,Cash,29.0,42,2024-05-24,5,0,0,0.792,1066.52,3612.4,9.28,1,60.4,1194.44,1232.23,155082,Delayed,4
102096,AL10,Indonesia,full-service,3.0,Economy,Window,3.49,Travel Agent,,Card,32.0,41,2025-05-04,5,1,0,0.581,287.26,1258.4,5.97,1,25.0,581.49,684.04,44025,On-Time,3
100209,AL02,Malaysia,budget,3.0,Economy,Middle,1.71,Website,Yes,Card,25.0,29,2024-08-16,8,0,0,0.783,287.78,1029.0,7.45,0,18.0,596.23,690.05,108347,Delayed,3
102941,AL17, MALAYSIA ,full-service,4.0,Economy,Window,0.75,mobile app,Yes,Online,31.0,10,2025-01-01,1,0,0,0.825,614.03,2190.4,8.05,0,59.5,1045.71,1170.9,261923,On-Time,4
100153,AL06, INDONESIA ,premium,4.0,Economy,Middle,3.29,Website,Yes,Card,35.0,23,2024-04-13,4,1,0,0.803,662.22,1886.6,8.55,0,60.2,901.14,1160.98,244561,On-Time,5
103740,AL10,Indonesia,full-service,4.0,premium economy,Aisle,2.92,Travel Agent,No,Card,39.0,41,2025-05-04,5,1,0,0.898,304.46,587.6,6.51,1,70.7,451.97,520.22,102346,Delayed,3
101590,AL11, THAILAND ,budget,3.0,Economy,Aisle,2.33,Walk-in, No ,Card,41.0,57,2024-10-20,10,1,0,0.909,332.57,1248.2,8.36,1,70.8,554.5,752.15,147275,Cancelled,2
102442,AL02,japan,budget,4.0,Economy,Window,3.58,Website,No,Card,48.0,26,2024-11-28,11,0,0,0.853,836.4,2239.4,6.22,0,76.0,1039.68,1080.8,160530,Delayed,2
101147,AL09, SINGAPORE ,budget,5.0,Economy,Middle,5.55,Airport Counter,No,Online,28.0,23,2024-11-16,11,1,0,0.671,348.41,1085.0,10.0,1,41.1,489.0,575.14,111664,On-Time,2
101967,AL09,Japan,budget,3.0,Economy,Aisle,1.32,Airport Counter,No,Card,25.0,42,2024-07-31,7,0,0,0.725,445.28,1275.7,8.82,0,35.2,662.22,734.92,165319,On-Time,5
102316,AL13,Indonesia,full-service,4.0,economy,Window,3.27,Airport Counter,Yes,Online,40.0,22,2024-05-14,5,0,0,0.99,517.41,1748.6,8.25,0,53.9,853.1,874.84,177666,Delayed,3
102433,AL04,Philippines,full-service,5.0,Economy,Aisle,0.96,Airport Counter,Yes,Online,44.0,9,2024-07-11,7,0,0,0.594,438.86,1111.1,5.71,1,10.9,534.93,620.53,91795,On-Time,4
101633,AL14,Thailand,full-service,3.0,Economy,Middle,3.28,Website, No , Online ,,10,2025-03-03,3,0,0,0.961,320.33,949.3,5.69,0,25.0,652.63,809.39,158962,On-Time,2
102089,AL05,Malaysia,budget,4.0,Premium Economy,Aisle,2.11,Mobile App,No,Online,18.0,73,2024-11-29,11,0,0,0.922,1050.41,3437.5,4.16,1,30.8,1363.4,1438.35,334338,On-Time,3
100597,AL07, Singapore ,full-service,3.0,Business,Middle,5.87,Website,No,Card,30.0,5,2025-02-18,2,0,0,0.674,444.68,1406.2,6.72,0,63.7,906.06,994.33,161427,On-Time,4
101931,AL09,Philippines,budget,3.0,Economy,Window,3.89,Mobile App,Yes, Card ,20.0,45,2024-08-09,8,0,0,0.819,607.41,1934.3,7.16,0,69.1,913.89,975.2,171148,Delayed,2
101656,AL12,Vietnam,premium,3.0,Premium Economy,Aisle,4.53,Website,No,Card,49.0,21,2024-12-25,12,0,1,0.836,651.83,1961.0,5.66,0,47.9,978.41,1116.77,101992,On-Time,3
100680,AL10, PHILIPPINES ,full-service,5.0,Business,Middle,3.48,Website,No,Card,22.0,2,2024-05-10,5,0,0,,488.65,1688.7,7.54,1,54.7,958.99,1140.25,194116,On-Time,4
103347,AL17,Vietnam,full-service,4.0,Premium Economy,Middle,1.42,travel agent,Yes,Card,66.0,28,2024-04-04,4,0,0,0.766,518.06,1410.0,6.93,1,41.1,664.56,720.76,159775,On-Time,4
102572,AL10, THAILAND ,full-service,4.0,Premium Economy,Window,4.85,Travel Agent,No,Card,26.0,49,2025-06-02,6,0,0,0.95,361.2,1360.4,5.28,0,28.6,793.48,925.46,176843,On-Time,3
101565,AL14, THAILAND ,full-service,4.0,Premium Economy,Aisle,3.65,Travel Agent,No, Card ,1.0,38,2024-10-18,10,0,0,0.685,277.89,844.4,7.16,0,39.9,598.54,668.92,56440,On-Time,2
103756,AL05, MALAYSIA ,budget,3.0,Economy,Window,6.92,Travel Agent,No,Online,56.0,2,2024-05-27,5,0,0,0.713,284.15,551.9,5.4,0,42.7,402.83,551.09,144272,On-Time,2
101328,AL10,philippines,full-service,3.0,Economy,Window,4.09,Mobile App,No,Card,42.0,23,2024-08-05,8,0,0,0.769,287.34,772.4,5.72,0,12.7,518.54,588.86,98419,On-Time,2
102087,AL11,Vietnam,budget,1.0,Business,Window,2.0,Mobile App,Yes,Online,18.0,7,2024-12-09,12,0,0,0.841,230.07,819.4,7.69,0,66.6,766.0,920.24,180306,On-Time,3
103341,AL11,Malaysia,budget,2.0,Economy,Middle,2.53,Mobile App,Yes,Cash,28.0,4,2024-08-14,8,0,0,0.798,479.56,1441.9,7.67,0,71.9,765.85,1018.68,164163,Delayed,3
101518,AL09,vietnam,budget,3.0,Economy,Window,5.93,Travel Agent,No,Online,24.0,7,2024-03-13,3,0,0,0.81,288.89,769.5,6.59,0,70.3,552.55,612.4,154197,On-Time,3
103064,AL07,Malaysia,full-service,3.0,Economy,Middle,3.33,Website, No ,Card,28.0,17,2024-11-14,11,0,0,0.75,253.67,550.3,8.7,0,61.6,532.76,581.71,40062,Delayed,3
102287,AL12,Indonesia,premium,4.0,Economy,Middle,2.9,website,Yes,Card,41.0,3,2025-04-25,4,0,0,0.576,498.99,1421.3,6.6,0,42.2,797.2,895.24,159637,On-Time,4
103224,AL08,Australia,full-service,4.0,Economy,Window,0.83,Travel Agent,No,Online,34.0,6,2024-08-12,8,0,1,0.756,730.1,2383.9,8.05,0,36.7,1041.1,1083.85,191586,Cancelled,2
100221,AL02,Malaysia,budget,3.0,premium economy,Aisle,1.13,Travel Agent,Yes,Online,21.0,2,2024-12-14,12,1,1,0.803,211.23,696.3,6.94,0,50.3,670.25,890.74,90558,Delayed,2
100225,AL04,Singapore,full-service,4.0,Economy,Middle,5.46,Airport Counter, No ,Online,32.0,23,2024-10-23,10,0,0,0.812,763.97,2436.7,7.83,0,13.3,1066.86,1118.44,134737,On-Time,2
103841,AL05,singapore,budget,3.0,Premium Economy,Aisle,1.79,Airport Counter,Yes,Online,46.0,77,2024-09-28,9,1,0,0.761,551.76,1625.7,7.63,0,51.1,830.4,933.66,184385,Delayed,4
103582,AL08,Vietnam,full-service,2.0,Economy,Window,1.52,Mobile App, Yes ,Online,40.0,40,2025-05-23,5,0,0,0.794,268.4,714.6,7.46,0,62.7,533.47,570.43,82773,Delayed,2
102517,AL04, MALAYSIA ,full-service,4.0,Economy,Window,3.88,Travel Agent,No, Card ,43.0,41,2025-05-12,5,0,0,,289.95,871.9,7.78,0,52.0,551.87,659.61,103454,On-Time,4
103209,AL15,Japan,budget,5.0,economy,Middle,1.86,Travel Agent,No,Online,42.0,12,2024-05-22,5,0,0,0.799,560.25,1755.5,8.2,0,61.8,877.6,973.6,226411,On-Time,4
102393,AL05, Thailand ,budget,3.0,Economy,Window,3.6,Airport Counter,Yes,Online,49.0,5,2025-03-30,3,1,0,0.702,1003.1,3371.4,6.26,0,69.1,1375.85,1412.06,127242,Delayed,3
101760,AL18, MALAYSIA ,budget,5.0,first,Window,3.39,Mobile App,Yes,Card,35.0,50,2025-04-08,4,0,0,0.908,652.39,2287.4,5.86,0,68.3,1304.06,1411.79,99609,Delayed,2
101360,AL12,Japan,premium,4.0,Business,Middle,3.22,Airport Counter,No, Card ,36.0,107,2024-01-03,1,0,0,0.792,406.56,1013.1,9.33,0,51.0,788.26,872.83,94706,Delayed,3
102324,AL12,australia,premium,5.0,Economy,Aisle,5.22,website, Yes ,Card,18.0,82,2024-11-08,11,0,0,0.667,712.04,2558.8,7.77,0,59.1,1110.34,1162.9,153660,On-Time,4
103838,AL12, INDONESIA ,premium,3.0,Economy,Middle,2.96,Travel Agent,No,Online,27.0,16,2024-10-20,10,1,0,0.686,621.03,1831.9,4.82,0,75.0,824.82,855.49,154469,Delayed,1
103401,AL12, Indonesia ,premium,3.0,Economy,Aisle,1.11,Mobile App,Yes, Online ,52.0,6,2024-08-03,8,1,0,0.641,206.45,597.1,6.55,0,53.1,463.88,779.24,165161,On-Time,3
101492,AL01,Philippines,full-service,4.0,Economy,Window,6.05,Website,No,Card,,27,2025-02-03,2,0,1,0.658,414.24,1164.4,8.44,0,72.8,632.64,704.56,85990,Delayed,2
103331,AL06,Thailand,premium,4.0,Economy,Middle,2.02,Website,No,Online,43.0,16,2024-05-29,5,0,0,0.685,323.2,654.6,9.67,1,52.2,338.0,411.6,69059,On-Time,3
103350,AL14,Thailand,full-service,3.0,Business,Aisle,2.02,Website,No,Card,36.0,42,2024-02-29,2,0,1,0.844,395.36,1147.4,7.85,0,40.3,843.53,925.09,62820,On-Time,4
102009,AL18,Thailand,budget,1.0,Economy,Aisle,3.91,Website,No,Card,36.0,12,2025-02-02,2,1,0,0.921,685.98,2151.8,7.6,0,56.9,1024.45,1133.49,292867,Delayed,3
100205,AL11, MALAYSIA ,budget,4.0,Economy,Window,2.02,Walk-in,No,Card,29.0,6,2024-02-28,2,0,1,0.887,199.04,430.3,9.2,0,25.5,423.18,509.93,49378,On-Time,3
101027,AL13,indonesia,full-service,4.0,Economy,Middle,0.75,Walk-in,No, Card ,,22,2024-07-29,7,0,0,0.809,1230.56,3801.2,9.06,0,47.1,1561.87,1770.36,451740,On-Time,4
104119,AL04,Philippines,full-service,4.0,Business,Aisle,5.04,Travel Agent,No,Card,38.0,47,2024-05-16,5,0,0,0.817,605.5,1733.3,8.8,0,82.5,1049.73,1119.53,110766,Delayed,4
103303,AL16,Thailand,budget,3.0,Premium Economy,Window,4.72,Walk-in,Yes,Card,25.0,34,2024-09-05,9,0,0,0.646,490.32,1231.6,8.31,0,51.0,724.61,868.78,154517,On-Time,4
101046,AL18, INDONESIA ,budget,2.0,Economy,Aisle,6.56,mobile app,No,Online,20.0,17,2025-05-09,5,0,0,0.835,518.12,1776.4,,0,47.1,854.58,921.4,103929,Delayed,4
100693,AL12, Australia ,premium,3.0,first,Aisle,2.3,Airport Counter,Yes,Cash,18.0,42,2025-02-25,2,0,0,0.73,319.82,841.2,7.04,0,93.6,915.68,1198.16,212185,On-Time,4
103587,AL08,Thailand,full-service,3.0,Premium Economy,Window,7.0,Travel Agent, Yes ,Card,37.0,81,2025-06-04,6,0,0,0.905,263.31,1081.5,5.79,1,62.4,592.07,721.05,174062,Delayed,4
103531,AL03,Malaysia,premium,3.0,Economy,Aisle,0.83,Website,No,Card,34.0,4,2025-05-24,5,1,0,0.85,493.5,1689.2,9.41,0,55.8,839.75,968.98,159698,Delayed,3
104059,AL10,Singapore,full-service,2.0,economy,Aisle,5.24,Travel Agent,No,Online,36.0,12,2025-01-13,1,0,0,0.744,394.34,1070.1,7.02,0,88.6,677.6,762.84,188120,Cancelled,2
101186,AL18,Philippines,budget,4.0,Economy,Aisle,2.9,Website,No,Card,41.0,27,2024-08-01,8,0,0,0.808,721.09,2181.1,6.13,0,70.2,969.56,1032.77,216531,On-Time,5
101369,AL03,Vietnam,premium,2.0,premium economy,Aisle,4.69,Mobile App, Yes ,Card,31.0,3,2024-08-21,8,0,0,0.605,159.59,574.5,8.81,0,84.6,610.09,790.05,175322,On-Time,3
101907,AL01,Japan,full-service,4.0,Economy,Middle,2.54,website,Yes,Card,22.0,119,2025-06-21,6,1,0,0.826,425.92,1056.3,5.68,0,87.4,626.92,662.62,71670,Delayed,3
103307,AL12,Philippines,premium,2.0,premium economy,Window,5.29,Travel Agent,,Cash,23.0,63,2024-10-13,10,1,1,0.943,399.6,1133.0,6.71,0,39.0,778.01,930.26,208771,On-Time,4
100016,AL07,Thailand,full-service,4.0,Premium Economy,Window,3.89,Mobile App,No,Card,28.0,15,2024-08-02,8,0,0,0.798,628.93,2175.5,6.73,0,55.9,1092.21,1314.03,326012,On-Time,4
102514,AL12,Singapore,premium,3.0,Economy,Aisle,2.61,Mobile App,No,Card,28.0,14,2024-10-05,10,1,0,0.803,551.32,1881.4,7.94,0,76.2,911.21,1010.36,263387,On-Time,3
103662,AL06,japan,premium,5.0,Economy,Window,0.75,Travel Agent,No,Card,46.0,11,2024-06-07,6,0,0,0.783,497.52,1586.2,7.36,0,36.6,805.98,934.84,168363,On-Time,3
102205,AL12,Malaysia,premium,4.0,Economy,Window,7.9,Mobile App,No,Online,43.0,21,2024-10-23,10,0,0,0.807,288.84,1024.1,9.23,1,47.2,531.73,618.19,53417,Delayed,3
102751,AL02, Indonesia ,budget,3.0,Economy,Aisle,4.63,travel agent,Yes,Online,28.0,17,2025-05-25,5,1,0,0.846,894.95,3223.0,6.7,1,29.8,1133.56,1284.82,195459,Delayed,2
101486,AL04,Japan,full-service,3.0,Economy,Aisle,3.17,Travel Agent,No,Card,31.0,15,2024-08-01,8,0,0,0.748,485.28,1520.8,4.81,1,55.1,711.4,824.15,68411,Delayed,1
101676,AL16,indonesia,budget,4.0,Economy,Aisle,3.79,Airport Counter,Yes,Card,39.0,64,2025-04-11,4,0,0,0.82,688.16,2211.1,8.5,1,26.2,871.72,911.03,98837,Delayed,3
101184,AL12,Singapore,premium,3.0,Economy,Window,2.73,Mobile App,Yes,Card,33.0,36,2024-11-16,11,1,0,0.722,426.82,1389.0,9.06,0,78.0,739.24,765.28,126555,On-Time,3
102353,AL16,Singapore,budget,4.0,Economy,Aisle,3.45,Mobile App,No,Card,42.0,1,2024-09-28,9,1,0,0.925,256.53,357.0,8.09,0,69.9,454.19,548.86,94140,Delayed,3
100656,AL17,Vietnam,full-service,4.0,economy,Aisle,4.8,website,No,Card,57.0,45,2024-04-08,4,0,0,0.851,745.46,1786.5,6.07,0,36.7,793.11,903.69,142451,Delayed,2
101571,AL11,Thailand,budget,2.0,Premium Economy,Aisle,4.04,Website,No,Cash,32.0,119,2024-05-27,5,0,0,0.97,386.1,1249.0,8.34,0,64.4,780.71,872.83,79458,Delayed,4
101737,AL08,Malaysia,full-service,3.0,Economy,Window,2.17,Airport Counter,Yes, Online ,53.0,38,2025-02-24,2,0,1,0.702,217.89,804.3,8.27,0,51.7,548.03,595.25,114565,Delayed,4
101419,AL02, INDONESIA ,budget,3.0,Economy,Aisle,0.9,Mobile App,,Online,27.0,21,2024-09-10,9,0,0,0.85,481.34,1331.4,7.39,1,71.9,564.76,677.95,176219,Delayed,3
100399,AL03,Singapore,premium,3.0,Business,Middle,8.56,Airport Counter,No,Online,65.0,20,2024-09-17,9,0,1,0.839,701.01,2013.4,8.13,0,34.3,1101.73,1186.42,193963,Delayed,4
102846,AL11,Singapore,budget,4.0,Economy,Aisle,0.75,Website, No ,Online,35.0,8,2024-01-28,1,1,0,0.739,98.57,611.2,8.62,0,53.7,491.43,541.95,82812,On-Time,3
102980,AL10, VIETNAM ,full-service,2.0,Premium Economy,Aisle,4.99,Mobile App, No , Online ,36.0,37,2025-03-18,3,0,0,0.672,570.51,1986.4,8.56,1,46.3,898.8,938.02,242887,On-Time,4
100618,AL10,Malaysia,full-service,5.0,Business,Aisle,6.84,Airport Counter, No ,Card,44.0,6,2024-05-18,5,1,0,0.825,280.0,905.0,,1,40.5,641.35,994.49,170335,Delayed,3
100508,AL15,Indonesia,budget,2.0,Economy,Window,0.91,Website,Yes,Online,21.0,39,2025-05-21,5,0,0,0.655,401.76,1390.1,7.98,1,26.8,563.75,626.61,99708,On-Time,4
103778,AL07,Malaysia,full-service,3.0,Economy,Aisle,6.2,Travel Agent,Yes, Cash ,25.0,2,2024-02-27,2,0,1,0.719,584.32,1728.7,5.41,0,63.3,880.05,905.32,116522,On-Time,2
102784,AL10,Malaysia,full-service,4.0,economy,Middle,3.57,Website,Yes,Online,47.0,47,2025-03-22,3,1,1,,682.96,2524.2,7.13,1,65.4,851.3,875.86,131050,Delayed,3
102847,AL01, MALAYSIA ,full-service,1.0,Economy,Aisle,6.52,Mobile App,No,Card,42.0,18,2024-11-18,11,0,0,0.85,830.95,2672.8,6.31,1,62.0,952.34,1004.03,130197,Delayed,2
102322,AL12,malaysia,premium,3.0,economy,Middle,4.18,Airport Counter,No,Online,37.0,21,2024-04-15,4,0,0,0.893,417.53,1192.3,7.74,1,44.3,647.24,718.9,177277,On-Time,3
103509,AL12,Vietnam,premium,3.0,Economy,Aisle,2.16,Mobile App, No ,Online,,16,2024-04-20,4,1,0,0.664,261.22,731.5,8.97,0,82.2,536.64,577.73,99453,Delayed,2
100867,AL16,Singapore,budget,4.0,Economy,Window,6.44,Website,No,Card,41.0,28,2024-02-02,2,0,0,0.99,314.87,1119.6,10.0,0,34.1,622.98,683.52,60574,Cancelled,3
102507,AL07,Indonesia,full-service,5.0,Business,Window,4.27,Airport Counter,No,Card,59.0,30,2024-05-05,5,1,0,0.979,456.79,1521.7,7.91,0,29.4,898.31,1077.76,274314,On-Time,4
100886,AL09, MALAYSIA ,budget,5.0,Economy,Aisle,8.2,travel agent,No,Online,42.0,41,2024-12-25,12,0,0,0.383,125.07,433.6,8.18,0,79.8,366.08,400.48,82628,On-Time,3
102110,AL04,Indonesia,full-service,4.0,First,Window,3.74,Website,No,Cash,48.0,95,2025-04-02,4,0,0,0.655,400.4,1200.6,7.31,0,68.0,919.13,1082.69,127632,On-Time,5
100599,AL13, JAPAN ,full-service,2.0,Premium Economy,Aisle,1.45,Mobile App, No , Online ,38.0,10,2024-10-17,10,0,0,0.694,506.24,1258.2,7.27,0,23.8,804.16,889.84,137085,On-Time,3
103230,AL14,Philippines,full-service,5.0,Economy,Middle,5.15,Website,Yes, Card ,43.0,28,2025-05-08,5,0,0,0.757,682.16,2263.1,7.58,1,47.9,926.91,950.85,164732,On-Time,3
104065,AL18,Philippines,budget,4.0,premium economy,Middle,3.13,Website,Yes,Online,44.0,15,2025-01-02,1,0,0,0.576,366.32,1284.0,9.75,1,54.7,665.53,745.4,110937,Delayed,4
100457,AL11,Indonesia,budget,3.0,Economy,Aisle,2.08,Website,No,Cash,24.0,14,2025-04-21,4,0,0,0.794,1080.12,3982.3,7.09,0,34.8,1520.07,1560.4,290579,On-Time,2
103184,AL13,Philippines,full-service,2.0,Premium Economy,Middle,1.58,Travel Agent,Yes,Card,46.0,18,2025-01-06,1,0,0,0.79,258.25,826.8,6.03,1,35.7,544.84,612.01,60181,On-Time,3
101117,AL17,Malaysia,full-service,3.0,Economy,Middle,3.36,Mobile App,No, Online ,33.0,2,2024-09-14,9,1,0,0.762,314.67,1104.9,8.6,0,52.2,671.53,702.43,174073,On-Time,3
100870,AL08,Malaysia,full-service,3.0,economy,Window,5.64,Website,Yes,Online,45.0,7,2024-12-06,12,0,0,0.736,474.01,1139.6,7.79,0,29.0,653.18,871.71,202998,Delayed,2
100790,AL13,Japan,full-service,4.0,Economy,Window,2.22,travel agent, Yes ,Online,37.0,50,2025-04-19,4,1,0,0.824,460.23,1126.8,7.59,0,67.7,639.55,757.32,128918,Cancelled,3
102260,AL04,Australia,full-service,4.0,Premium Economy,Aisle,5.12,Mobile App,Yes,Card,22.0,77,2024-06-20,6,0,0,0.621,364.57,1300.2,7.64,1,41.9,589.1,722.32,108039,On-Time,4
103819,AL13,Thailand,full-service,4.0,Premium Economy,Middle,2.67,Travel Agent,No,Cash,19.0,22,2025-02-03,2,0,0,0.7,272.33,854.4,9.3,0,46.6,650.35,795.01,99980,Delayed,3
102808,AL09, Malaysia ,budget,5.0,Economy,Aisle,2.56,Website,Yes,Card,44.0,32,2024-02-27,2,0,0,0.962,683.33,2078.7,6.01,0,60.7,989.03,1117.2,230011,On-Time,2
100954,AL07,Vietnam,full-service,2.0,economy,Middle,8.33,Mobile App, No ,Card,30.0,9,2025-05-16,5,0,0,0.481,243.09,815.5,5.6,1,65.2,453.1,695.76,49130,Delayed,2
100650,AL08,Australia,full-service,4.0,Economy,Aisle,1.26,Website,No,Card,47.0,11,2024-09-04,9,0,1,0.864,398.09,1652.4,5.65,0,32.5,818.22,993.49,234414,Delayed,3
100733,AL07, THAILAND ,full-service,3.0,Economy,Middle,3.56,Mobile App,No,Card,27.0,17,2025-05-26,5,0,0,0.681,391.79,1020.8,7.1,0,49.8,579.39,780.97,87424,Delayed,3
104193,AL01,Australia,full-service,4.0,Premium Economy,Aisle,8.44,Walk-in,No, Card ,24.0,10,2024-04-12,4,0,1,0.94,209.58,469.5,9.14,0,66.0,619.1,669.96,163226,Delayed,3
100379,AL13,malaysia,full-service,4.0,Economy,Window,3.01,Travel Agent, Yes ,Online,30.0,18,2025-02-24,2,0,0,0.699,285.05,993.8,,0,32.0,561.23,637.22,161015,Delayed,3
102612,AL17,singapore,full-service,3.0,Economy,Middle,3.39,Mobile App,No,Card,56.0,7,2025-04-22,4,0,0,0.666,707.11,1848.2,6.66,0,30.2,853.6,1019.4,174184,On-Time,4
103655,AL12,Indonesia,premium,4.0,Economy,Window,2.1,Mobile App,No,Online,,11,2024-03-18,3,0,0,,480.8,1574.9,8.09,0,34.1,720.35,776.92,111484,On-Time,4
100956,AL04,Australia,full-service,3.0,Premium Economy,Aisle,5.99,Mobile App,No, Online ,21.0,12,2024-10-02,10,0,0,0.704,1080.75,3784.7,5.87,0,60.6,1503.68,1612.41,131286,On-Time,4
102789,AL16,malaysia,budget,3.0,Economy,Window,4.93,website,Yes,Online,2.0,20,2025-01-09,1,0,0,0.78,393.94,1093.6,8.13,0,57.7,608.41,673.83,86922,Delayed,3
100171,AL18,Singapore,budget,3.0,First,Middle,4.5,Website,Yes,Card,47.0,28,2024-01-08,1,0,0,0.964,540.85,1464.2,6.12,0,40.9,999.21,1261.2,316621,On-Time,3
101944,AL12,malaysia,premium,2.0,Business,Aisle,1.56,Mobile App,Yes,Card,30.0,6,2024-10-18,10,0,0,0.913,671.27,2257.0,6.54,0,43.5,1220.12,1399.8,247216,On-Time,5
102279,AL01,Vietnam,full-service,4.0,Premium Economy,Aisle,4.68,Website,Yes,Cash,49.0,9,2024-09-09,9,0,0,0.751,270.84,942.3,9.32,0,20.5,667.96,802.37,193490,On-Time,4
100659,AL05,thailand,budget,,Economy,Window,2.62,Mobile App,,Online,24.0,6,2025-01-29,1,0,0,0.716,437.58,1432.3,8.94,0,79.3,731.58,773.37,197264,On-Time,4
102430,AL06, PHILIPPINES ,premium,5.0,Premium Economy,Window,3.16,website,Yes,Card,21.0,3,2025-02-14,2,0,0,0.831,369.98,1186.1,9.77,1,40.5,703.29,819.8,81234,On-Time,5
102528,AL08,Australia,full-service,3.0,Premium Economy,Middle,7.2,airport counter,Yes,Card,33.0,22,2024-03-04,3,0,0,0.607,177.27,525.8,8.44,0,60.0,521.56,577.76,113735,On-Time,3
102120,AL08,Indonesia,full-service,3.0,Business,Middle,2.75,Walk-in,No,Online,38.0,15,2025-04-13,4,1,0,0.865,218.29,720.3,7.45,0,90.5,752.93,831.93,125518,Delayed,3
101094,AL08,Vietnam,full-service,2.0,Economy,Middle,3.07,Website,No,Cash,47.0,16,2024-06-27,6,0,0,0.858,445.35,1630.5,7.91,1,48.4,798.03,892.95,76110,Delayed,1
103723,AL11, SINGAPORE ,budget,3.0,Economy,Middle,1.45,Travel Agent,No,Online,18.0,1,2024-05-27,5,0,0,0.748,607.23,2012.3,6.55,0,54.5,932.26,1045.76,207495,Delayed,3
103456,AL07,singapore,full-service,2.0,Premium Economy,Window,1.65,Website,No,Online,33.0,19,2025-02-22,2,1,0,0.422,194.2,743.1,5.92,1,54.5,526.62,653.02,61877,On-Time,3
102219,AL13,malaysia,full-service,3.0,Business,Window,1.41,Mobile App,No,Online,24.0,4,2024-08-06,8,0,0,0.835,555.63,1899.4,6.3,0,29.8,1114.99,1205.74,260575,Delayed,2
100642,AL10,Philippines,full-service,4.0,Economy,Aisle,2.58,Website,No,Card,41.0,8,2025-05-12,5,0,0,0.774,293.97,901.5,7.39,0,54.7,530.79,582.81,76780,On-Time,5
100168,AL09,australia,budget,2.0,Economy,Aisle,2.96,Website,Yes,Online,45.0,39,2024-12-12,12,0,0,0.817,799.58,2867.4,8.65,0,72.9,1156.88,1263.06,142232,On-Time,3
101517,AL12,Malaysia,premium,3.0,Economy,Aisle,4.0,Travel Agent,No,Online,50.0,1,2024-12-29,12,1,0,0.683,1300.88,4232.9,6.83,0,96.5,1767.2,1841.66,311908,Delayed,3
101800,AL17,Philippines,full-service,5.0,economy,Window,8.02,Travel Agent, Yes ,Card,21.0,33,2024-12-21,12,1,0,0.942,446.69,1081.2,7.42,0,67.2,625.09,719.27,146979,Delayed,4
103260,AL04,malaysia,full-service,4.0,Economy,Aisle,3.92,Travel Agent,Yes,Online,35.0,3,2025-02-01,2,1,0,0.824,391.23,1571.8,5.3,1,49.2,720.13,772.65,168288,On-Time,3
101917,AL09,Thailand,budget,3.0,Economy,Aisle,4.97,Website,No,Card,37.0,48,2024-10-12,10,1,0,0.774,239.46,710.3,9.72,0,41.2,508.31,620.11,120807,Delayed,3
100272,AL06,Indonesia,premium,4.0,economy,Aisle,3.66,Website,No,Online,36.0,17,2024-10-21,10,0,0,0.617,632.56,2158.3,9.16,0,39.2,909.21,1032.62,88417,On-Time,3
101215,AL08,Singapore,full-service,4.0,Economy,Aisle,2.28,airport counter,No,Online,52.0,12,2024-04-30,4,0,0,0.529,343.14,988.0,6.81,0,58.8,630.21,685.79,54414,Delayed,3
102468,AL01,Thailand,full-service,3.0,economy,Window,1.64,Website,No, Card ,46.0,11,2025-02-11,2,0,0,0.783,574.99,1617.3,9.46,0,47.8,815.4,896.24,135626,On-Time,4
101118,AL06,Japan,premium,3.0,Economy,Aisle,2.06,travel agent,No,Card,59.0,4,2024-05-26,5,1,0,0.52,404.39,1526.7,6.75,1,60.4,735.14,791.38,95015,Delayed,4
103846,AL11, PHILIPPINES ,budget,4.0,Economy,Middle,1.09,Mobile App,No,Online,25.0,16,2024-06-19,6,0,0,0.977,537.28,1500.3,8.3,0,37.5,719.88,910.25,190099,Delayed,2
104077,AL18, THAILAND ,budget,4.0,Economy,Aisle,5.74,Website,No, Card ,33.0,29,2025-06-26,6,0,0,0.579,233.17,422.9,8.49,0,49.2,299.37,367.15,52283,On-Time,4
101066,AL17,Malaysia,full-service,3.0,Economy,Window,6.59,Website,, Cash ,35.0,32,2025-04-28,4,0,0,0.799,754.06,2285.0,7.02,0,87.3,1041.05,1124.08,216876,Delayed,2
102104,AL13,Singapore,full-service,3.0,Premium Economy,Middle,3.57,Travel Agent,Yes,Online,36.0,9,2024-10-24,10,0,1,0.741,630.11,2196.0,9.05,0,31.6,1048.88,1170.95,217432,Delayed,3
103175,AL05,philippines,budget,5.0,Economy,Aisle,2.64,Mobile App,No,Cash,,6,2024-05-12,5,1,0,0.812,526.16,1687.2,5.76,0,61.6,789.81,863.17,182384,On-Time,4
103390,AL09,Vietnam,budget,4.0,Premium Economy,Window,4.54,Airport Counter,Yes,Card,18.0,26,2024-07-28,7,1,0,0.694,260.43,766.1,6.78,0,33.3,542.01,683.5,149029,On-Time,5
103620,AL10,australia,full-service,2.0,Premium Economy,Aisle,3.69,Mobile App,No,Card,55.0,6,2025-06-05,6,0,0,0.841,921.57,2740.8,7.29,0,45.2,1243.92,1491.37,274069,On-Time,3
103664,AL03,thailand,premium,3.0,First,Window,2.84,Travel Agent, No ,Cash,33.0,48,2024-12-23,12,0,0,0.493,139.48,426.6,8.74,0,73.6,689.53,849.28,66207,On-Time,3
101912,AL01,Thailand,full-service,2.0,Economy,Window,3.69,Walk-in,No,Card,,7,2025-04-04,4,0,0,0.946,354.24,1302.3,8.77,1,82.5,631.94,718.62,84559,On-Time,4
100038,AL13,Malaysia,full-service,4.0,Economy,Aisle,3.18,Travel Agent,Yes,Online,,84,2025-04-21,4,0,1,0.798,1261.95,4170.1,10.0,0,95.7,1727.21,1814.67,266521,Delayed,2
100306,AL12,Australia,premium,4.0,Economy,Middle,4.89,travel agent,No,Card,47.0,19,2024-07-07,7,1,1,0.846,310.22,700.6,4.38,0,29.3,440.67,499.13,49083,Delayed,2
100006,AL13, SINGAPORE ,full-service,3.0,Economy,Aisle,2.08,Travel Agent,No,Card,48.0,7,2024-12-09,12,0,0,0.99,308.87,886.6,7.61,0,59.7,693.16,744.79,90246,On-Time,4
103152,AL02,japan,budget,3.0,Premium Economy,Aisle,5.66,Website,, Card ,18.0,4,2024-12-25,12,0,0,0.886,566.95,1683.2,6.25,0,5.0,856.82,1076.22,147717,Delayed,2
102830,AL06, PHILIPPINES ,premium,5.0,Economy,Window,8.13,website,No,Cash,33.0,7,2024-03-31,3,1,0,0.873,326.08,1057.7,4.71,0,49.6,635.26,696.25,103271,Delayed,3
102456,AL17,Australia,full-service,2.0,Premium Economy,Aisle,6.06,Website,No, Card ,62.0,0,2024-12-12,12,0,0,0.72,299.3,991.0,8.97,0,38.1,738.36,876.52,188821,Delayed,2
102829,AL01,vietnam,full-service,4.0,Economy,Window,7.98,Walk-in, No ,Online,35.0,23,2024-08-31,8,1,0,0.666,953.98,2861.0,6.6,0,62.2,1231.32,1380.51,233399,Cancelled,3
100781,AL02,Thailand,budget,4.0,Economy,Window,9.52,Walk-in,No, Cash ,47.0,10,2025-01-07,1,0,0,0.665,414.48,1242.5,8.09,0,69.0,765.15,881.16,214584,Delayed,2
101190,AL02,Indonesia,budget,2.0,Premium Economy,Middle,3.55,Website,No,Online,47.0,47,2024-08-28,8,0,0,0.869,282.82,708.6,7.8,0,84.1,635.52,796.94,189442,On-Time,4
100534,AL18, Vietnam ,budget,4.0,Premium Economy,Middle,1.11,Mobile App,No, Card ,34.0,21,2024-08-14,8,0,0,0.666,574.07,1889.0,8.52,0,34.9,966.08,1114.26,288874,On-Time,4
100583,AL03,Indonesia,premium,2.0,Economy,Window,2.51,Mobile App,Yes,Cash,49.0,51,2024-07-25,7,0,0,0.628,291.79,849.1,6.55,0,27.2,565.96,716.16,183868,On-Time,3
103615,AL02,australia,budget,3.0,Economy,Window,3.03,Airport Counter,Yes,Online,27.0,16,2025-06-13,6,0,0,0.798,218.72,628.2,7.19,0,40.3,479.22,596.37,60756,On-Time,4
102585,AL08, SINGAPORE ,full-service,3.0,Economy,Middle,1.9,Mobile App,Yes,Card,24.0,4,2024-12-15,12,1,0,0.574,218.3,591.2,8.97,1,42.8,479.81,578.09,56385,On-Time,4
103857,AL04,singapore,full-service,3.0,Premium Economy,Window,3.18,airport counter,Yes,Card,47.0,25,2025-06-13,6,0,1,0.814,566.33,1584.7,5.26,1,10.6,712.81,813.19,95516,Delayed,3
103592,AL16,Vietnam,budget,2.0,Economy,Aisle,4.36,Website,No, Card ,37.0,39,2024-05-24,5,0,0,0.74,390.17,1291.7,7.28,0,30.7,651.06,797.82,112034,Delayed,3
101333,AL12,Indonesia,premium,4.0,economy,Window,5.87,Travel Agent,Yes,Card,47.0,59,2025-05-07,5,0,0,0.814,408.19,1275.1,7.54,0,58.3,658.14,745.1,75995,On-Time,4
103639,AL08, Thailand ,full-service,3.0,Economy,Middle,4.65,Website,No,Card,43.0,59,2024-06-11,6,0,0,0.836,382.04,1286.1,6.88,0,53.3,616.52,658.81,116022,On-Time,4
103338,AL13, MALAYSIA ,full-service,3.0,Economy,Aisle,3.19,Website,Yes,Cash,48.0,9,2024-11-08,11,0,0,0.891,737.73,2017.9,5.87,1,37.5,931.33,988.0,105230,Delayed,2
102861,AL12,Australia,premium,2.0,Economy,Aisle,1.85,Website,No,Cash,48.0,20,2024-03-31,3,1,0,0.99,310.79,998.6,6.45,0,61.7,638.7,742.21,127839,On-Time,2
100316,AL06, PHILIPPINES ,premium,4.0,Premium Economy,Window,4.89,Website,Yes,Card,37.0,31,2025-05-24,5,1,1,0.818,552.03,1897.4,,1,52.7,808.68,1046.68,62199,Delayed,3
102197,AL03,Indonesia,premium,3.0,Economy,Middle,3.28,Travel Agent,Yes, Online ,25.0,25,2024-08-10,8,1,0,0.781,447.59,1516.3,9.77,1,63.5,620.31,647.93,77145,On-Time,3
102414,AL16,Philippines,budget,3.0,economy,Window,1.31,Airport Counter,No,Card,31.0,42,2025-06-26,6,0,0,0.825,618.33,2164.1,6.45,1,49.4,818.7,880.26,185519,On-Time,2
102564,AL16,Vietnam,budget,3.0,Premium Economy,Window,6.57,Website,Yes,Cash,31.0,44,2025-02-24,2,0,0,0.907,525.75,1589.4,8.75,0,50.1,895.53,1012.24,178088,Delayed,4
103712,AL17,Philippines,full-service,2.0,Economy,Middle,2.13,Travel Agent,No,Cash,18.0,3,2024-02-15,2,0,0,0.716,646.9,1709.0,5.94,0,58.9,929.5,992.27,215625,On-Time,2
104137,AL07,Australia,full-service,4.0,Premium Economy,Window,4.0,Travel Agent, No , Online ,,23,2024-03-22,3,0,0,0.897,312.74,948.1,9.02,0,5.0,692.28,796.98,171880,On-Time,4
101794,AL07,Australia,full-service,5.0,Business,Window,5.56,Website,No,Card,50.0,82,2024-06-16,6,1,0,0.703,332.11,1089.6,8.37,0,77.9,814.21,1002.02,233909,Delayed,3
102581,AL01,Vietnam,full-service,4.0,Economy,Window,2.63,Travel Agent,Yes,Online,26.0,35,2025-05-14,5,0,0,0.99,459.02,1511.5,6.3,0,85.2,844.86,928.9,113781,On-Time,2
103288,AL08,Singapore,full-service,3.0,Economy,Aisle,1.49,mobile app, Yes ,Card,31.0,28,2024-11-19,11,0,0,0.616,504.74,1505.9,7.14,1,59.5,625.91,667.81,104175,Cancelled,2
100271,AL10,Malaysia,full-service,4.0,Economy,Window,2.76,Website,No,Online,42.0,31,2024-01-26,1,0,0,0.776,452.83,1624.6,5.79,1,5.0,652.54,703.77,114892,Cancelled,2
100548,AL08,Australia,full-service,4.0,Economy,Window,3.21,Mobile App,Yes, Card ,38.0,92,2024-11-06,11,0,0,0.925,644.94,1774.4,5.14,0,47.4,834.0,968.92,147844,Delayed,2
101692,AL08,indonesia,full-service,4.0,First,Aisle,0.75,Mobile App, No ,Online,70.0,30,2024-04-17,4,0,0,0.781,291.63,703.4,7.48,0,68.9,774.58,1032.61,258577,On-Time,4
101719,AL06,Malaysia,premium,3.0,Economy,Aisle,4.58,Airport Counter,Yes,Online,56.0,7,2024-03-07,3,0,0,0.654,376.92,1191.2,5.25,0,67.6,671.16,715.68,154242,Delayed,2
103012,AL04,Singapore,full-service,4.0,Premium Economy,Aisle,3.59,Mobile App,Yes,Cash,45.0,8,2025-05-07,5,0,0,0.745,586.4,1513.7,,0,34.6,864.6,961.79,181654,On-Time,2
104147,AL16,Vietnam,budget,4.0,business,Aisle,5.76,Travel Agent,No,Online,45.0,0,2024-06-16,6,1,0,0.886,138.08,653.8,8.27,0,48.1,676.19,741.96,52436,On-Time,4
100607,AL09,Vietnam,budget,4.0,Economy,Aisle,2.53,Mobile App,No,Cash,28.0,29,2024-03-26,3,0,0,0.892,394.14,1123.5,5.43,1,51.8,554.71,684.67,170944,On-Time,2
102390,AL03,Vietnam,premium,5.0,Economy,Window,3.81,Website, Yes ,Card,36.0,25,2025-01-25,1,1,0,0.99,598.81,1811.6,7.36,0,25.2,883.44,1072.83,253456,Delayed,3
100598,AL04, THAILAND ,full-service,4.0,Economy,Middle,5.56,Travel Agent,No,Cash,35.0,19,2025-04-12,4,1,0,0.912,257.61,733.1,9.35,0,90.5,536.76,602.95,55197,Delayed,3
101689,AL15,indonesia,budget,3.0,Premium Economy,Window,5.73,Walk-in,Yes,Card,38.0,24,2024-02-03,2,1,0,0.735,427.6,1049.8,7.26,0,62.3,644.04,801.52,112094,On-Time,4
100894,AL10, Vietnam ,full-service,3.0,Premium Economy,Window,5.89,Mobile App,Yes,Online,38.0,28,2025-05-27,5,0,1,0.698,167.35,654.6,7.94,0,39.7,553.7,639.97,98429,Delayed,2
103973,AL03,Malaysia,premium,4.0,Premium Economy,Aisle,2.34,Website,Yes,Online,29.0,17,2024-09-13,9,0,0,0.99,667.9,2630.6,6.69,0,70.5,1269.65,1366.44,248170,Delayed,3
101775,AL12,indonesia,premium,2.0,First,Window,4.34,Walk-in,No,Card,35.0,26,2025-06-04,6,0,0,0.851,293.74,1133.3,7.59,0,5.0,943.3,1048.0,260242,On-Time,4
100570,AL06,singapore,premium,2.0,Economy,Window,6.94,Mobile App,No,Card,26.0,9,2024-05-14,5,0,0,0.782,210.44,908.7,6.05,1,100.0,584.09,662.89,83649,Cancelled,2
101999,AL16,australia,budget,3.0,Business,Aisle,7.13,Travel Agent, No ,Cash,43.0,6,2025-01-17,1,0,0,0.869,222.29,740.7,9.83,1,68.8,564.51,635.62,129658,On-Time,4
102122,AL15,Vietnam,budget,3.0,Premium Economy,Aisle,2.37,Mobile App,No,Card,-5.0,10,2024-09-10,9,0,0,,529.91,1341.6,8.37,0,43.8,773.71,827.74,61931,On-Time,4
100061,AL13, JAPAN ,full-service,3.0,Economy,Middle,0.83,Walk-in, No ,Online,42.0,32,2025-01-01,1,0,1,0.889,99.27,330.7,8.65,1,37.0,265.09,292.57,49663,Delayed,3
101247,AL15,Singapore,budget,4.0,Business,Window,3.8,Walk-in,No,Card,32.0,39,2024-04-22,4,0,0,0.621,222.89,610.5,10.0,0,54.0,556.94,682.6,43873,Delayed,4
102779,AL02, Thailand ,budget,3.0,Economy,Aisle,4.68,Website, No ,Online,,28,2024-04-25,4,0,0,0.68,735.5,2737.8,6.52,0,48.8,1151.94,1225.35,180921,Delayed,1
101259,AL10, AUSTRALIA ,full-service,3.0,Economy,Middle,4.5,Mobile App,No, Card ,39.0,43,2025-02-07,2,0,1,0.623,1142.48,3679.3,,0,56.4,1414.97,1498.79,343084,On-Time,3
100809,AL01,Indonesia,full-service,4.0,Economy,Aisle,2.47,Website,Yes, Cash ,43.0,33,2024-04-22,4,0,1,0.756,722.98,2225.2,7.26,1,56.1,920.42,995.48,248812,Delayed,2
102292,AL01,Singapore,full-service,3.0,Economy,Window,3.18,Website,Yes,Card,35.0,71,2025-05-09,5,0,0,0.73,688.42,2122.2,4.91,1,71.2,836.18,944.69,215170,On-Time,2
101049,AL16,Malaysia,budget,4.0,Premium Economy,Aisle,0.99,Mobile App,No, Cash ,52.0,123,2025-05-11,5,1,0,0.712,344.47,992.6,9.63,0,52.6,619.81,685.67,85376,On-Time,4
103701,AL10,Thailand,full-service,4.0,Premium Economy,Middle,2.79,Website,Yes,Online,30.0,42,2025-05-14,5,0,1,0.446,418.21,1247.7,7.3,0,58.1,768.61,962.04,77354,On-Time,3
103478,AL05,australia,budget,5.0,Economy,Window,5.84,Airport Counter,No,Online,37.0,16,2024-02-23,2,0,0,0.99,277.53,1180.1,6.34,1,63.2,596.23,744.28,108892,Delayed,2
100107,AL08, SINGAPORE ,full-service,5.0,Economy,Window,2.4,website,Yes,Card,24.0,61,2024-06-19,6,0,0,0.856,468.1,1333.5,7.82,0,34.5,674.68,850.14,123134,On-Time,4
102153,AL11,Thailand,budget,4.0,Premium Economy,Aisle,2.6,Website,No,Card,31.0,195,2024-06-07,6,0,0,0.9,458.74,1221.0,8.36,1,64.2,644.83,694.3,164998,On-Time,4
100673,AL09, MALAYSIA ,budget,2.0,Economy,Middle,4.92,Walk-in,Yes,Card,31.0,19,2025-01-17,1,0,0,0.827,120.25,655.0,4.96,0,39.3,462.05,583.84,72453,Delayed,2
102690,AL03, THAILAND ,premium,3.0,Premium Economy,Aisle,1.64,Airport Counter,No, Card ,28.0,11,2024-07-06,7,1,1,0.778,474.64,1351.4,7.71,0,41.8,838.45,891.47,56744,Cancelled,2
103637,AL01,indonesia,full-service,3.0,Economy,Aisle,2.8,travel agent,No,Card,34.0,24,2024-10-09,10,0,0,0.68,726.62,2280.8,7.2,0,53.0,1049.73,1096.2,99644,On-Time,4
100665,AL12,singapore,premium,2.0,Premium Economy,Window,9.02,Website,No,Online,25.0,62,2024-01-05,1,0,0,0.622,242.69,736.3,8.21,0,65.2,615.21,735.21,122665,Delayed,2
100509,AL01,Singapore,full-service,4.0,Business,Middle,4.62,Airport Counter,No,Card,18.0,7,2024-04-02,4,0,0,0.564,787.16,2326.5,9.81,0,43.2,1119.31,1181.8,273420,Delayed,4
102179,AL08,Indonesia,full-service,3.0,Business,Window,1.61,Walk-in, Yes ,Online,34.0,28,2025-01-20,1,0,0,0.889,411.34,1193.8,8.5,0,65.6,798.75,877.6,226439,On-Time,4
101640,AL03,Japan,premium,3.0,Economy,Window,3.7,Website,Yes,Card,22.0,17,2024-11-03,11,1,1,0.555,711.89,2256.9,5.63,0,16.6,964.33,1054.65,104653,Delayed,1
102492,AL02,australia,budget,5.0,Business,Window,3.43,travel agent, No ,Card,48.0,39,2024-11-06,11,0,0,0.833,713.27,2261.2,7.85,0,52.4,1169.16,1259.06,268806,Delayed,2
104024,AL03,Malaysia,premium,4.0,Economy,Aisle,5.92,Website,No,Card,25.0,42,2024-05-23,5,0,0,0.703,586.72,2206.5,7.9,0,55.1,951.39,1047.04,88549,On-Time,3
101532,AL17,Singapore,full-service,2.0,Economy,Window,3.82,Mobile App,No,Card,38.0,66,2025-02-13,2,0,0,0.79,163.93,304.8,6.4,1,19.9,250.71,417.17,68179,Delayed,3
100866,AL04, MALAYSIA ,full-service,3.0,Economy,Aisle,5.89,Mobile App,Yes,Card,-5.0,116,2024-10-02,10,0,0,0.7,432.37,1269.9,6.86,0,90.1,735.18,958.57,186109,On-Time,3
101855,AL05,Malaysia,budget,,Economy,Window,4.12,Website,No, Online ,37.0,43,2024-07-14,7,1,0,0.99,333.5,812.8,6.99,0,25.9,517.15,638.17,51332,On-Time,4
101736,AL07,Indonesia,full-service,4.0,Business,Middle,3.83,Travel Agent,No,Card,24.0,26,2024-04-19,4,0,0,0.75,258.15,780.8,7.67,1,46.1,634.4,713.43,165180,On-Time,3
100211,AL08,Thailand,full-service,4.0,Economy,Aisle,1.1,Website,No, Online ,25.0,48,2024-12-22,12,1,0,0.638,217.99,682.8,6.17,1,74.2,433.53,513.95,40696,On-Time,3
103147,AL02,Malaysia,budget,5.0,Economy,Window,1.76,website,Yes,Cash,27.0,14,2025-02-11,2,0,0,0.676,512.1,1525.5,7.02,0,9.0,700.24,764.57,120188,On-Time,3
101060,AL16, Malaysia ,budget,2.0,Economy,Aisle,2.99,Walk-in,No,Cash,54.0,26,2025-06-19,6,0,0,0.735,364.15,1150.6,7.0,1,56.3,513.21,544.53,96630,Cancelled,4
102256,AL05, INDONESIA ,budget,4.0,business,Aisle,5.88,mobile app,Yes, Online ,42.0,2,2025-02-13,2,0,0,0.791,157.23,648.1,7.84,1,66.8,656.51,723.84,125172,Delayed,4
102105,AL16,Malaysia,budget,3.0,First,Aisle,4.48,Walk-in,No,Card,30.0,13,2024-12-01,12,1,0,0.782,222.55,412.4,5.75,0,40.0,659.93,745.63,105602,On-Time,4
103268,AL03,Malaysia,premium,4.0,Economy,Aisle,6.13,Travel Agent,Yes,Online,39.0,53,2025-01-25,1,1,0,0.637,565.65,1584.2,5.91,0,43.5,756.73,823.24,209605,On-Time,3
104122,AL04,Philippines,full-service,,Economy,Aisle,2.68,Walk-in,Yes,Card,25.0,8,2024-04-02,4,0,0,0.794,575.14,1812.7,7.38,0,64.2,910.69,1032.08,69670,Delayed,3
102899,AL05,thailand,budget,5.0,First,Window,4.38,Travel Agent,No,Online,38.0,1,2024-07-26,7,0,0,0.852,506.9,1428.5,8.7,0,39.2,1011.07,1230.55,208727,On-Time,4
101973,AL12,Vietnam,premium,3.0,Business,Middle,8.99,website,No,Online,18.0,85,2024-11-12,11,0,0,0.756,285.15,628.7,7.11,0,43.8,717.82,784.94,73486,On-Time,3
100589,AL05, SINGAPORE ,budget,5.0,Premium Economy,Window,2.3,Mobile App,No,Card,41.0,32,2024-08-26,8,0,0,0.99,580.62,1959.4,9.17,0,50.1,1044.52,1100.82,284589,Delayed,5
102472,AL08,singapore,full-service,3.0,Business,Middle,8.23,Website,No,Cash,33.0,23,2024-02-22,2,0,0,0.603,1256.76,4110.3,9.92,1,32.4,1648.71,1949.26,165469,Delayed,4
103975,AL16,Indonesia,budget,5.0,Economy,Window,0.83,Website,No,Card,36.0,18,2024-10-17,10,0,0,0.723,484.68,1551.1,5.48,1,74.0,806.61,847.63,74508,Delayed,3
100086,AL12,Singapore,premium,3.0,Economy,Middle,4.44,Mobile App,No,Card,53.0,9,2024-09-20,9,0,0,0.737,238.78,744.1,4.58,0,55.5,559.23,643.99,46440,Delayed,3
100646,AL18,Malaysia,budget,4.0,Economy,Window,1.74,website,Yes,Online,32.0,55,2024-01-10,1,0,0,0.75,773.31,2019.7,6.63,0,17.8,879.0,916.84,219297,On-Time,2
100771,AL02, MALAYSIA ,budget,3.0,Economy,Window,6.12,Mobile App,Yes,Online,28.0,35,2024-06-05,6,0,0,0.86,316.58,1126.6,5.54,0,67.9,692.89,753.47,165871,On-Time,2
103981,AL03,Malaysia,premium,5.0,First,Window,6.83,airport counter,No,Online,24.0,40,2024-03-26,3,0,0,0.794,379.53,1194.7,6.05,0,43.3,932.53,1047.86,121366,On-Time,4
101249,AL01,Philippines,full-service,4.0,Premium Economy,Aisle,2.69,Mobile App,Yes,Online,54.0,26,2024-02-01,2,0,0,0.738,457.17,978.6,6.19,0,33.8,578.88,686.61,58084,On-Time,2
100708,AL15,Thailand,budget,3.0,Economy,Aisle,1.0,Travel Agent,Yes,Online,46.0,25,2025-01-05,1,1,0,,438.3,1112.7,5.02,0,23.1,697.04,887.5,174284,On-Time,4
103157,AL04,Vietnam,full-service,3.0,First,Middle,0.75,Travel Agent, No ,Online,33.0,40,2025-04-05,4,1,0,0.619,360.06,968.8,7.39,0,87.1,930.05,1042.77,133401,Cancelled,3
102472,AL08,singapore,full-service,3.0,Business,Middle,8.23,Website,No,Cash,33.0,23,2024-02-22,2,0,0,0.603,1256.76,4110.3,9.92,1,32.4,1648.71,1949.26,165469,Delayed,4
103624,AL11, Vietnam ,budget,4.0,premium economy,Aisle,5.48,Walk-in, No ,Online,35.0,69,2024-01-18,1,0,0,0.685,455.98,1152.0,8.55,0,29.4,625.51,808.94,90868,Delayed,3
103730,AL13, Malaysia ,full-service,4.0,First,Window,6.23,Travel Agent, No ,Online,34.0,24,2024-10-25,10,0,0,0.721,731.88,2221.8,7.67,1,42.2,1029.72,1159.1,149180,Delayed,3
104037,AL17,malaysia,full-service,4.0,Premium Economy,Window,2.31,Website,,Online,37.0,14,2025-02-18,2,0,0,0.862,468.14,1279.5,5.64,0,79.3,835.9,903.46,201442,Delayed,2
102586,AL02,Malaysia,budget,2.0,Business,Window,2.56,Walk-in,Yes,Card,22.0,45,2025-06-16,6,0,0,0.891,689.2,2383.2,6.9,0,31.8,1219.52,1367.47,272533,On-Time,2
101860,AL11,thailand,budget,3.0,Economy,Aisle,2.77,Website,No,Card,27.0,5,2025-04-13,4,1,1,0.599,351.55,905.3,9.27,0,66.5,594.67,697.22,150038,Cancelled,3
103872,AL04,Malaysia,full-service,2.0,Business,Window,0.99,Travel Agent, Yes ,Online,31.0,4,2024-11-22,11,0,0,0.889,263.13,857.8,5.88,0,60.7,749.61,822.93,136363,On-Time,4
102128,AL18, AUSTRALIA ,budget,4.0,Economy,Middle,4.2,Mobile App, No ,Card,33.0,12,2025-02-02,2,1,0,0.85,161.69,337.7,,0,67.0,376.13,464.81,65787,On-Time,3
104026,AL12,Indonesia,premium,5.0,Economy,Window,3.58,Airport Counter,No,Card,40.0,16,2024-02-09,2,0,0,0.85,622.53,2138.7,7.95,1,45.4,906.65,965.86,104430,On-Time,3
103868,AL16,Malaysia,budget,3.0,Economy,Aisle,5.94,Airport Counter,No,Online,18.0,13,2024-08-29,8,0,0,0.933,752.81,2312.2,8.37,1,86.8,835.86,915.26,134730,On-Time,4
100418,AL11, VIETNAM ,budget,5.0,Economy,Middle,6.02,Website,No,Cash,30.0,11,2024-05-26,5,1,0,0.668,166.13,637.2,7.45,0,49.7,553.95,742.63,75481,Delayed,4
101461,AL15,Malaysia,budget,4.0,Premium Economy,Aisle,3.88,Travel Agent,,Online,48.0,22,2024-07-08,7,0,0,0.873,451.21,1545.0,7.94,0,36.2,850.78,1011.56,214657,On-Time,4
101484,AL16, THAILAND ,budget,4.0,Economy,Aisle,1.79,Travel Agent,No, Card ,25.0,71,2024-01-06,1,1,0,0.727,591.09,2196.4,5.17,0,54.1,967.04,1011.43,164933,Delayed,3
102545,AL09,Malaysia,budget,2.0,Economy,Middle,3.38,Airport Counter, Yes ,Online,65.0,23,2025-05-29,5,0,0,0.695,91.86,418.2,7.34,0,100.0,441.37,590.69,41606,Delayed,2
103121,AL18, INDONESIA ,budget,1.0,Economy,Aisle,1.27,Travel Agent,Yes,Card,62.0,11,2024-01-20,1,1,0,0.826,434.56,1168.1,,0,24.8,630.97,722.76,168317,On-Time,4
100230,AL09,Malaysia,budget,4.0,Premium Economy,Aisle,4.41,Travel Agent,Yes,Cash,36.0,2,2024-11-05,11,0,0,0.958,810.16,2537.5,5.72,0,78.0,1280.74,1356.03,183407,Delayed,2
101356,AL18, INDONESIA ,budget,3.0,economy,Middle,0.75,Travel Agent, Yes ,Card,36.0,36,2025-05-11,5,1,0,0.572,777.14,2280.1,5.08,1,42.9,806.1,842.74,199746,Delayed,2
103011,AL14,Japan,full-service,3.0,Economy,Aisle,6.4,Travel Agent,No,Card,40.0,8,2024-03-18,3,0,0,0.734,493.8,1610.3,6.53,0,54.1,853.02,1007.1,98191,On-Time,3
100851,AL04, MALAYSIA ,full-service,3.0,Economy,Middle,0.9,Travel Agent,No,Card,41.0,39,2024-03-09,3,1,0,0.734,489.58,1150.5,6.07,0,67.9,623.13,766.34,116436,Cancelled,3
101004,AL13,Singapore,full-service,5.0,Economy,Window,6.23,Walk-in,No,Card,19.0,17,2024-03-26,3,0,0,0.752,367.31,733.4,6.96,0,56.8,539.9,602.78,83171,On-Time,5
101996,AL02,Vietnam,budget,5.0,Economy,Middle,1.35,Mobile App,No,Online,22.0,45,2025-04-14,4,0,0,0.736,409.79,970.6,4.84,0,55.5,587.9,656.47,112096,On-Time,3
101834,AL01,Japan,full-service,5.0,Economy,Aisle,6.36,Walk-in, No ,Online,33.0,20,2025-04-27,4,1,0,0.882,,2453.5,7.9,0,60.3,1087.88,1171.82,144368,Delayed,5
103573,AL13,Malaysia,full-service,3.0,Economy,Aisle,4.97,Travel Agent,No, Online ,28.0,19,2025-06-25,6,0,0,0.706,,629.6,7.25,0,22.2,483.53,650.0,118793,Delayed,2
100436,AL08,Singapore,full-service,3.0,Economy,Window,2.94,Website,Yes,Card,43.0,48,2024-05-14,5,0,0,0.862,363.59,598.2,8.04,0,56.6,470.56,525.84,92971,On-Time,3
101316,AL09, MALAYSIA ,budget,4.0,economy,Window,2.55,Travel Agent,Yes,Card,36.0,26,2024-05-11,5,1,0,0.745,338.14,838.3,8.68,0,20.6,488.54,546.12,125618,On-Time,4
103327,AL15,Singapore,budget,4.0,Economy,Aisle,4.15,Website,No,Card,20.0,9,2025-03-07,3,0,0,0.754,407.78,1788.6,7.42,0,43.6,796.95,820.19,113028,Delayed,3
101623,AL05,Malaysia,budget,4.0,Economy,Aisle,5.28,Mobile App,No, Online ,44.0,44,2025-02-23,2,1,0,0.724,122.14,627.7,6.66,0,70.2,496.37,669.2,133315,Delayed,2
101480,AL09,japan,budget,3.0,Economy,Middle,4.04,Website, Yes ,Card,34.0,92,2024-10-16,10,0,0,0.893,162.1,344.9,4.69,0,44.3,375.13,401.81,73980,On-Time,1
101648,AL07, Thailand ,full-service,4.0,Economy,Middle,2.9,Mobile App,Yes, Card ,35.0,22,2025-05-19,5,0,0,0.64,240.61,561.7,7.62,0,40.2,436.01,522.55,58911,On-Time,4
101003,AL15,Singapore,budget,4.0,Economy,Aisle,7.35,Website,Yes,Card,29.0,147,2024-06-15,6,1,0,0.721,456.06,1288.4,5.88,1,65.5,581.8,632.37,131927,Delayed,2
101278,AL17,Malaysia,full-service,4.0,Economy,Middle,0.82,Travel Agent,Yes,Online,27.0,4,2024-11-09,11,1,0,0.647,522.31,1204.0,9.1,0,62.2,726.87,804.9,160756,On-Time,3
103080,AL12, VIETNAM ,premium,3.0,Premium Economy,Window,1.52,Walk-in,No, Card ,33.0,1,2024-01-11,1,0,0,0.83,424.9,1289.1,8.96,1,72.8,856.37,962.17,69711,Delayed,4
101823,AL14,Malaysia,full-service,4.0,Economy,Middle,3.25,Mobile App,Yes, Card ,18.0,27,2025-04-27,4,1,1,0.753,342.5,829.4,9.77,1,100.0,499.97,686.13,53825,Delayed,4
103676,AL15,Vietnam,budget,5.0,economy,Aisle,6.65,Mobile App,No,Card,18.0,20,2024-12-31,12,0,0,0.689,444.71,1912.9,6.35,0,83.0,887.71,1055.14,232316,Delayed,4
103259,AL15,Philippines,budget,3.0,Premium Economy,Aisle,3.8,Travel Agent,No, Card ,39.0,15,2024-05-10,5,0,0,,458.02,2090.2,7.2,0,49.7,1031.23,1109.34,70343,On-Time,3
101836,AL11,Malaysia,budget,2.0,Premium Economy,Aisle,1.21,Travel Agent,Yes, Card ,43.0,13,2024-10-05,10,1,0,0.892,932.44,2831.0,7.94,0,29.0,1233.29,1316.36,330654,On-Time,3
100475,AL14,Malaysia,full-service,3.0,Economy,Middle,4.91,Mobile App,Yes,Card,43.0,24,2024-09-15,9,1,0,0.587,738.78,2495.2,6.15,0,57.0,1042.23,1169.85,220950,On-Time,2
102352,AL18,Australia,budget,5.0,Economy,Aisle,5.99,Website,Yes,Card,26.0,10,2024-10-02,10,0,0,0.945,425.48,1022.5,4.56,0,80.0,652.83,772.06,56709,Delayed,2
102282,AL16, Vietnam ,budget,3.0,Economy,Window,5.05,Travel Agent, Yes ,Online,29.0,46,2024-01-10,1,0,0,0.868,574.43,2025.3,7.74,1,78.0,938.75,1064.7,86719,On-Time,3
103146,AL14,singapore,full-service,2.0,First,Middle,3.45,Website, No ,Cash,23.0,24,2024-08-03,8,1,0,0.78,377.88,968.2,7.02,0,32.3,829.17,919.0,146493,On-Time,4
101546,AL10, Singapore ,full-service,3.0,Premium Economy,Window,2.52,Travel Agent,Yes,Card,48.0,11,2024-09-28,9,1,0,0.711,135.83,592.7,,0,62.9,553.48,618.78,70434,On-Time,3
100335,AL12,Vietnam,premium,3.0,Economy,Aisle,9.1,Website,No,Card,34.0,27,2024-01-22,1,0,0,0.47,721.41,2392.2,,0,59.7,997.72,1045.54,248378,Delayed,3
103043,AL09,Japan,budget,2.0,Economy,Window,3.9,Website,Yes,Card,41.0,28,2025-02-27,2,0,0,0.734,634.56,1865.2,6.56,1,60.9,850.84,950.66,68254,On-Time,5
102617,AL07,Vietnam,full-service,,Business,Aisle,1.63,Mobile App,No, Card ,49.0,84,2024-01-15,1,0,0,0.801,529.54,1720.4,6.67,0,59.9,960.04,1165.18,251516,On-Time,4
100088,AL16, PHILIPPINES ,budget,4.0,First,Aisle,8.26,Website, No ,Card,,0,2024-01-24,1,0,0,0.927,561.28,1574.3,6.94,1,79.4,1091.83,1183.0,266260,Delayed,4
100874,AL14, SINGAPORE ,full-service,3.0,Economy,Aisle,3.68,mobile app,Yes,Online,45.0,12,2024-10-01,10,0,1,0.99,166.31,713.0,6.59,0,35.9,561.37,599.52,104140,On-Time,4
104002,AL06,Malaysia,premium,4.0,Premium Economy,Window,2.3,website,No, Online ,57.0,59,2025-03-08,3,1,0,0.95,360.41,1235.5,7.36,0,46.7,799.57,941.74,101876,Delayed,3
100543,AL02,thailand,budget,4.0,Business,Aisle,1.98,Website,Yes,Online,32.0,43,2024-08-30,8,0,0,0.855,539.21,2004.7,9.64,0,54.4,1128.44,1319.06,127235,On-Time,5
101241,AL14, Philippines ,full-service,3.0,Business,Window,4.16,mobile app,No,Card,30.0,59,2025-02-17,2,0,0,0.928,673.94,2350.9,5.23,0,33.6,1173.17,1290.08,191824,Delayed,3
103000,AL15,Malaysia,budget,3.0,Premium Economy,Aisle,3.93,Walk-in,Yes,Card,46.0,90,2025-01-11,1,1,0,0.713,263.6,564.8,8.87,1,22.2,461.16,551.86,43357,On-Time,3
102760,AL16,Thailand,budget,5.0,Economy,Window,2.64,Travel Agent,Yes,Card,55.0,71,2025-03-29,3,1,0,0.928,365.69,839.5,5.16,0,44.7,545.66,678.32,174740,On-Time,3
101863,AL07, THAILAND ,full-service,3.0,Premium Economy,Aisle,3.26,travel agent, No ,Card,28.0,12,2024-03-07,3,0,0,0.823,390.22,1207.0,6.91,0,20.3,792.81,847.59,108276,On-Time,2
101880,AL06,Singapore,premium,5.0,Economy,Aisle,1.58,Website,Yes,Cash,47.0,26,2024-12-27,12,0,0,0.671,485.65,1855.2,6.59,0,47.8,915.79,948.74,118642,On-Time,3
104034,AL02,Singapore,budget,3.0,Economy,Window,2.13,Website,No,Card,50.0,23,2024-07-10,7,0,0,0.703,460.74,1268.4,7.3,0,61.0,660.73,715.84,131751,Delayed,2
103434,AL05, SINGAPORE ,budget,4.0,Economy,Aisle,2.1,Website,Yes, Cash ,39.0,44,2024-04-11,4,0,0,0.855,410.1,1072.5,8.64,0,51.0,552.4,651.34,110401,Delayed,4
103786,AL10, THAILAND ,full-service,3.0,Premium Economy,Aisle,5.12,Mobile App,No, Card ,40.0,79,2024-05-01,5,0,0,0.78,566.59,2079.0,8.01,0,21.0,1020.29,1202.39,143220,Delayed,2
102269,AL02,Malaysia,budget,5.0,Economy,Aisle,3.52,Airport Counter,Yes, Online ,28.0,4,2024-07-19,7,0,0,0.764,628.41,1384.0,9.72,0,68.1,762.85,874.12,134142,Delayed,4
100319,AL18, Philippines ,budget,3.0,Premium Economy,Middle,6.29,Website,No,Card,18.0,27,2025-04-08,4,0,1,0.834,394.07,1438.1,9.05,0,61.4,865.09,907.58,221260,Delayed,3
100519,AL10,Malaysia,full-service,5.0,Premium Economy,Aisle,0.83,Airport Counter,No,Card,42.0,50,2024-12-08,12,1,0,0.605,324.35,1017.2,6.39,1,70.9,553.31,719.95,76276,Delayed,3
103518,AL08, SINGAPORE ,full-service,4.0,Economy,Aisle,4.85,Mobile App, No ,Online,53.0,13,2025-03-19,3,0,0,0.653,219.89,640.0,6.74,0,49.8,472.6,704.45,56070,Delayed,2
100878,AL11,Philippines,budget,4.0,Economy,Middle,4.11,Website, No ,Online,18.0,91,2025-05-20,5,0,0,0.794,208.53,953.1,7.09,0,37.0,578.57,620.91,138460,Delayed,4
100123,AL15,Malaysia,budget,3.0,Business,Aisle,3.53,Travel Agent,No,Card,34.0,45,2025-04-17,4,0,0,0.558,302.06,614.3,7.81,1,62.7,516.75,658.86,124328,On-Time,3
100825,AL17,Malaysia,full-service,4.0,Economy,Middle,7.97,Mobile App,No,Online,43.0,33,2024-06-15,6,1,0,0.804,658.48,1897.8,8.88,0,50.3,893.53,1043.82,146624,Delayed,3
103246,AL18,Australia,budget,5.0,Premium Economy,Window,1.56,Mobile App,Yes,Cash,34.0,75,2025-05-10,5,1,0,0.67,405.45,1165.1,4.51,0,54.2,752.75,866.36,70216,Delayed,2
101290,AL13, Thailand ,full-service,4.0,Economy,Window,4.71,Website,Yes,Online,35.0,30,2024-08-11,8,1,0,0.827,343.96,1150.5,6.53,0,49.1,653.35,779.1,147479,On-Time,2
103078,AL07, THAILAND ,full-service,2.0,Economy,Middle,3.23,Website,Yes, Card ,41.0,107,2025-03-06,3,0,0,0.765,509.09,1604.6,7.01,0,56.1,779.47,873.2,162604,On-Time,3
103906,AL17,Vietnam,full-service,2.0,Premium Economy,Window,7.66,Airport Counter,Yes,Cash,29.0,15,2024-10-04,10,0,0,0.872,312.62,971.6,6.15,1,67.1,552.95,645.59,142143,On-Time,3
103950,AL06, Singapore ,premium,5.0,Premium Economy,Window,1.78,Website, No , Card ,43.0,5,2024-10-20,10,1,0,0.868,555.99,2047.3,7.49,0,86.2,1074.57,1277.3,154830,Delayed,4
100138,AL13, Australia ,full-service,4.0,Economy,Aisle,2.39,travel agent,No,Card,45.0,14,2024-09-21,9,1,0,0.634,330.99,959.8,7.82,0,58.2,534.93,656.13,110675,On-Time,3
100163,AL18, Malaysia ,budget,,economy,Middle,1.49,Airport Counter,Yes,Card,30.0,28,2025-03-07,3,0,1,0.835,481.55,1642.0,7.99,1,47.6,722.51,782.43,53446,On-Time,4
101618,AL03,Singapore,premium,4.0,Economy,Middle,7.75,Website,Yes,Card,34.0,10,2024-11-22,11,0,1,0.93,970.71,3143.9,7.0,0,62.2,1308.92,1460.03,98413,Delayed,2
104197,AL05, Thailand ,budget,3.0,Economy,Middle,5.05,airport counter, No ,Cash,39.0,9,2024-10-03,10,0,1,0.618,600.36,2295.2,9.17,0,59.0,1004.16,1062.33,212842,Delayed,3
101791,AL18,vietnam,budget,2.0,Economy,Aisle,3.95,Mobile App,No,Card,34.0,12,2024-11-23,11,1,0,0.611,352.77,1269.2,7.02,0,57.6,662.01,744.02,132252,Delayed,3
101045,AL18,Philippines,budget,2.0,Business,Middle,3.28,Travel Agent,No,Cash,,30,2024-05-14,5,0,0,0.759,346.71,713.9,6.29,0,18.4,713.01,807.9,204778,On-Time,3
100960,AL10, Indonesia ,full-service,3.0,economy,Middle,3.64,Mobile App,No,Card,,0,2024-03-28,3,0,0,0.902,660.44,1642.3,7.47,0,38.8,881.05,900.55,77474,On-Time,3
102879,AL08,Thailand,full-service,4.0,Economy,Aisle,6.2,Mobile App, No ,Cash,37.0,39,2024-10-06,10,1,0,0.726,577.0,1776.7,9.98,1,68.8,843.86,883.2,162400,Delayed,4
101750,AL04,Indonesia,full-service,4.0,Economy,Window,3.58,mobile app,Yes,Online,36.0,14,2024-02-20,2,0,0,0.866,234.44,679.5,4.6,1,12.9,351.7,536.04,125911,On-Time,2
103909,AL14,Malaysia,full-service,3.0,Economy,Window,0.99,Mobile App, No ,Online,50.0,26,2024-11-02,11,1,0,0.99,472.66,1771.6,6.46,1,37.5,763.76,843.05,52675,On-Time,2
103932,AL11,Thailand,budget,2.0,Premium Economy,Aisle,2.36,Website,No, Card ,34.0,19,2025-04-25,4,0,0,0.812,284.3,845.8,6.62,0,63.1,619.29,719.21,41603,On-Time,4
101504,AL09,Thailand,budget,5.0,Economy,Window,3.85,Website,No,Card,53.0,1,2025-02-18,2,0,0,0.871,194.58,425.0,8.0,0,26.4,407.3,474.29,86554,On-Time,3
103498,AL02, THAILAND ,budget,4.0,Economy,Window,9.5,Airport Counter,No,Card,46.0,51,2024-01-22,1,0,1,0.829,318.7,1078.3,7.23,0,36.0,613.45,668.16,145150,Delayed,3
101043,AL16, JAPAN ,budget,3.0,premium economy,Aisle,1.09,travel agent,No, Online ,18.0,30,2025-03-17,3,0,0,0.849,679.73,2359.4,7.18,0,54.8,1105.12,1278.45,303628,Delayed,2
103677,AL05, INDONESIA ,budget,4.0,Economy,Middle,11.25,Mobile App,No,Cash,,8,2025-06-25,6,0,0,0.783,1036.7,3608.4,5.14,0,40.6,1413.69,1522.65,252867,Delayed,2
101059,AL02,Singapore,budget,3.0,Business,Aisle,2.83,airport counter,Yes,Cash,38.0,1,2025-03-16,3,1,0,0.683,386.36,1142.2,9.42,1,30.5,718.54,988.16,123079,Delayed,3
102681,AL13, Vietnam ,full-service,4.0,Premium Economy,Aisle,5.19,Website,Yes,Card,53.0,4,2024-06-02,6,1,0,0.81,636.75,2006.4,9.81,0,33.7,966.26,1055.45,264274,On-Time,3
103290,AL03,Singapore,premium,4.0,First,Aisle,1.63,Website,No,Card,49.0,21,2024-08-17,8,1,0,0.829,1070.61,3447.1,6.73,1,59.1,1490.62,1621.98,240453,Delayed,3
100494,AL11,Thailand,budget,4.0,economy,Window,1.1,Website,No,Card,41.0,13,2025-04-01,4,0,1,0.862,235.12,545.7,5.34,0,43.2,462.74,540.3,130991,Delayed,2
100655,AL15,Malaysia,budget,4.0,Business,Aisle,4.43,Travel Agent,Yes, Online ,35.0,23,2024-03-05,3,0,0,0.845,710.66,1839.9,7.63,1,77.3,962.34,1088.09,107364,Delayed,4
102064,AL17,philippines,full-service,5.0,economy,Middle,2.9,Website,No, Card ,41.0,1,2025-05-16,5,0,0,0.646,432.38,1657.7,9.76,0,24.5,842.3,905.27,179636,Delayed,3
102964,AL15,Thailand,budget,2.0,Economy,Middle,3.57,travel agent,No,Card,24.0,0,2025-03-24,3,0,0,0.674,816.17,2956.0,8.97,0,14.1,1202.34,1249.06,123850,On-Time,5
103622,AL07, Philippines ,full-service,3.0,Business,Middle,3.42,Mobile App,No,Card,21.0,20,2024-11-30,11,1,0,0.922,395.61,1085.4,7.84,0,58.1,850.27,956.74,147066,Cancelled,3
100137,AL14,Indonesia,full-service,4.0,Premium Economy,Middle,7.98,Website, Yes , Card ,59.0,31,2025-05-22,5,0,0,0.751,,817.0,8.12,0,23.4,568.85,647.97,118389,On-Time,5
103572,AL12,indonesia,premium,3.0,Economy,Window,1.71,Mobile App,Yes, Online ,46.0,1,2024-10-20,10,1,0,0.731,259.53,653.8,5.0,0,37.9,5626.413455700977,581.98,49779,On-Time,2
101976,AL03,Malaysia,premium,3.0,Premium Economy,Aisle,2.92,Travel Agent,No, Cash ,40.0,6,2025-06-24,6,0,0,0.768,385.0,1068.8,8.18,0,56.2,791.47,833.06,90907,On-Time,5
101581,AL10,Thailand,full-service,4.0,Economy,Middle,1.29,Mobile App,No, Online ,,23,2024-12-02,12,0,0,0.84,411.38,1195.6,6.05,0,13.8,692.64,762.65,78559,Delayed,3
100697,AL14,Indonesia,full-service,4.0,First,Window,5.99,Travel Agent,No,Online,33.0,49,2025-04-19,4,1,0,0.651,400.77,1301.2,,0,60.6,964.71,1124.86,182118,On-Time,4
101097,AL14,Vietnam,full-service,2.0,business,Window,3.77,Mobile App,No,Card,36.0,15,2025-01-13,1,0,0,0.432,285.72,651.4,,1,42.8,497.13,625.95,52751,On-Time,4
103438,AL06,Singapore,premium,5.0,Premium Economy,Window,2.77,Travel Agent,Yes,Online,29.0,2,2024-04-24,4,0,1,0.808,351.28,810.3,9.04,0,66.5,674.4,802.37,50332,Delayed,4
103983,AL13, Malaysia ,full-service,5.0,Economy,Middle,3.73,Walk-in,No,Online,18.0,47,2025-05-13,5,0,0,0.676,597.13,1923.8,6.25,0,15.9,852.23,932.34,63054,On-Time,2
102453,AL07, AUSTRALIA ,full-service,3.0,First,Window,5.77,Mobile App,No,Online,31.0,10,2024-05-26,5,1,0,0.783,537.28,1813.8,8.37,1,42.0,1004.19,1187.7,229062,On-Time,4
102496,AL17,Singapore,full-service,3.0,Business,Window,3.48,Website,No,Card,41.0,12,2024-03-16,3,1,0,0.754,113.06,150.0,9.26,0,43.1,506.41,604.96,48339,On-Time,3
101392,AL05,Japan,budget,3.0,Economy,Aisle,9.0,Mobile App,No,Card,62.0,19,2024-05-30,5,0,1,0.67,569.09,1954.9,5.87,1,47.8,669.96,776.48,165088,Delayed,2
102083,AL13, VIETNAM ,full-service,4.0,economy,Aisle,2.83,Website,No,Card,58.0,1,2024-06-23,6,1,0,0.816,544.15,1687.3,9.92,1,47.6,786.29,932.48,65472,On-Time,3
101266,AL13,Malaysia,full-service,4.0,economy,Aisle,4.01,website,No, Card ,45.0,33,2025-03-27,3,0,0,0.8,270.43,738.9,,1,22.5,449.48,548.59,55433,On-Time,3
102375,AL01, MALAYSIA ,full-service,3.0,Economy,Window,5.03,Walk-in,No, Card ,28.0,36,2024-10-17,10,0,0,0.768,696.22,1984.6,6.96,0,6.3,881.08,939.14,180892,Cancelled,2
102365,AL11, SINGAPORE ,budget,3.0,Business,Window,2.26,mobile app,Yes, Online ,46.0,2,2024-07-01,7,0,0,0.84,173.17,276.3,6.97,0,23.3,534.97,603.83,105569,On-Time,4
100135,AL02,Indonesia,budget,3.0,Economy,Aisle,5.58,Mobile App,Yes,Online,30.0,12,2025-06-10,6,0,0,0.857,605.66,1874.4,5.65,0,52.6,898.96,1062.62,246287,On-Time,4
101169,AL17,Thailand,full-service,2.0,Economy,Aisle,0.82,website,Yes,Online,37.0,69,2025-06-22,6,1,0,0.852,650.16,1963.4,8.6,0,42.1,9243.049324183296,982.51,88293,Delayed,3
102574,AL18,Philippines,budget,4.0,premium economy,Window,1.93,Travel Agent,No,Cash,30.0,78,2024-04-22,4,0,0,0.813,304.32,1451.7,6.2,0,74.2,826.62,936.5,189782,On-Time,3
102135,AL14,Indonesia,full-service,4.0,First,Aisle,11.95,website,No,Card,37.0,15,2025-05-20,5,0,1,0.879,615.84,1989.7,8.83,0,13.3,1178.51,1333.58,202729,On-Time,4
101503,AL12,Singapore,premium,3.0,Economy,Aisle,5.33,Airport Counter,Yes,Card,42.0,4,2024-09-25,9,0,0,0.663,242.47,664.7,8.84,0,34.7,471.94,605.17,107728,Delayed,3
101362,AL01,Thailand,full-service,2.0,First,Aisle,2.74,Website,Yes,Online,48.0,11,2024-09-16,9,0,0,0.805,511.87,1232.7,5.68,0,35.0,956.61,1029.32,122228,Delayed,3
103642,AL10,Malaysia,full-service,5.0,Economy,Aisle,1.05,Mobile App,Yes,Online,43.0,32,2025-01-21,1,0,1,0.642,322.76,1131.6,5.77,0,67.7,634.56,673.07,68765,On-Time,3
103367,AL18, Australia ,budget,3.0,economy,Window,3.98,website,Yes,Card,39.0,3,2025-02-23,2,1,0,0.918,561.75,1666.8,7.09,1,58.6,778.66,812.61,144944,Delayed,3
100148,AL09, VIETNAM ,budget,4.0,Economy,Window,2.19,Travel Agent,No, Cash ,29.0,43,2024-10-30,10,0,0,0.82,575.77,1495.8,7.22,0,88.6,782.68,811.7,150997,Delayed,3
100303,AL18,Malaysia,budget,3.0,economy,Aisle,3.35,website,No,Card,18.0,6,2025-04-01,4,0,0,0.598,339.08,958.4,,1,76.9,498.55,781.1,188471,Delayed,1
103262,AL10,Malaysia,full-service,3.0,Premium Economy,Aisle,3.64,Mobile App,Yes,Card,52.0,5,2024-02-04,2,1,0,0.659,601.26,1918.0,7.69,1,40.2,851.97,989.25,241255,On-Time,4
101017,AL18,vietnam,budget,2.0,Business,Middle,0.75,Travel Agent,No,Card,40.0,17,2024-04-26,4,0,0,0.661,148.21,932.4,7.73,0,37.5,729.7,829.96,125340,Delayed,3
101924,AL16,Malaysia,budget,,First,Window,3.89,Travel Agent,Yes,Card,34.0,1,2024-11-27,11,0,0,0.744,253.75,973.7,8.44,0,51.5,878.05,980.69,86339,Cancelled,3
101052,AL12, JAPAN ,premium,3.0,Economy,Aisle,4.41,Website, No ,Cash,35.0,2,2025-02-24,2,0,0,0.797,425.75,1220.5,7.27,0,31.7,739.86,818.37,108239,On-Time,2
104126,AL11,Malaysia,budget,3.0,Economy,Aisle,10.2,Website,No,Online,48.0,11,2024-04-24,4,0,0,0.641,621.61,1844.7,6.66,0,67.4,895.96,971.35,115834,On-Time,3
102413,AL04,Singapore,full-service,4.0,Economy,Window,1.26,airport counter,,Card,18.0,9,2024-01-16,1,0,0,0.832,354.61,631.3,5.82,0,33.1,456.93,539.69,116416,On-Time,2
102637,AL04,Indonesia,full-service,4.0,economy,Window,7.27,Travel Agent,Yes,Cash,42.0,13,2024-09-26,9,0,1,0.603,419.71,1480.9,6.37,1,82.3,656.77,775.3,81199,Delayed,2
103559,AL06,indonesia,premium,5.0,Business,Window,3.59,Mobile App,No,Card,35.0,4,2024-03-30,3,1,0,0.988,296.29,833.9,7.99,0,42.3,763.7,887.75,137724,On-Time,4
101904,AL03,Singapore,premium,4.0,economy,Aisle,2.62,Mobile App,No, Card ,18.0,24,2024-10-16,10,0,0,0.634,367.21,1281.9,7.69,0,19.0,675.7,720.21,51062,On-Time,4
104044,AL17,Singapore,full-service,5.0,Economy,Window,4.45,website, Yes ,Card,59.0,8,2024-11-10,11,1,0,0.755,275.92,797.7,5.21,0,13.8,525.86,575.87,90036,Delayed,3
100198,AL09,Malaysia,budget,4.0,Premium Economy,Middle,2.81,Website,Yes, Online ,46.0,16,2025-06-01,6,1,0,0.72,302.73,1007.3,6.55,0,57.4,730.62,779.29,62244,Cancelled,3
101768,AL03,japan,premium,4.0,business,Aisle,1.95,Mobile App,Yes,Online,24.0,30,2024-10-31,10,0,0,0.894,107.42,369.7,7.35,1,79.0,552.35,644.23,70496,On-Time,4
102875,AL02, SINGAPORE ,budget,3.0,Economy,Window,4.66,Travel Agent,No,Card,22.0,10,2024-04-04,4,0,0,0.624,807.61,2991.2,5.88,0,40.0,1242.49,1416.72,213252,On-Time,3
102240,AL04,Thailand,full-service,4.0,Economy,Window,7.35,Airport Counter, No ,Card,,17,2024-02-11,2,1,0,0.81,962.17,3167.7,7.69,0,56.2,1285.79,1418.06,270102,Delayed,2
100404,AL18,Singapore,budget,3.0,economy,Aisle,2.53,Airport Counter,No,Card,18.0,56,2025-03-08,3,1,0,0.529,743.81,2494.4,7.57,0,72.4,1035.81,1096.29,182126,Delayed,2
104052,AL18,Japan,budget,3.0,Economy,Aisle,2.29,Travel Agent, No ,Card,48.0,5,2024-08-25,8,1,0,0.797,556.64,1674.9,7.38,1,74.8,760.29,839.44,125136,Delayed,3
103870,AL13,Japan,full-service,3.0,Economy,Middle,4.55,mobile app,Yes,Card,20.0,8,2024-09-17,9,0,0,0.845,466.86,1344.0,7.83,0,58.1,681.92,829.07,109699,On-Time,5
100483,AL11,Philippines,budget,3.0,Premium Economy,Aisle,10.47,Walk-in,Yes,Online,58.0,25,2024-07-25,7,0,0,0.643,558.1,1805.8,7.55,0,33.3,898.74,1097.05,100955,Delayed,4
101182,AL15, Japan ,budget,,Economy,Aisle,1.25,Mobile App,Yes, Online ,37.0,14,2025-04-18,4,0,0,0.622,409.62,1250.2,7.12,0,41.7,639.7,666.61,150879,On-Time,4
101339,AL18,Australia,budget,4.0,premium economy,Window,1.24,website,Yes,Card,35.0,81,2024-08-19,8,0,0,0.99,687.12,2232.4,8.84,0,55.3,1066.12,1161.43,82659,Delayed,3
101280,AL13,Philippines,full-service,2.0,Economy,Middle,6.42,Mobile App, Yes , Online ,39.0,55,2024-05-28,5,0,0,0.848,399.87,941.5,5.72,0,56.6,562.77,658.73,66234,On-Time,3
101031,AL12,Malaysia,premium,3.0,economy,Middle,3.8,Mobile App,Yes,Card,48.0,3,2025-01-12,1,1,0,0.761,544.06,1430.8,7.49,1,16.4,619.15,721.34,52526,On-Time,3
100791,AL17,Indonesia,full-service,3.0,Economy,Aisle,5.3,airport counter, No , Online ,,47,2025-01-18,1,1,0,0.831,400.8,1534.0,8.1,0,31.9,760.02,986.67,89631,On-Time,4
100799,AL14,Australia,full-service,4.0,Premium Economy,Aisle,1.45,Website,Yes, Card ,28.0,22,2025-04-18,4,0,0,0.796,811.14,2691.0,8.4,0,46.1,1248.04,1361.26,184281,On-Time,4
102432,AL01, Malaysia ,full-service,4.0,Premium Economy,Aisle,7.52,Website,Yes, Card ,49.0,17,2024-01-21,1,1,0,0.77,641.21,2035.8,9.87,1,63.6,907.89,1036.52,121610,On-Time,3
102798,AL07,Vietnam,full-service,5.0,Economy,Aisle,1.24,Travel Agent,Yes,Cash,50.0,46,2025-06-07,6,1,0,0.822,652.3,1703.6,8.53,0,33.0,815.3,849.64,140071,On-Time,3
101201,AL03,singapore,premium,4.0,Economy,Window,0.93,travel agent,No,Cash,29.0,4,2024-12-29,12,1,0,0.99,902.84,3065.3,5.78,0,58.9,1264.38,1394.19,91543,On-Time,3
100422,AL16,Thailand,budget,4.0,Economy,Window,9.65,airport counter,Yes,Card,18.0,45,2024-05-06,5,0,0,0.792,631.37,1530.1,8.31,0,38.5,753.06,854.69,117805,Delayed,2
102362,AL05,thailand,budget,3.0,Economy,Window,3.04,Website, No ,Card,31.0,26,2024-05-26,5,1,0,0.706,898.22,2562.6,10.0,0,82.9,1079.89,1126.59,111375,Delayed,4
101951,AL04,Malaysia,full-service,3.0,Economy,Window,5.47,Walk-in, No , Card ,36.0,16,2024-09-04,9,0,0,0.712,464.21,1247.8,7.96,1,69.8,621.58,807.45,121076,On-Time,3
103069,AL06,indonesia,premium,2.0,Premium Economy,Aisle,1.65,Website,No,Online,27.0,83,2024-12-04,12,0,0,0.722,732.12,2653.1,8.48,0,61.4,1213.73,1296.08,202513,On-Time,5
103429,AL14,Indonesia,full-service,3.0,business,Middle,5.62,Website,,Card,42.0,23,2024-01-23,1,0,0,0.682,671.4,2026.5,10.0,0,46.2,1105.16,1312.97,245505,On-Time,4
101883,AL10,singapore,full-service,2.0,First,Window,1.81,Mobile App, No ,Card,47.0,72,2025-04-29,4,0,0,0.606,831.86,2711.6,6.55,0,15.2,1364.72,1508.45,211001,On-Time,3
101805,AL02,Japan,budget,3.0,Economy,Middle,3.72,Mobile App,No,Online,52.0,6,2024-11-02,11,1,0,0.937,447.39,1541.9,4.64,0,53.0,797.54,930.22,160948,Delayed,3
104187,AL10,Malaysia,full-service,2.0,Premium Economy,Window,5.14,Website,Yes,Card,44.0,57,2024-05-11,5,1,0,0.588,127.02,500.3,5.28,0,66.6,538.2,758.83,200635,On-Time,2
101479,AL17,australia,full-service,4.0,Business,Middle,2.63,Website,No,Online,44.0,23,2024-04-17,4,0,1,0.853,409.37,1469.9,7.14,0,39.4,945.33,1032.86,142040,On-Time,4
102591,AL01,Singapore,full-service,5.0,Economy,Window,4.53,Mobile App,No,Card,41.0,41,2025-04-14,4,0,0,0.646,239.32,909.5,7.69,0,31.2,552.24,630.86,134749,Delayed,3
102961,AL07,Philippines,full-service,4.0,Business,Window,4.06,Website,No,Card,2.0,62,2025-04-10,4,0,0,0.715,439.88,972.3,7.06,0,75.0,793.4,964.36,70900,On-Time,4
101928,AL15,Singapore,budget,2.0,Economy,Middle,3.62,Walk-in,Yes,Cash,42.0,0,2024-12-14,12,1,0,0.674,570.13,1650.2,7.0,0,47.0,826.95,1081.18,257820,Delayed,3
102710,AL05, VIETNAM ,budget,2.0,Economy,Window,8.32,Travel Agent,No,Card,28.0,36,2024-02-14,2,0,0,0.658,229.57,667.5,7.41,0,44.4,465.2,517.39,79270,Delayed,3
103830,AL10,Singapore,full-service,2.0,Economy,Aisle,1.09,Travel Agent,No,Cash,32.0,5,2024-09-02,9,0,0,0.751,279.08,867.6,8.06,0,57.7,549.42,629.77,59653,On-Time,3
101529,AL09,Thailand,budget,4.0,Economy,Window,1.53,Travel Agent, Yes ,Online,31.0,43,2025-01-30,1,0,0,0.83,673.02,2107.8,8.49,0,34.7,941.74,1052.27,92707,Delayed,3
100902,AL09, Thailand ,budget,4.0,Economy,Middle,1.39,walk-in,No,Online,26.0,1,2025-05-20,5,0,0,0.815,348.98,1071.5,9.36,0,71.4,623.14,688.29,69923,Delayed,3
102809,AL09,Thailand,budget,,Economy,Middle,4.04,Website,No,Card,43.0,62,2025-06-12,6,0,1,0.824,370.78,720.7,5.99,0,16.1,538.56,625.33,128654,On-Time,2
100685,AL17,Indonesia,full-service,1.0,Economy,Aisle,5.68,Website,No, Card ,41.0,59,2024-07-16,7,0,0,0.666,268.54,1078.8,9.18,0,40.6,627.93,655.97,89525,On-Time,4
101551,AL02,indonesia,budget,5.0,Premium Economy,Window,3.14,Airport Counter,No,Online,,103,2025-01-19,1,1,0,0.706,612.65,2005.7,5.83,0,47.7,953.53,1055.37,58416,Delayed,2
102481,AL10,Thailand,full-service,5.0,Economy,Middle,6.17,Mobile App,No,Online,37.0,8,2024-11-11,11,0,0,0.989,462.08,1250.3,4.26,0,44.6,672.3,729.77,54240,Delayed,1
100159,AL02, MALAYSIA ,budget,2.0,Economy,Window,1.93,Airport Counter,No,Online,23.0,25,2024-10-07,10,0,0,0.806,271.35,785.2,,1,21.6,442.68,483.18,105681,On-Time,5
100999,AL14, PHILIPPINES ,full-service,3.0,First,Aisle,6.2,Airport Counter,No, Cash ,18.0,17,2024-05-19,5,1,0,0.911,656.26,1877.7,6.41,0,67.6,1262.91,1487.25,316506,Delayed,3
103707,AL08, MALAYSIA ,full-service,,economy,Window,2.97,Walk-in,Yes,Online,37.0,35,2025-06-07,6,1,0,0.788,548.21,1881.1,7.98,1,93.8,733.16,807.09,74518,Delayed,4
103432,AL10,Singapore,full-service,4.0,Business,Aisle,4.58,Airport Counter,Yes,Online,18.0,23,2024-10-01,10,0,0,0.843,749.82,2471.2,8.72,0,58.0,1304.61,1365.03,168948,On-Time,4
100560,AL11,Vietnam,budget,3.0,Premium Economy,Middle,3.05,Travel Agent,No, Card ,43.0,0,2025-01-11,1,1,0,0.756,526.53,1601.8,6.1,0,48.1,928.56,1055.57,118162,On-Time,3
102250,AL17,Malaysia,full-service,3.0,Premium Economy,Aisle,8.13,Mobile App,Yes,Online,51.0,2,2024-07-11,7,0,0,0.626,355.81,864.8,6.68,0,41.0,638.45,739.33,116214,On-Time,2
103071,AL07,Indonesia,full-service,4.0,Economy,Window,3.69,Travel Agent, No ,Online,22.0,1,2025-06-28,6,1,0,0.784,895.86,2944.3,5.6,0,85.0,1262.72,1352.74,282616,Delayed,3
103997,AL06, VIETNAM ,premium,2.0,Business,Aisle,1.14,Mobile App,Yes,Card,20.0,25,2024-10-31,10,0,0,0.726,702.79,2164.2,9.7,0,64.7,1121.54,1197.2,210987,On-Time,4
102689,AL12,Indonesia,premium,4.0,Economy,Aisle,5.94,Website,No,Card,61.0,50,2025-03-16,3,1,0,0.617,449.06,1138.3,8.67,0,23.3,660.97,735.85,171001,On-Time,4
100112,AL15,Singapore,budget,3.0,Economy,Middle,3.16,Airport Counter,Yes,Online,33.0,95,2024-01-07,1,1,0,0.977,593.6,1794.3,7.54,0,58.4,856.05,963.4,106946,Delayed,3
102769,AL18,Philippines,budget,3.0,Premium Economy,Window,2.99,Walk-in,No,Card,25.0,96,2025-05-11,5,1,0,0.795,597.63,1620.4,8.7,0,80.8,862.53,1058.32,197726,Cancelled,2
103379,AL08, Singapore ,full-service,3.0,Economy,Middle,1.96,Mobile App,No,Cash,46.0,17,2025-05-19,5,0,0,0.99,448.33,1473.6,9.87,0,74.9,748.46,814.53,211139,On-Time,4
103193,AL16,Singapore,budget,3.0,Economy,Middle,4.04,Mobile App,Yes,Online,49.0,0,2024-09-08,9,1,0,0.693,441.46,1502.1,9.86,1,84.2,591.19,657.52,150030,Delayed,3
101446,AL06,Japan,premium,3.0,Premium Economy,Aisle,1.76,website,Yes,Card,50.0,18,2024-07-11,7,0,0,0.872,204.95,667.3,7.48,0,81.2,639.1,701.82,132768,On-Time,2
101952,AL04,thailand,full-service,3.0,Economy,Aisle,4.28,Airport Counter, Yes ,Card,48.0,3,2025-03-26,3,0,1,0.646,181.41,944.4,7.18,0,67.0,633.53,801.93,123615,Delayed,3
103028,AL13,Australia,full-service,4.0,Economy,Middle,2.35,Website,No,Online,47.0,2,2024-09-03,9,0,0,0.856,458.15,1328.6,6.25,0,59.2,714.07,842.49,92700,On-Time,2
100922,AL18,singapore,budget,3.0,Economy,Aisle,12.0,mobile app,No,Online,36.0,18,2024-03-25,3,0,0,0.473,591.96,2185.9,7.59,0,67.6,945.11,1075.97,247162,Delayed,3
101624,AL12, Australia ,premium,3.0,Premium Economy,Middle,3.62,Website,No,Online,44.0,44,2025-06-07,6,1,0,0.851,559.15,1798.1,6.59,0,64.0,925.43,1054.18,179616,Delayed,2
103931,AL05, Thailand ,budget,4.0,Business,Window,3.41,Mobile App, No , Online ,24.0,17,2025-05-21,5,0,0,0.99,618.51,2063.1,6.19,1,73.1,1045.31,1125.39,126350,Delayed,2
102853,AL04,Malaysia,full-service,2.0,Premium Economy,Aisle,2.54,Website,No,Card,22.0,6,2024-06-05,6,0,0,0.696,387.07,927.2,5.81,0,55.7,663.58,752.03,80280,Delayed,2
103840,AL13, PHILIPPINES ,full-service,4.0,Economy,Window,3.7,Walk-in, Yes ,Online,36.0,2,2024-12-29,12,1,0,0.713,259.27,693.7,7.19,0,37.2,518.98,780.17,194554,On-Time,2
102955,AL12, THAILAND ,premium,4.0,Premium Economy,Window,5.92,Airport Counter,No,Cash,22.0,7,2024-05-14,5,0,0,0.771,233.12,884.0,6.02,0,25.8,683.98,757.69,192391,On-Time,3
101319,AL09,Singapore,budget,,Business,Window,2.6,Mobile App,Yes,Card,32.0,3,2024-09-21,9,1,0,0.673,169.95,552.9,8.7,0,36.4,649.66,805.71,155612,Delayed,3
101663,AL18, VIETNAM ,budget,4.0,Business,Window,1.76,Mobile App, No , Card ,58.0,12,2024-03-29,3,0,0,0.777,573.53,1837.7,8.0,0,32.5,1058.39,1171.28,143389,Delayed,4
100815,AL15, Australia ,budget,3.0,Economy,Middle,1.65,Mobile App,No,Card,18.0,56,2025-01-20,1,0,0,0.884,334.32,970.2,7.31,0,62.4,612.06,659.46,95033,Delayed,3
103980,AL05, INDONESIA ,budget,2.0,Economy,Middle,3.36,Mobile App,No, Cash ,36.0,37,2024-05-23,5,0,0,0.731,430.35,990.1,8.42,0,50.5,594.45,649.68,65463,On-Time,4
102266,AL11,Australia,budget,4.0,Business,Middle,4.6,Website,Yes,Online,30.0,55,2024-06-28,6,0,0,0.668,427.54,1672.5,6.48,0,18.1,931.61,1027.16,208595,Delayed,4
101473,AL13, SINGAPORE ,full-service,4.0,Economy,Middle,2.18,Walk-in,Yes,Online,26.0,40,2024-11-11,11,0,0,0.869,705.2,1983.9,7.4,0,76.9,926.77,1061.29,215844,Delayed,2
101773,AL18, PHILIPPINES ,budget,4.0,Economy,Window,1.61,Website, No ,Card,64.0,20,2024-02-29,2,0,0,0.927,1111.18,3542.2,6.61,1,31.9,1337.44,1388.42,168966,Delayed,3
100679,AL15,singapore,budget,3.0,Economy,Aisle,3.24,Airport Counter,No, Online ,40.0,31,2024-05-15,5,0,0,0.614,610.37,1985.0,8.8,1,93.6,853.46,920.18,157475,On-Time,4
103893,AL14,Philippines,full-service,5.0,Economy,Aisle,3.18,Mobile App, Yes , Online ,54.0,29,2024-06-20,6,0,0,0.987,722.02,2282.2,6.33,1,64.4,858.51,950.7,170881,Cancelled,2
101093,AL12,Philippines,premium,3.0,Premium Economy,Middle,2.56,Travel Agent,No,Card,57.0,59,2025-06-03,6,0,0,0.742,366.56,1256.7,6.69,0,84.0,832.5,1050.33,238483,On-Time,4
100080,AL01,Singapore,full-service,3.0,Economy,Aisle,3.6,Website,No, Card ,37.0,39,2025-04-15,4,0,0,0.933,,2877.1,9.02,0,58.2,1186.98,1295.54,282920,On-Time,3
101950,AL15,australia,budget,2.0,Premium Economy,Window,3.94,Mobile App,Yes, Cash ,35.0,12,2024-08-03,8,1,0,0.774,,3874.5,5.95,1,28.4,1355.98,1468.22,200822,On-Time,3
104188,AL15,philippines,budget,4.0,Economy,Middle,9.44,Mobile App,No,Online,53.0,31,2025-05-04,5,1,0,0.781,508.3,1319.9,7.26,0,77.4,700.24,831.7,171738,Delayed,2
103734,AL08, MALAYSIA ,full-service,3.0,Premium Economy,Aisle,5.83,Airport Counter, Yes ,Cash,30.0,5,2024-02-29,2,0,0,0.577,320.06,793.3,8.77,1,60.4,561.43,706.09,164704,On-Time,4
103996,AL05,Thailand,budget,3.0,Premium Economy,Aisle,3.53,Mobile App,No, Online ,29.0,17,2025-05-11,5,1,1,0.633,105.05,464.8,8.69,1,62.7,435.76,551.87,131050,On-Time,4
102800,AL18,Japan,budget,5.0,Economy,Window,5.22,Mobile App,Yes, Online ,35.0,52,2024-04-06,4,1,0,0.84,519.14,1449.8,6.96,0,53.0,705.15,755.2,138116,Delayed,3
101239,AL13,Thailand,full-service,3.0,Economy,Aisle,7.69,Website,Yes,Card,54.0,16,2025-02-11,2,0,1,0.664,730.64,2140.1,6.39,0,65.4,957.03,1026.93,86771,Delayed,2
100329,AL10, Thailand ,full-service,3.0,Economy,Window,5.49,Airport Counter,Yes,Card,54.0,71,2025-01-02,1,0,0,0.745,216.26,379.2,9.34,0,58.7,315.19,669.72,108381,On-Time,5
103102,AL09,Malaysia,budget,4.0,Economy,Window,1.71,Website, No ,Online,29.0,23,2025-04-23,4,0,0,0.781,404.12,1568.2,6.46,0,74.1,815.75,917.56,61388,On-Time,3
100242,AL02,Vietnam,budget,4.0,economy,Aisle,6.63,Website,No,Card,26.0,10,2025-03-08,3,1,0,0.923,302.51,899.3,6.37,0,34.7,528.62,584.37,66291,On-Time,2
103731,AL14,Vietnam,full-service,,Premium Economy,Window,1.77,Travel Agent,No,Online,43.0,9,2025-01-28,1,0,0,0.882,425.2,1117.4,9.5,0,19.7,729.64,828.79,91100,On-Time,4
100641,AL02,Indonesia,budget,3.0,Business,Middle,1.99,Website, No ,Online,46.0,9,2024-07-10,7,0,0,0.906,374.59,966.2,7.0,0,67.7,774.77,921.37,179814,On-Time,4
100696,AL17,Malaysia,full-service,1.0,Economy,Aisle,4.46,Website,Yes,Card,43.0,5,2024-09-13,9,0,0,0.808,148.32,788.2,5.8,1,60.8,535.94,580.21,90177,Cancelled,1
102257,AL14, MALAYSIA ,full-service,5.0,Economy,Aisle,1.93,Website,No,Online,37.0,15,2025-02-07,2,0,1,0.931,201.42,868.1,6.39,0,30.8,548.58,666.31,113765,Delayed,2
100495,AL03, VIETNAM ,premium,4.0,Economy,Window,4.35,Mobile App,No,Card,18.0,126,2024-10-30,10,0,0,0.815,274.46,937.1,7.53,0,62.0,591.13,750.02,174223,On-Time,4
102818,AL14,Singapore,full-service,4.0,Economy,Window,2.33,website,Yes,Cash,23.0,3,2024-01-04,1,0,0,0.499,807.12,2583.8,6.9,1,37.1,938.14,1161.03,260236,Delayed,2
100753,AL01,Thailand,full-service,5.0,economy,Aisle,6.49,Website,No,Online,50.0,25,2024-08-02,8,0,0,0.674,365.19,1136.9,6.42,1,94.1,589.38,648.85,122850,Delayed,4
100435,AL15,Japan,budget,4.0,Business,Window,7.68,Website, No , Online ,18.0,3,2024-01-23,1,0,0,0.862,353.79,1196.9,6.7,0,33.0,821.74,954.46,90468,On-Time,4
101563,AL13,Malaysia,full-service,2.0,Economy,Window,8.9,Mobile App,Yes, Card ,20.0,44,2024-05-13,5,0,0,0.846,206.21,1027.9,10.0,0,46.0,576.54,604.83,70175,Delayed,3
101934,AL15, INDONESIA ,budget,3.0,Premium Economy,Window,6.8,Airport Counter,No,Online,27.0,18,2024-01-04,1,0,0,0.865,1195.09,4119.9,5.86,1,39.8,1372.28,1508.46,340923,Delayed,2
103111,AL16,singapore,budget,3.0,Business,Window,2.05,Mobile App,No,Card,33.0,103,2024-08-19,8,0,0,0.676,585.67,1970.2,5.58,0,22.6,1053.97,1248.24,148773,On-Time,4
104152,AL01,Thailand,full-service,3.0,economy,Middle,3.96,mobile app, Yes ,Cash,26.0,104,2025-05-01,5,0,0,0.966,164.35,665.9,9.21,0,77.4,515.95,581.76,41391,On-Time,3
103493,AL03,philippines,premium,4.0,Economy,Aisle,8.7,Website, No , Online ,18.0,35,2025-02-03,2,0,0,0.754,,1043.7,7.13,0,48.9,628.19,659.13,157046,On-Time,3
103022,AL08,Indonesia,full-service,2.0,Economy,Aisle,7.06,Website,Yes,Card,18.0,48,2025-06-24,6,0,0,0.753,600.25,1818.1,5.2,1,42.3,734.45,948.41,183938,Delayed,3
101712,AL15,Thailand,budget,2.0,Economy,Middle,7.31,Website,No,Online,29.0,16,2024-03-17,3,1,0,0.56,402.88,1142.6,6.37,0,49.6,642.61,701.18,180894,On-Time,3
100551,AL02, THAILAND ,budget,4.0,Economy,Middle,3.69,Mobile App,Yes,Card,21.0,46,2025-03-13,3,0,0,0.734,741.62,2086.3,6.12,0,48.5,890.17,991.4,209242,Delayed,2
103806,AL11,Indonesia,budget,3.0,Economy,Aisle,5.04,Travel Agent,No,Card,51.0,16,2025-04-20,4,1,0,0.571,136.16,216.0,8.01,0,54.2,361.12,428.31,34194,Delayed,4
103965,AL16,Malaysia,budget,3.0,Business,Aisle,2.58,mobile app,,Card,33.0,32,2024-11-13,11,0,1,0.699,669.49,2078.1,6.26,0,37.0,1102.43,1160.87,273375,Cancelled,2
100601,AL06,Indonesia,premium,3.0,Economy,Middle,10.58,Mobile App,No,Card,35.0,51,2025-05-24,5,1,0,0.794,461.43,1351.3,7.97,0,24.4,687.03,724.73,63788,Cancelled,2
101964,AL16,Philippines,budget,4.0,Economy,Aisle,3.68,Website, Yes ,Online,,47,2024-12-16,12,0,0,0.615,903.89,3036.0,7.22,0,51.9,1223.5,1357.14,313770,On-Time,4
101013,AL03,Australia,premium,5.0,business,Window,7.09,Travel Agent,Yes, Cash ,26.0,14,2025-01-03,1,0,0,0.725,291.31,753.0,8.37,0,65.6,807.37,998.92,101578,On-Time,5
103055,AL08,Malaysia,full-service,3.0,First,Aisle,2.38,Website, No ,Card,31.0,32,2025-05-12,5,0,0,0.873,374.91,738.5,7.62,0,39.4,834.55,1074.42,92823,On-Time,4
103741,AL16,Singapore,budget,4.0,First,Aisle,5.3,Website,No, Online ,28.0,4,2024-01-13,1,1,1,0.82,282.5,759.6,6.99,0,50.4,769.48,877.55,112925,Delayed,4
101427,AL01, THAILAND ,full-service,2.0,Economy,Middle,14.59,Mobile App,No,Card,36.0,96,2024-03-07,3,0,0,0.951,655.71,2132.3,6.01,0,70.6,1022.88,1089.21,238841,Delayed,3
102012,AL14,Philippines,full-service,1.0,Economy,Middle,3.78,Mobile App, No ,Online,,1,2024-10-13,10,1,0,0.913,656.05,2188.7,6.66,1,57.0,926.38,978.24,128435,Delayed,3
103322,AL04,Malaysia,full-service,4.0,Premium Economy,Aisle,2.13,Mobile App,No,Card,52.0,31,2024-09-08,9,1,0,0.99,384.72,1714.6,7.85,0,76.1,942.48,1088.4,171122,On-Time,4
101386,AL11, PHILIPPINES ,budget,3.0,Economy,Aisle,1.02,Mobile App, Yes ,Card,53.0,9,2024-04-26,4,0,0,0.791,265.99,693.3,8.56,1,43.3,356.75,452.61,38697,On-Time,3
101295,AL13,Malaysia,full-service,,Economy,Window,6.16,website,,Online,43.0,54,2024-01-15,1,0,0,0.771,258.43,704.8,7.77,0,47.3,530.9,780.27,142354,On-Time,5
100466,AL18,Malaysia,budget,3.0,Premium Economy,Window,1.64,Airport Counter,No, Online ,30.0,33,2024-08-03,8,1,0,0.98,561.47,1562.1,9.08,0,21.7,905.17,1000.7,183971,On-Time,3
101499,AL01,Malaysia,full-service,3.0,Premium Economy,Aisle,5.84,Airport Counter,Yes, Online ,26.0,2,2025-05-26,5,0,0,0.845,704.33,2061.4,6.68,0,70.4,1053.86,1210.98,144254,Delayed,2
103917,AL09,Australia,budget,4.0,Economy,Aisle,3.3,Travel Agent,Yes, Card ,42.0,129,2024-12-06,12,0,0,0.708,1051.63,3191.2,7.8,0,11.5,1223.51,1324.47,197120,Delayed,3
102820,AL11,Indonesia,budget,4.0,economy,Window,14.45,Walk-in,Yes, Card ,40.0,8,2024-11-23,11,1,0,0.942,249.12,802.1,7.3,0,57.1,508.6,597.89,41570,Delayed,3
100277,AL06,Japan,premium,4.0,Economy,Middle,6.86,Travel Agent,Yes,Card,67.0,7,2024-12-13,12,0,1,0.728,951.17,2597.6,5.39,1,43.5,931.14,1009.28,166236,Delayed,3
101069,AL04,Australia,full-service,4.0,Economy,Window,0.75,Website,Yes,Card,37.0,23,2025-06-10,6,0,1,0.617,417.13,1567.0,7.98,0,52.6,758.43,899.94,121023,Cancelled,2
101548,AL12,Malaysia,premium,5.0,Economy,Middle,1.14,Website, Yes ,Card,31.0,12,2025-04-27,4,1,0,0.831,302.43,845.5,8.75,0,56.2,691.44,890.09,197238,Cancelled,3
103065,AL03,Philippines,premium,3.0,Business,Window,1.99,Website, No ,Card,35.0,16,2024-12-19,12,0,0,0.586,550.72,1837.0,8.09,0,68.2,1085.44,1183.46,312564,On-Time,4
101024,AL14,japan,full-service,4.0,Business,Middle,10.17,Travel Agent, No ,Card,35.0,45,2024-05-20,5,0,1,0.621,326.85,874.8,6.82,0,48.0,692.16,784.42,138747,Delayed,3
101465,AL05,philippines,budget,5.0,Economy,Middle,4.81,Mobile App, Yes ,Card,35.0,17,2025-03-17,3,0,0,0.593,642.19,2081.4,6.32,0,84.0,880.36,952.91,189524,Delayed,2
102770,AL06,Thailand,premium,3.0,Economy,Window,1.57,Walk-in,No, Card ,22.0,60,2024-12-17,12,0,0,0.963,629.4,2140.5,8.24,1,66.5,840.17,890.25,193963,On-Time,4
100940,AL02,Malaysia,budget,2.0,Premium Economy,Aisle,3.48,Travel Agent,No,Card,20.0,14,2024-02-04,2,1,0,0.676,778.14,2725.3,7.15,1,69.5,1168.18,1242.32,297412,Cancelled,2
102834,AL06, SINGAPORE ,premium,4.0,Economy,Aisle,4.48,Website,No,Online,21.0,63,2024-09-18,9,0,0,0.965,241.48,726.5,6.95,0,50.0,569.87,667.98,158838,On-Time,5
104016,AL14,singapore,full-service,2.0,Economy,Middle,9.53,Website,No,Online,56.0,5,2025-01-16,1,0,0,0.674,407.5,1270.1,5.27,0,72.4,741.78,932.84,119390,Delayed,2
101466,AL05,Australia,budget,4.0,Economy,Window,2.92,Website,No,Card,40.0,23,2024-05-06,5,0,0,0.841,431.83,990.8,5.44,1,53.6,616.28,645.91,127529,On-Time,2
101323,AL07,Malaysia,full-service,4.0,Business,Middle,4.67,Travel Agent,Yes,Card,41.0,19,2024-09-11,9,0,0,0.577,926.32,2933.8,4.33,0,57.6,1399.95,1535.13,205141,Delayed,2
102675,AL01,Japan,full-service,3.0,Economy,Window,1.46,Mobile App,No, Card ,34.0,16,2024-06-24,6,0,1,0.712,542.07,1803.2,5.73,0,51.6,809.13,1005.69,134533,On-Time,3
101399,AL02, MALAYSIA ,budget,3.0,Business,Middle,2.7,mobile app,No,Online,130.0,81,2024-08-07,8,0,0,0.731,927.76,2757.9,9.38,0,53.3,1355.92,1462.38,342575,Delayed,5
103769,AL16,malaysia,budget,3.0,Business,Window,5.51,Travel Agent,No, Online ,35.0,2,2024-12-03,12,0,1,0.842,438.85,1076.0,9.26,0,30.8,802.04,897.19,160457,Delayed,4
101449,AL16,Thailand,budget,3.0,Economy,Middle,1.64,Mobile App,No, Card ,,11,2025-06-24,6,0,0,0.858,406.29,1166.7,7.09,0,57.6,737.87,791.32,54177,On-Time,4
103682,AL13, THAILAND ,full-service,3.0,premium economy,Aisle,3.54,Website, No , Cash ,41.0,73,2025-01-25,1,1,0,0.76,428.17,1304.2,4.46,0,56.2,750.52,869.55,200029,Cancelled,1
100906,AL17,Singapore,full-service,3.0,premium economy,Window,4.18,Website,No,Card,,16,2025-05-21,5,0,0,0.657,1025.38,3565.3,5.78,0,17.7,1460.02,1508.66,190322,On-Time,2
104079,AL09,Malaysia,budget,2.0,Economy,Aisle,0.79,Mobile App,Yes,Online,18.0,79,2025-01-10,1,0,0,0.677,974.25,3056.2,6.78,0,43.3,1168.57,1352.56,214501,On-Time,3
103544,AL16, Indonesia ,budget,3.0,Economy,Aisle,5.51,Mobile App,No,Card,51.0,79,2024-03-17,3,1,1,0.917,164.04,329.0,7.33,1,53.8,274.06,368.89,69424,Cancelled,3
103629,AL09, Japan ,budget,2.0,Economy,Aisle,0.75,Walk-in,Yes,Cash,52.0,6,2024-05-11,5,1,0,0.569,,941.4,,0,82.6,623.79,783.17,176600,Delayed,4
102611,AL15,Thailand,budget,3.0,Economy,Aisle,7.18,mobile app, No ,Cash,26.0,22,2024-09-08,9,1,0,0.722,409.95,1333.8,8.62,1,42.0,649.68,704.42,161487,Delayed,2
101895,AL09,malaysia,budget,4.0,Economy,Window,4.01,Mobile App,No,Online,39.0,61,2024-10-11,10,0,0,0.943,608.09,1844.9,6.23,0,5.0,842.96,904.66,103177,On-Time,4
103297,AL16,Thailand,budget,2.0,Economy,Aisle,1.56,Website, No ,Card,49.0,24,2024-02-22,2,0,0,0.662,573.83,1583.4,7.38,0,40.4,751.76,861.17,63793,On-Time,5
100388,AL08,Japan,full-service,1.0,Economy,Window,2.69,Walk-in, No ,Card,26.0,13,2025-03-26,3,0,0,0.693,234.08,833.1,5.63,0,13.7,3048.793580035304,581.82,121532,On-Time,3
102070,AL14, Malaysia ,full-service,4.0,Economy,Aisle,0.82,website, No ,Card,18.0,16,2024-12-18,12,0,0,0.84,362.56,1170.9,5.72,0,74.7,653.27,760.74,76467,On-Time,3
103568,AL17,Malaysia,full-service,2.0,Premium Economy,Aisle,7.1,Travel Agent,No,Card,53.0,17,2024-10-10,10,0,0,0.814,674.55,1763.5,8.51,0,43.5,985.7,1129.14,218934,Delayed,3
102172,AL05,Malaysia,budget,4.0,Economy,Aisle,4.15,website,,Card,29.0,6,2025-02-26,2,0,0,0.861,,1819.9,6.52,0,84.6,879.05,944.22,109855,Delayed,2
103495,AL02, Philippines ,budget,4.0,Economy,Aisle,5.91,Website,No,Card,30.0,64,2024-03-21,3,0,0,0.801,627.55,1957.5,7.41,0,77.7,990.51,1035.65,236915,Cancelled,2
103601,AL09,Malaysia,budget,5.0,Business,Aisle,7.04,Travel Agent, Yes ,Cash,31.0,8,2024-02-08,2,0,0,0.716,150.76,367.9,9.62,0,41.1,596.19,707.23,154891,Delayed,3
102821,AL15,Malaysia,budget,3.0,Economy,Middle,1.5,Website,Yes,Card,24.0,31,2025-04-25,4,0,0,0.688,659.75,2156.2,8.72,0,46.6,969.62,1027.68,168743,Delayed,3
100880,AL10,Japan,full-service,4.0,Premium Economy,Aisle,3.34,Travel Agent,No,Online,44.0,0,2024-04-07,4,1,0,0.751,233.39,591.5,7.16,1,46.9,532.75,713.86,60811,On-Time,4
101424,AL15,Australia,budget,3.0,Premium Economy,Aisle,5.99,Walk-in,No,Online,2.0,19,2024-03-10,3,1,0,0.932,580.21,1808.4,6.39,0,68.8,991.85,1147.03,114110,Cancelled,3
103542,AL16,Thailand,budget,4.0,Economy,Window,2.77,Mobile App,, Card ,26.0,6,2025-05-20,5,0,0,0.965,461.02,1116.2,8.93,1,44.2,588.51,676.51,104884,On-Time,4
103192,AL14,Thailand,full-service,4.0,Economy,Middle,4.86,Walk-in,No, Online ,140.0,3,2024-05-09,5,0,1,0.597,629.69,2204.0,8.31,0,41.5,939.75,1057.72,210223,On-Time,4
103574,AL11,indonesia,budget,4.0,Economy,Aisle,2.82,mobile app,Yes,Online,35.0,37,2024-08-10,8,1,0,0.8,561.76,1991.8,6.68,0,52.9,900.57,982.26,63716,On-Time,2
103214,AL07, SINGAPORE ,full-service,3.0,First,Window,1.43,Mobile App, Yes ,Cash,42.0,51,2024-02-07,2,0,0,0.886,496.94,1467.7,6.79,0,27.5,1030.5,1106.51,181130,On-Time,4
100050,AL02,Singapore,budget,2.0,Economy,Window,9.56,Travel Agent, Yes ,Card,36.0,5,2024-10-09,10,0,0,0.516,1109.22,3463.6,5.4,0,41.1,1348.27,1464.1,311247,Delayed,3
101887,AL08,Malaysia,full-service,3.0,Economy,Aisle,4.44,Mobile App, No ,Online,41.0,2,2025-04-29,4,0,0,0.779,405.18,1220.7,8.48,0,69.8,708.04,747.84,131781,Delayed,3
101702,AL01,Vietnam,full-service,4.0,Economy,Window,6.8,Airport Counter,No,Online,30.0,1,2024-07-17,7,0,0,0.885,173.96,874.5,7.6,1,54.1,472.73,566.19,107414,Delayed,4
104088,AL15,Thailand,budget,3.0,Premium Economy,Middle,6.05,Mobile App,No, Card ,45.0,202,2025-05-13,5,0,0,0.99,288.61,803.5,8.87,0,29.2,597.5,819.13,190347,Cancelled,3
100133,AL01,vietnam,full-service,4.0,Economy,Aisle,5.22,Walk-in,No,Card,18.0,14,2024-12-24,12,0,0,0.686,382.55,945.1,7.45,1,68.0,518.16,606.89,81155,On-Time,4
101105,AL07,Philippines,full-service,3.0,Economy,Aisle,5.04,Website,No,Online,21.0,33,2025-03-20,3,0,0,0.689,1124.83,3775.1,6.03,0,57.1,1515.5,1598.84,310111,On-Time,1
100703,AL17,Philippines,full-service,2.0,First,Window,7.87,Mobile App,No,Card,28.0,38,2024-05-25,5,1,0,0.771,478.14,1394.6,6.9,1,47.2,768.89,923.15,90155,On-Time,5
100482,AL09,Thailand,budget,4.0,Economy,Aisle,6.07,Airport Counter,,Card,26.0,9,2024-12-27,12,0,1,0.525,509.31,1641.2,8.01,0,73.9,776.58,920.81,225950,Cancelled,2
103393,AL06, INDONESIA ,premium,5.0,Economy,Middle,1.27,mobile app,Yes,Online,29.0,51,2024-01-26,1,0,0,0.782,,761.7,6.08,0,59.4,513.32,586.08,81693,On-Time,3
101145,AL17,Thailand,full-service,4.0,Business,Middle,4.36,Mobile App, Yes , Card ,21.0,5,2024-06-25,6,0,0,0.79,770.79,2339.0,8.44,0,90.1,1278.42,1373.93,98085,Delayed,3
103843,AL01, MALAYSIA ,full-service,3.0,Economy,Window,3.07,Mobile App,No,Cash,27.0,117,2024-11-27,11,0,0,0.817,529.91,1369.1,6.93,0,46.6,582.92,634.83,159671,On-Time,4
102038,AL13, Australia ,full-service,3.0,premium economy,Middle,2.84,Walk-in,No,Online,36.0,14,2024-08-30,8,0,0,0.652,249.7,882.5,7.1,1,58.3,494.58,696.18,93017,On-Time,3
102251,AL15, Thailand ,budget,3.0,Premium Economy,Middle,8.68,Website,No,Card,41.0,49,2024-10-15,10,0,0,0.743,434.85,1503.5,7.43,0,53.6,778.41,867.14,125406,Delayed,4
100066,AL15,Indonesia,budget,3.0,Economy,Window,4.89,Airport Counter,No,Online,44.0,6,2024-10-27,10,1,0,0.895,196.64,329.1,6.3,0,43.8,472.36,532.28,131753,Delayed,2
102894,AL04, Malaysia ,full-service,5.0,Economy,Window,5.53,Mobile App, No ,Card,18.0,33,2024-01-16,1,0,0,0.669,467.25,1471.8,7.43,1,77.9,574.44,700.27,134909,Cancelled,2
102781,AL16, VIETNAM ,budget,4.0,first,Aisle,2.9,Website,Yes,Cash,28.0,20,2025-04-19,4,1,1,0.64,432.17,789.1,7.11,1,56.3,696.06,876.25,163087,Delayed,4
102313,AL10,Australia,full-service,4.0,Economy,Middle,1.79,Airport Counter,No,Online,48.0,101,2024-08-24,8,1,0,0.465,425.44,1196.0,5.99,0,37.6,650.54,683.08,102144,On-Time,3
102849,AL03,Singapore,premium,4.0,Economy,Aisle,3.64,Mobile App,No,Card,41.0,29,2024-01-04,1,0,0,0.636,590.43,1856.9,8.61,0,60.7,878.34,1047.58,69172,Delayed,3
104017,AL15,singapore,budget,4.0,Business,Window,1.04,Mobile App,No,Online,27.0,141,2024-08-30,8,0,0,0.715,593.97,1807.4,7.91,0,67.5,1023.62,1137.48,145556,On-Time,4
103103,AL09,Indonesia,budget,,Economy,Aisle,4.05,Travel Agent,,Card,31.0,51,2025-04-28,4,0,0,0.769,153.9,729.3,5.8,0,55.3,498.16,586.42,52173,On-Time,4
100907,AL09,Malaysia,budget,4.0,Economy,Aisle,1.65,Mobile App,No,Cash,46.0,12,2024-08-19,8,0,0,0.99,292.22,874.5,7.02,1,38.6,505.73,636.96,111850,Delayed,3
100031,AL07,Malaysia,full-service,3.0,Premium Economy,Window,4.81,Mobile App,No,Online,29.0,13,2025-02-24,2,0,1,0.844,321.94,939.9,4.37,1,59.4,622.28,769.54,80978,Delayed,2
102465,AL02,Japan,budget,2.0,Economy,Aisle,1.83,Website,Yes,Online,35.0,24,2024-04-21,4,1,0,0.589,475.88,1716.9,5.62,0,100.0,884.63,974.14,217539,Cancelled,3
102929,AL11, VIETNAM ,budget,3.0,Economy,Aisle,4.18,Travel Agent,No,Online,24.0,7,2024-12-12,12,0,0,0.75,894.76,2886.2,6.59,0,5.0,1095.38,1318.76,70819,On-Time,4
102680,AL08,australia,full-service,2.0,First,Aisle,2.91,Mobile App,Yes,Card,26.0,53,2024-09-25,9,0,0,0.82,580.6,1618.7,6.98,0,38.8,1066.13,1150.02,268373,On-Time,3
100873,AL02,Vietnam,budget,2.0,Economy,Window,2.29,Airport Counter, No ,Online,30.0,2,2024-11-24,11,1,0,0.784,508.82,1662.2,9.57,0,63.1,842.01,955.27,235985,Delayed,4
100010,AL09,Malaysia,budget,4.0,Economy,Aisle,3.46,Website,Yes,Card,32.0,14,2025-03-13,3,0,0,,687.67,2260.9,,0,89.5,1065.2,1118.56,271966,Delayed,2
100064,AL15, Vietnam ,budget,2.0,premium economy,Window,1.55,Website,, Online ,49.0,75,2024-11-16,11,1,0,0.652,278.34,942.6,5.29,0,29.9,615.65,732.41,92422,On-Time,2
104102,AL16,thailand,budget,1.0,Economy,Middle,5.72,Travel Agent,Yes,Online,58.0,96,2024-02-16,2,0,0,0.777,222.44,618.4,5.81,0,74.3,461.04,677.14,44692,Delayed,2
103477,AL03,indonesia,premium,5.0,Economy,Window,1.34,Travel Agent,Yes,Online,46.0,9,2025-01-20,1,0,0,0.661,357.33,1433.3,5.42,1,33.6,637.37,720.4,182911,On-Time,3
100776,AL13, JAPAN ,full-service,3.0,Premium Economy,Window,5.86,Travel Agent,No,Online,35.0,73,2024-03-09,3,1,0,0.697,339.07,751.9,10.0,0,67.6,660.74,735.13,131540,Delayed,4
100077,AL09,Vietnam,budget,2.0,Premium Economy,Aisle,2.07,Walk-in,Yes,Cash,29.0,49,2024-04-30,4,0,0,0.797,312.47,697.5,5.73,0,84.4,603.5,733.3,122678,Delayed,4
100491,AL03,Singapore,premium,,Premium Economy,Window,3.31,Website,Yes,Card,66.0,12,2024-08-22,8,0,0,0.74,452.72,1439.0,7.3,1,33.9,699.73,850.79,68760,Delayed,3
103827,AL11,Singapore,budget,3.0,Business,Aisle,2.83,Website,Yes, Cash ,45.0,20,2024-05-23,5,0,0,0.823,375.89,1469.4,7.98,1,26.8,718.21,836.85,129522,Delayed,4
103988,AL09,Japan,budget,4.0,Economy,Window,2.5,Mobile App, Yes ,Cash,28.0,4,2024-12-04,12,0,0,0.759,587.17,1692.0,7.61,1,59.5,757.28,970.75,65497,Delayed,2
102580,AL18,Indonesia,budget,5.0,Economy,Window,11.63,Travel Agent,No,Online,21.0,52,2025-01-29,1,0,1,0.753,508.36,1806.9,7.65,1,52.2,801.92,820.97,209335,Delayed,3
102113,AL16,Malaysia,budget,5.0,Economy,Middle,7.36,Website,Yes,Cash,21.0,41,2024-11-05,11,0,0,0.716,782.7,2295.7,6.66,0,75.3,1052.05,1092.03,200469,Cancelled,2
104149,AL11,Vietnam,budget,3.0,Economy,Aisle,2.7,travel agent,,Online,42.0,5,2024-05-06,5,0,0,0.637,314.6,1003.1,6.52,1,51.0,559.96,614.99,50019,Delayed,4
103483,AL17,malaysia,full-service,3.0,Economy,Aisle,9.92,travel agent,No,Card,43.0,4,2025-03-19,3,0,0,0.533,567.95,1557.6,7.23,1,81.5,682.93,734.64,90302,Delayed,3
100219,AL03, SINGAPORE ,premium,,Economy,Middle,15.14,Website,Yes, Card ,42.0,23,2024-05-22,5,0,0,0.936,583.61,1717.9,8.93,0,52.5,871.1,1016.58,192985,Cancelled,2
102344,AL04,singapore,full-service,3.0,First,Aisle,9.45,Website,No, Online ,41.0,6,2024-08-30,8,0,0,0.704,711.92,2134.1,7.28,0,55.2,1275.95,1433.14,229265,Delayed,4
100591,AL07, PHILIPPINES ,full-service,4.0,Economy,Window,1.95,Walk-in,No,Card,42.0,210,2024-11-06,11,0,0,0.681,210.62,916.8,8.5,1,62.2,526.89,562.99,97315,On-Time,3
103491,AL02,Philippines,budget,4.0,Premium Economy,Aisle,2.16,website,Yes,Card,58.0,71,2025-04-01,4,0,0,0.825,473.78,1105.5,7.34,0,73.5,766.14,911.97,131126,Delayed,3
102815,AL08,singapore,full-service,4.0,Economy,Aisle,4.36,mobile app,Yes,Card,42.0,45,2024-06-21,6,0,0,0.806,721.14,2240.5,6.62,1,43.1,841.63,919.26,58118,On-Time,2
103510,AL08,Malaysia,full-service,3.0,Economy,Window,3.8,Website,No,Online,56.0,47,2025-04-04,4,0,0,0.587,584.57,1552.6,7.6,0,51.5,734.78,802.47,172963,Delayed,2
101285,AL05,Australia,budget,5.0,Economy,Middle,6.25,Mobile App, No , Online ,45.0,49,2025-01-01,1,0,0,0.873,377.9,1232.1,6.97,0,57.1,702.82,753.16,112774,Delayed,3
103826,AL05,Malaysia,budget,4.0,economy,Aisle,1.8,Website, No ,Online,33.0,33,2025-04-02,4,0,0,0.632,417.73,1180.8,8.46,0,60.3,623.01,775.27,112230,On-Time,3
100724,AL04,thailand,full-service,4.0,Economy,Middle,1.36,Travel Agent,No,Online,18.0,4,2024-05-15,5,0,0,0.943,307.91,893.2,6.9,0,68.7,582.79,809.39,96631,On-Time,4
103852,AL03,Thailand,premium,4.0,Economy,Middle,2.23,Travel Agent,No,Card,37.0,14,2024-04-28,4,1,0,0.541,1297.95,4345.0,7.92,0,45.8,1616.47,1789.77,375982,Delayed,2
103353,AL13,Malaysia,full-service,3.0,First,Window,2.69,Mobile App,,Online,47.0,12,2024-02-02,2,0,1,0.774,287.17,1030.9,6.8,0,69.9,867.04,1015.33,209087,Delayed,2
102674,AL02,Singapore,budget,4.0,Economy,Aisle,5.71,Website, Yes ,Card,47.0,24,2025-04-05,4,1,0,0.927,562.5,1592.3,7.07,0,62.3,810.34,869.92,72590,Delayed,3
103424,AL08,Indonesia,full-service,3.0,economy,Aisle,3.86,Mobile App,No,Online,37.0,63,2024-09-04,9,0,0,0.668,410.02,1232.2,6.86,0,39.8,639.91,714.91,185484,On-Time,3
103823,AL08, INDONESIA ,full-service,3.0,Business,Aisle,4.04,Airport Counter, Yes ,Card,51.0,21,2024-06-03,6,0,1,0.742,595.17,2158.0,7.83,1,7.9,910.56,1153.13,284338,Delayed,3
102226,AL01,Philippines,full-service,3.0,Economy,Aisle,2.68,airport counter,No,Online,46.0,8,2025-02-23,2,1,0,0.693,394.45,1265.8,9.54,1,51.3,578.7,602.79,93648,Delayed,4
101212,AL06,Japan,premium,4.0,Economy,Middle,5.71,Mobile App, No , Online ,29.0,11,2025-03-12,3,0,0,0.818,361.83,669.7,4.22,1,90.5,501.22,524.65,73677,Delayed,3
102482,AL03,indonesia,premium,2.0,Economy,Aisle,1.76,Website,Yes,Card,,12,2025-03-12,3,0,0,0.772,263.26,966.2,5.12,0,59.9,601.67,635.44,128477,Cancelled,1
102299,AL10,Malaysia,full-service,3.0,Premium Economy,Window,0.77,mobile app,Yes,Online,,17,2024-09-20,9,0,0,0.853,177.77,352.9,6.36,0,18.5,402.91,475.04,61182,Delayed,3
104001,AL12,Malaysia,premium,4.0,economy,Aisle,3.98,Mobile App,No,Card,25.0,7,2025-01-07,1,0,1,0.837,447.49,1124.7,8.38,0,40.2,639.76,766.5,157831,On-Time,5
101637,AL14,Singapore,full-service,2.0,premium economy,Window,2.25,Airport Counter,Yes,Online,49.0,0,2024-04-21,4,1,0,0.97,354.86,810.9,6.05,0,42.1,705.92,830.53,205692,On-Time,2
101828,AL16, MALAYSIA ,budget,4.0,Economy,Window,2.59,Website,No,Card,32.0,15,2024-10-30,10,0,0,0.668,383.19,1213.7,8.87,0,43.0,644.93,808.28,59222,On-Time,3
101735,AL07,Thailand,full-service,3.0,premium economy,Aisle,3.12,Website,No,Online,47.0,24,2025-06-23,6,0,0,0.692,635.29,2454.3,7.12,1,70.4,1008.82,1220.93,132907,On-Time,3
103586,AL06,Indonesia,premium,4.0,Economy,Middle,3.72,Airport Counter,No,Cash,53.0,39,2025-03-23,3,1,0,0.821,227.97,706.7,7.68,0,32.0,536.49,636.02,39026,On-Time,5
103124,AL03,Singapore,premium,3.0,Premium Economy,Aisle,5.3,Website, No ,Online,41.0,8,2024-11-23,11,1,0,0.777,207.26,432.5,,0,25.6,502.1,561.0,78810,On-Time,4
103896,AL13,Malaysia,full-service,4.0,Premium Economy,Aisle,3.51,Mobile App,Yes, Card ,50.0,3,2025-01-03,1,0,0,0.679,779.14,3004.5,7.6,0,53.7,1360.99,1432.28,333141,On-Time,5
100982,AL01, JAPAN ,full-service,3.0,economy,Window,2.71,Mobile App,No,Card,55.0,12,2024-03-09,3,1,0,0.906,353.31,1146.8,10.0,0,52.8,637.62,689.44,65452,On-Time,2
103027,AL03,Vietnam,premium,5.0,Economy,Aisle,4.7,travel agent,,Card,23.0,7,2024-07-01,7,0,0,0.862,384.42,1230.7,7.97,1,49.5,631.1,677.36,156816,On-Time,4
100706,AL12,Japan,premium,3.0,Economy,Aisle,2.01,Website,No,Online,32.0,26,2024-09-18,9,0,0,0.969,238.22,452.3,5.35,0,64.7,418.92,471.77,54896,Delayed,2
102535,AL17,Malaysia,full-service,3.0,Economy,Window,3.73,Website,No,Card,24.0,45,2024-05-03,5,0,0,0.97,1007.91,3579.9,6.95,1,29.0,1100.99,1186.66,123600,Cancelled,2
101687,AL14,Malaysia,full-service,5.0,Premium Economy,Aisle,1.08,Website,No,Online,26.0,19,2024-02-01,2,0,0,0.731,729.28,2367.5,7.86,1,46.6,1082.04,1163.09,76080,On-Time,3
103985,AL01, Vietnam ,full-service,3.0,Economy,Window,4.91,website,No,Card,26.0,4,2024-02-03,2,1,0,0.677,416.23,1474.1,5.73,0,34.8,667.46,729.61,142619,On-Time,3
100273,AL02,vietnam,budget,2.0,Premium Economy,Aisle,5.81,Mobile App,Yes,Online,41.0,6,2024-10-23,10,0,0,0.722,430.22,1093.7,5.36,0,60.9,766.95,822.15,201564,On-Time,3
101709,AL18, SINGAPORE ,budget,3.0,premium economy,Aisle,0.82,mobile app,Yes,Online,42.0,28,2025-04-02,4,0,0,0.951,499.22,1563.3,7.54,1,40.0,847.81,1070.37,97278,On-Time,2
103957,AL06,indonesia,premium,4.0,Economy,Middle,8.8,Mobile App,No,Card,42.0,5,2024-07-24,7,0,0,0.817,688.08,2387.8,6.92,0,59.9,1071.83,1096.56,180324,On-Time,4
104132,AL10,Vietnam,full-service,4.0,Economy,Aisle,13.19,Travel Agent,,Card,44.0,14,2025-03-05,3,0,0,,432.05,1286.1,7.97,0,67.7,650.03,718.61,171545,Delayed,3
100963,AL10,Malaysia,full-service,2.0,Economy,Aisle,1.64,Mobile App,No,Card,26.0,25,2024-04-06,4,1,0,0.846,608.5,1880.3,7.98,1,39.9,831.43,910.6,165627,Delayed,3
102925,AL08,Thailand,full-service,2.0,Economy,Middle,4.81,Mobile App,No,Card,51.0,13,2024-07-13,7,1,0,0.99,767.17,2731.0,8.53,0,75.1,1213.91,1287.4,274942,On-Time,4
103816,AL02,Singapore,budget,1.0,Economy,Window,5.97,walk-in,Yes, Online ,48.0,112,2024-06-18,6,0,0,0.848,186.69,918.9,6.58,0,47.5,537.88,574.27,62982,On-Time,4
102133,AL18, MALAYSIA ,budget,3.0,Economy,Aisle,7.37,walk-in, No ,Online,32.0,3,2024-04-13,4,1,1,0.813,804.44,2049.0,6.53,1,66.5,786.07,856.01,117076,Delayed,3
101472,AL16, VIETNAM ,budget,2.0,Premium Economy,Middle,2.01,Mobile App,,Online,18.0,29,2024-08-31,8,1,0,0.728,312.63,427.8,7.42,0,28.4,494.51,610.93,127058,Delayed,3
102459,AL04, Malaysia ,full-service,4.0,premium economy,Window,1.43,Airport Counter,No,Card,42.0,17,2025-06-27,6,0,0,0.689,308.29,637.2,8.51,0,15.7,554.29,742.47,127292,On-Time,5
104051,AL17,philippines,full-service,3.0,First,Aisle,5.18,Airport Counter,No,Card,,12,2025-01-12,1,1,0,0.587,266.64,898.9,4.52,0,37.2,813.55,955.88,224085,On-Time,4
103885,AL12,Malaysia,premium,3.0,economy,Window,3.47,Airport Counter, No ,Online,48.0,12,2024-10-13,10,1,0,0.924,1416.74,5268.6,6.22,0,72.4,2045.02,2202.28,400991,Delayed,2
101452,AL02, VIETNAM ,budget,3.0,Economy,Aisle,3.17,walk-in,No,Card,39.0,8,2024-10-02,10,0,0,0.836,170.0,415.3,7.09,0,33.5,418.2,539.62,56032,On-Time,3
102715,AL02,Vietnam,budget,4.0,Business,Middle,2.78,Website,Yes,Card,45.0,21,2024-12-04,12,0,0,0.855,234.62,614.1,8.2,0,64.0,692.94,823.65,66346,On-Time,4
103310,AL11, JAPAN ,budget,2.0,business,Middle,6.7,Airport Counter, No ,Online,31.0,13,2025-05-30,5,0,0,0.687,128.07,527.0,4.75,0,68.3,632.21,714.22,166632,On-Time,3
100149,AL09,Thailand,budget,2.0,Premium Economy,Aisle,4.17,Mobile App,Yes,Card,43.0,31,2025-06-27,6,0,0,0.75,479.05,1714.0,6.53,0,31.6,921.46,1000.77,167572,On-Time,4
102692,AL11,Thailand,budget,4.0,Economy,Middle,1.82,Website,Yes,Online,50.0,60,2024-09-01,9,1,0,0.917,811.63,2598.5,4.79,1,50.3,1077.19,1139.49,237263,On-Time,3
102767,AL02,australia,budget,3.0,Economy,Aisle,0.86,Travel Agent,No,Card,43.0,42,2024-07-31,7,0,0,0.678,319.62,741.4,7.25,0,20.1,478.3,537.99,118536,On-Time,3
101757,AL06, THAILAND ,premium,4.0,Economy,Aisle,3.65,Travel Agent,No,Card,23.0,51,2024-12-20,12,0,0,0.651,225.13,955.3,9.1,1,58.1,535.4,647.75,111107,On-Time,5
100218,AL12, Australia ,premium,3.0,economy,Middle,7.51,Mobile App,No,Card,18.0,108,2025-01-23,1,0,0,0.675,160.79,547.6,8.18,1,17.8,407.91,451.81,40480,Delayed,3
100239,AL09,Thailand,budget,2.0,Economy,Middle,2.61,Mobile App,Yes,Card,18.0,14,2024-01-18,1,0,0,0.741,302.71,1014.5,5.74,0,75.6,587.89,732.5,135548,On-Time,3
101131,AL08, Thailand ,full-service,2.0,Economy,Middle,3.01,Mobile App, No , Card ,41.0,3,2025-06-13,6,0,0,0.756,753.6,2192.3,8.88,0,30.2,957.8,1019.51,117768,Delayed,3
104106,AL03, THAILAND ,premium,2.0,Economy,Window,0.93,Walk-in,,Online,46.0,12,2024-01-05,1,0,0,0.97,314.09,637.0,7.52,0,5.0,515.26,701.73,162753,On-Time,2
103264,AL12,Vietnam,premium,4.0,Economy,Window,3.53,Mobile App,No,Online,18.0,50,2024-12-26,12,0,1,0.693,215.51,400.6,7.72,1,59.5,400.02,434.33,36992,On-Time,4
102840,AL12,Singapore,premium,5.0,Economy,Aisle,1.26,Airport Counter,Yes,Online,30.0,56,2025-06-06,6,0,0,0.698,422.07,1317.9,,1,70.2,685.79,759.04,130812,On-Time,3
102239,AL08,Singapore,full-service,3.0,Premium Economy,Window,3.37,Airport Counter,No,Online,40.0,56,2024-02-13,2,0,0,0.803,364.16,1082.5,4.52,1,37.6,669.96,745.44,47946,On-Time,3
102381,AL05, VIETNAM ,budget,4.0,Economy,Middle,3.51,Mobile App,Yes, Online ,27.0,62,2024-11-12,11,0,0,0.913,374.18,1019.4,7.87,0,70.4,610.13,704.49,137699,Delayed,3
101253,AL12,Malaysia,premium,3.0,Business,Aisle,1.98,Website,Yes,Card,35.0,33,2024-11-17,11,1,1,0.787,241.18,524.4,,0,75.3,654.99,724.67,70616,On-Time,4
101053,AL03,Philippines,premium,3.0,Business,Aisle,3.89,mobile app,No,Online,50.0,60,2024-09-02,9,0,1,0.78,838.27,2908.0,7.08,1,33.6,1173.98,1296.72,221045,Cancelled,2
103010,AL14,Australia,full-service,4.0,Economy,Middle,4.91,Website,Yes,Card,18.0,2,2024-04-23,4,0,0,0.715,290.94,753.2,5.71,1,100.0,464.78,565.29,55833,Cancelled,1
101668,AL17, JAPAN ,full-service,3.0,Business,Middle,0.75,Mobile App, Yes , Online ,28.0,4,2024-04-18,4,0,0,0.69,363.23,670.2,8.14,0,79.3,712.01,854.88,211432,On-Time,4
103869,AL14,Singapore,full-service,4.0,Economy,Aisle,2.26,Travel Agent,No,Online,18.0,14,2024-02-18,2,1,0,0.734,135.55,362.1,10.0,0,32.4,384.21,520.92,122907,Delayed,4
103074,AL10,Malaysia,full-service,1.0,Economy,Aisle,2.57,Mobile App,Yes,Online,24.0,17,2025-06-24,6,0,0,0.776,88.13,470.1,7.27,1,48.7,382.6,483.45,82051,Delayed,2
104069,AL09,Singapore,budget,3.0,Economy,Window,4.56,Mobile App, Yes , Card ,32.0,108,2024-06-16,6,1,1,0.99,452.04,1452.6,6.16,1,47.0,574.79,752.56,151902,Delayed,3
104117,AL18,malaysia,budget,2.0,First,Middle,11.78,Mobile App,Yes,Online,47.0,15,2024-04-07,4,1,0,0.787,556.02,1787.4,7.58,0,70.0,1200.27,1274.22,197916,Cancelled,3
101357,AL14,thailand,full-service,2.0,Economy,Window,1.63,Website,No,Online,31.0,6,2024-08-14,8,0,0,,379.17,886.8,7.29,0,84.5,566.27,744.53,76666,On-Time,2
100775,AL16,Indonesia,budget,2.0,Premium Economy,Aisle,5.19,Mobile App,No, Online ,35.0,12,2024-09-30,9,0,1,0.773,790.39,2589.1,7.38,0,25.2,1237.78,1329.97,320444,On-Time,3
102630,AL05,Australia,budget,4.0,Economy,Middle,3.64,Mobile App,No,Online,,10,2025-05-17,5,1,0,0.847,525.36,1836.3,6.01,1,47.7,738.59,810.53,77366,On-Time,4
102832,AL16, Singapore ,budget,3.0,Economy,Window,3.36,Mobile App,No,Online,47.0,2,2025-03-28,3,0,0,0.962,203.14,527.1,8.62,1,56.7,427.78,489.63,118188,Delayed,3
103989,AL03,Malaysia,premium,4.0,Economy,Aisle,6.49,Mobile App,No,Online,41.0,45,2024-03-31,3,1,0,0.986,681.8,2165.8,8.55,0,49.4,944.5,985.67,142984,Delayed,4
100839,AL10,malaysia,full-service,3.0,Business,Window,3.46,website,Yes,Online,27.0,16,2024-07-06,7,1,0,0.878,432.1,1317.9,6.67,1,47.5,728.48,883.08,151126,Cancelled,2
100627,AL04, Vietnam ,full-service,3.0,Premium Economy,Aisle,4.46,Mobile App,Yes,Online,30.0,22,2025-02-06,2,0,0,0.769,391.64,923.0,9.06,0,76.1,625.35,705.34,70168,On-Time,3
103567,AL12,Malaysia,premium,2.0,Business,Aisle,7.13,Walk-in,No, Online ,48.0,1,2024-06-13,6,0,0,0.901,521.28,1505.3,9.35,0,58.3,1018.12,1142.93,94036,Delayed,3
100323,AL14,Malaysia,full-service,4.0,Premium Economy,Middle,3.95,Mobile App,, Online ,25.0,38,2024-12-22,12,1,0,0.663,168.58,398.7,8.03,1,39.1,368.78,453.53,101683,Delayed,4
102343,AL12,Thailand,premium,4.0,Economy,Aisle,2.38,Airport Counter,No, Card ,20.0,24,2024-12-23,12,0,0,0.633,617.42,2199.0,7.95,0,39.4,965.92,1157.48,273378,On-Time,4
101655,AL17,vietnam,full-service,4.0,Economy,Middle,4.77,Walk-in,No,Online,24.0,5,2024-03-12,3,0,0,0.895,627.14,2179.5,5.92,0,74.9,1034.37,1137.49,240631,On-Time,2
101867,AL05, MALAYSIA ,budget,3.0,Business,Middle,4.03,Airport Counter,Yes,Card,37.0,11,2024-03-14,3,0,0,0.788,708.35,2388.9,6.59,1,44.4,1009.42,1109.58,273839,On-Time,5
101160,AL13, Singapore ,full-service,5.0,Economy,Window,6.32,Mobile App,No,Card,31.0,37,2024-10-09,10,0,0,0.679,232.57,634.2,8.4,0,66.7,483.56,604.81,49986,Delayed,4
102826,AL16,Indonesia,budget,1.0,Economy,Window,1.55,Website, Yes , Card ,33.0,0,2025-01-04,1,1,0,0.779,612.87,1680.9,6.72,1,83.5,777.55,854.17,96127,Delayed,2
101076,AL04, PHILIPPINES ,full-service,5.0,Business,Aisle,3.19,Website,Yes,Card,25.0,8,2025-01-10,1,0,0,0.765,732.2,2350.0,7.38,1,72.4,1066.69,1205.05,230982,Delayed,3
102987,AL04,Thailand,full-service,3.0,Economy,Aisle,1.65,Website,No, Card ,46.0,24,2024-11-18,11,0,0,0.886,922.05,3063.5,7.28,0,94.2,1319.97,1456.57,364013,Delayed,4
100437,AL09, PHILIPPINES ,budget,4.0,Economy,Window,1.3,Travel Agent,No,Card,35.0,6,2024-08-12,8,0,0,0.763,154.12,624.3,8.74,1,54.3,396.7,449.13,108265,Delayed,2
100119,AL12,Singapore,premium,4.0,Economy,Aisle,5.65,Travel Agent,No,Card,,17,2025-04-05,4,1,0,0.777,894.75,3184.6,5.64,1,73.4,1197.08,1262.01,185055,On-Time,3
104027,AL10,Philippines,full-service,4.0,Business,Middle,3.93,Website, Yes ,Card,35.0,88,2025-04-15,4,0,0,0.781,301.68,880.7,8.94,1,19.8,606.42,732.98,56649,On-Time,5
103757,AL12,Thailand,premium,2.0,Premium Economy,Window,8.16,Website,Yes,Card,34.0,17,2025-03-26,3,0,1,0.665,512.76,1574.3,6.27,1,49.5,852.48,940.81,133089,On-Time,3
104035,AL15,Singapore,budget,3.0,Premium Economy,Aisle,2.25,Airport Counter,,Card,44.0,63,2025-01-12,1,1,0,0.752,498.53,1485.0,7.34,1,66.0,643.67,799.23,89166,Delayed,3
101814,AL02,Thailand,budget,2.0,Premium Economy,Aisle,1.2,Website,No,Online,26.0,9,2025-02-09,2,1,0,0.911,,650.7,6.17,0,27.1,578.01,651.08,58363,On-Time,3
103413,AL09,australia,budget,4.0,Economy,Middle,5.29,mobile app, No ,Card,18.0,12,2025-02-19,2,0,0,0.903,750.06,2431.5,7.2,0,68.5,1105.26,1230.45,211735,Delayed,3
101839,AL03,Japan,premium,4.0,Economy,Middle,1.5,Website,Yes,Cash,35.0,6,2025-04-30,4,0,1,0.843,928.34,3100.3,9.85,1,60.3,1103.67,1148.32,165979,On-Time,4
101026,AL03,Vietnam,premium,5.0,economy,Aisle,4.96,Airport Counter, No ,Online,24.0,27,2024-03-14,3,0,0,0.63,171.09,618.8,7.8,0,55.7,471.15,550.3,54863,Delayed,3
103301,AL01,Singapore,full-service,3.0,Premium Economy,Aisle,7.47,Mobile App,Yes,Card,,15,2024-12-23,12,0,0,0.503,335.02,1386.0,7.75,1,52.8,761.14,897.58,192410,On-Time,4
103782,AL12,vietnam,premium,4.0,First,Aisle,6.7,Travel Agent,No,Cash,23.0,6,2025-03-01,3,1,0,0.805,422.39,1465.8,6.62,0,74.0,1075.87,1172.17,286917,On-Time,4
103428,AL07,japan,full-service,3.0,Premium Economy,Aisle,4.12,Walk-in,No,Card,34.0,1,2024-10-16,10,0,0,0.713,708.47,1869.2,8.8,0,63.4,972.03,1068.61,68849,On-Time,3
100076,AL11,Indonesia,budget,2.0,economy,Aisle,3.0,Website,Yes, Online ,42.0,3,2025-03-26,3,0,1,0.894,458.63,1546.4,8.28,1,55.7,762.33,1096.14,174636,Cancelled,2
103101,AL09,malaysia,budget,4.0,First,Middle,2.27,Travel Agent,Yes,Card,21.0,58,2025-01-01,1,0,0,0.892,146.78,831.3,7.29,0,55.5,833.36,905.96,192534,Cancelled,3
100900,AL03,Singapore,premium,3.0,Economy,Window,7.35,Walk-in,,Card,51.0,45,2025-02-21,2,0,0,0.7,132.62,477.0,8.48,1,52.8,379.06,474.38,44495,On-Time,4
100371,AL03, INDONESIA ,premium,4.0,Economy,Middle,3.91,Travel Agent,No,Card,37.0,52,2024-01-15,1,0,0,0.78,212.18,795.7,6.64,0,71.9,615.94,748.94,160945,On-Time,3
101204,AL10,philippines,full-service,5.0,Economy,Window,2.85,Mobile App,No, Card ,34.0,2,2024-11-21,11,0,0,,439.24,1381.8,7.54,1,70.9,703.65,905.0,157628,Cancelled,2
103878,AL15, INDONESIA ,budget,2.0,Economy,Aisle,4.04,Mobile App,No,Online,40.0,10,2024-06-16,6,1,0,0.942,219.09,677.2,5.82,0,23.8,459.44,627.04,116184,On-Time,3
100645,AL03,Singapore,premium,4.0,Economy,Middle,2.4,Walk-in,No,Online,24.0,27,2025-06-10,6,0,0,0.636,591.51,1636.4,7.07,0,41.8,814.31,880.92,133821,On-Time,3
100941,AL11,Singapore,budget,5.0,Economy,Window,4.91,Mobile App,No, Online ,35.0,26,2024-11-04,11,0,1,0.872,358.56,824.8,8.53,0,70.4,528.02,571.91,98791,Delayed,3
102625,AL14,Singapore,full-service,3.0,premium economy,Aisle,2.9,Website,No,Card,46.0,7,2024-04-15,4,0,0,0.82,856.63,2951.7,6.79,1,64.5,1206.3,1338.42,261450,Delayed,4
102867,AL12,Singapore,premium,4.0,First,Aisle,4.08,Travel Agent, No ,Card,49.0,10,2024-04-13,4,1,0,0.875,523.49,1605.5,7.39,1,43.2,941.9,1034.42,76335,On-Time,4
100552,AL16, INDONESIA ,budget,3.0,Premium Economy,Window,3.98,Website,No,Card,28.0,21,2024-07-11,7,0,0,0.455,434.87,1208.7,6.62,0,100.0,784.28,924.31,94162,Delayed,3
100406,AL03, AUSTRALIA ,premium,5.0,Economy,Aisle,3.46,Website,Yes,Card,20.0,5,2025-06-19,6,0,0,0.843,286.86,926.0,4.46,0,53.1,588.2,686.91,112891,On-Time,4
102117,AL10,Malaysia,full-service,3.0,Premium Economy,Window,1.64,Airport Counter,Yes,Online,45.0,58,2025-01-03,1,0,0,0.596,662.38,2146.8,5.36,0,59.4,1021.67,1195.88,171319,On-Time,4
103631,AL04,Japan,full-service,3.0,Economy,Aisle,1.46,Mobile App,No,Cash,36.0,40,2025-06-22,6,1,1,0.788,219.4,471.8,8.22,0,69.0,403.14,498.53,107814,Delayed,2
103783,AL17, MALAYSIA ,full-service,3.0,Premium Economy,Window,3.03,Mobile App,No, Card ,25.0,19,2024-09-28,9,1,0,0.758,720.42,2565.4,5.82,0,27.0,1184.03,1254.31,236935,Delayed,1
101613,AL16, AUSTRALIA ,budget,3.0,Economy,Aisle,6.21,Travel Agent,Yes,Card,44.0,106,2025-05-14,5,0,0,0.799,336.83,1294.1,5.36,1,65.6,597.49,721.61,139413,Delayed,2
102934,AL12,Indonesia,premium,3.0,Premium Economy,Aisle,3.92,Mobile App, No ,Online,43.0,1,2024-08-10,8,1,1,0.794,292.17,1075.5,6.2,0,58.2,809.39,892.68,158869,Delayed,1
100968,AL03,Malaysia,premium,3.0,Premium Economy,Aisle,2.11,travel agent,No, Card ,46.0,16,2025-06-19,6,0,0,0.712,845.62,2519.2,6.75,0,21.2,1138.09,1304.92,117745,On-Time,3
104078,AL06,Vietnam,premium,3.0,Economy,Window,2.12,Walk-in,No,Online,51.0,6,2024-10-28,10,0,0,0.809,451.72,1404.9,8.08,0,65.8,810.97,838.74,133202,On-Time,5
102833,AL04,Vietnam,full-service,2.0,Economy,Window,2.43,Mobile App,Yes,Online,53.0,47,2025-01-27,1,0,0,0.917,499.3,1511.9,6.63,0,47.7,766.2,865.59,135768,On-Time,3
104198,AL05,Indonesia,budget,4.0,Economy,Aisle,3.27,Travel Agent,Yes,Online,,3,2024-09-17,9,0,0,0.686,442.54,1304.3,7.99,0,75.1,736.75,834.38,177845,Delayed,2
103383,AL06,thailand,premium,3.0,Economy,Middle,3.76,Travel Agent,No,Card,33.0,7,2024-09-26,9,0,0,0.654,459.95,1495.9,7.32,1,41.7,697.89,811.89,139170,On-Time,3
104096,AL14,Singapore,full-service,5.0,Economy,Middle,9.96,Airport Counter,No,Card,18.0,13,2024-07-21,7,1,0,0.488,183.81,886.5,6.95,0,71.4,569.44,623.19,71105,On-Time,3
102349,AL16,Philippines,budget,5.0,Premium Economy,Window,3.88,Travel Agent, Yes , Online ,21.0,24,2024-08-25,8,1,0,0.898,579.9,1849.9,8.62,0,93.2,992.95,1090.55,263104,Delayed,4
101746,AL01,Japan,full-service,3.0,Business,Aisle,5.62,Mobile App,No, Card ,31.0,71,2025-03-18,3,0,0,0.692,309.2,1019.6,7.72,1,74.8,682.76,751.15,176991,On-Time,5
100689,AL03,Philippines,premium,5.0,Economy,Aisle,4.08,Mobile App,No,Card,18.0,14,2024-04-29,4,0,1,0.725,426.68,1286.9,9.35,1,34.5,669.47,953.93,158929,On-Time,4
102860,AL12,Vietnam,premium,3.0,premium economy,Middle,6.73,Mobile App,No,Online,35.0,13,2024-10-02,10,0,0,0.99,633.69,1910.1,,0,88.2,1085.39,1225.87,113126,Delayed,3
103109,AL10,malaysia,full-service,,Economy,Window,0.75,Mobile App,,Online,18.0,58,2024-02-11,2,1,0,0.99,517.32,1735.3,9.46,0,61.1,864.57,910.89,221078,On-Time,4
103425,AL18, INDONESIA ,budget,2.0,Premium Economy,Aisle,2.8,Travel Agent, No ,Online,22.0,33,2024-01-07,1,1,0,0.915,434.94,1254.1,8.65,1,76.4,643.67,776.68,79966,Delayed,3
104195,AL17,malaysia,full-service,4.0,Economy,Window,1.29,Travel Agent,No, Online ,37.0,15,2024-01-13,1,1,0,0.733,446.64,1292.3,5.31,0,52.1,750.65,857.83,121754,On-Time,3
101738,AL14, Vietnam ,full-service,1.0,Economy,Aisle,4.15,Website,No,Card,46.0,7,2024-04-13,4,1,0,0.68,577.37,1729.0,8.25,1,73.3,714.26,747.81,190178,On-Time,4
100236,AL03,Thailand,premium,4.0,Economy,Window,5.3,Mobile App,No,Card,36.0,1,2024-05-06,5,0,0,0.731,460.78,1463.3,7.67,0,29.5,771.51,971.76,240533,On-Time,2
103393,AL06, INDONESIA ,premium,5.0,Economy,Middle,1.27,mobile app,Yes,Online,29.0,51,2024-01-26,1,0,0,0.782,,761.7,6.08,0,59.4,513.32,586.08,81693,On-Time,3
101986,AL12,Australia,premium,3.0,Premium Economy,Middle,4.69,Website,No,Card,,16,2024-11-12,11,0,0,0.711,249.53,384.4,5.76,0,81.0,543.66,668.89,158115,Delayed,3
101983,AL09,Philippines,budget,5.0,Economy,Aisle,2.55,Travel Agent, No , Cash ,48.0,34,2024-08-14,8,0,0,0.788,636.47,1836.6,6.48,0,62.9,792.4,865.45,164827,Delayed,2
103163,AL05,Singapore,budget,4.0,Economy,Window,1.74,Website,No,Online,30.0,20,2025-03-18,3,0,0,0.7,270.73,1069.3,6.97,0,47.9,556.75,620.64,140920,Delayed,3
102842,AL16,Malaysia,budget,,Economy,Aisle,7.25,Website,Yes, Online ,40.0,15,2024-06-15,6,1,0,0.683,500.32,1597.9,8.16,0,58.7,798.19,1016.66,125589,Delayed,4
100499,AL03,Australia,premium,4.0,Economy,Aisle,2.9,Website,No,Online,,28,2024-01-07,1,1,0,0.795,302.06,334.1,6.52,1,34.3,373.78,533.25,43053,Delayed,3
100822,AL13, Japan ,full-service,4.0,Economy,Window,4.45,Walk-in,Yes,Online,50.0,43,2024-09-28,9,1,0,0.99,654.82,2056.5,4.96,0,75.6,1009.51,1096.37,88100,Delayed,2
103625,AL09,Australia,budget,5.0,Economy,Window,4.39,Website,Yes, Card ,18.0,18,2025-03-03,3,0,0,0.675,1082.02,3515.7,8.7,0,63.6,1403.2,1444.84,310963,Delayed,2
103127,AL06,philippines,premium,4.0,economy,Aisle,3.84,Website, No ,Cash,18.0,21,2024-02-23,2,0,0,0.752,552.45,1805.4,8.84,1,55.8,785.93,837.34,82613,On-Time,3
103374,AL02,Singapore,budget,4.0,Premium Economy,Middle,3.62,Mobile App,No, Online ,,17,2024-08-09,8,0,0,0.687,381.57,1143.4,7.23,1,46.5,608.4,712.33,45023,Delayed,3
100794,AL05, INDONESIA ,budget,4.0,Premium Economy,Aisle,7.26,Travel Agent, No ,Online,18.0,44,2024-10-23,10,0,0,0.808,349.67,1264.1,9.39,1,92.2,641.76,908.72,155548,Delayed,4
103358,AL07, Malaysia ,full-service,3.0,Economy,Middle,1.8,Website,No, Card ,18.0,19,2024-04-20,4,1,0,0.568,670.67,1833.8,7.85,0,51.1,855.56,893.43,183378,On-Time,3
103993,AL08,thailand,full-service,4.0,Economy,Aisle,3.52,Mobile App,Yes,Card,47.0,29,2024-04-04,4,0,0,0.655,513.87,1660.6,10.0,1,35.8,604.08,696.06,52912,On-Time,4
103291,AL04,Vietnam,full-service,4.0,Economy,Window,4.92,Website,No,Card,30.0,14,2025-03-08,3,1,0,0.951,276.57,1067.2,6.72,1,50.2,576.85,682.52,86292,Delayed,3
100990,AL02,Malaysia,budget,4.0,Economy,Aisle,0.88,Mobile App,No, Online ,29.0,30,2025-05-24,5,1,0,0.645,533.7,1607.5,8.48,0,63.1,776.74,886.99,190252,Delayed,4
100567,AL03,Philippines,premium,5.0,Business,Window,6.38,Walk-in,Yes, Card ,58.0,2,2024-07-16,7,0,0,0.83,243.96,846.0,5.6,0,57.3,794.23,924.98,94283,On-Time,3
102982,AL11, INDONESIA ,budget,3.0,Premium Economy,Middle,7.46,Travel Agent,Yes,Online,18.0,11,2024-08-20,8,0,0,0.909,837.03,2840.8,8.35,0,44.8,1313.44,1489.0,377740,Delayed,4
102435,AL02, PHILIPPINES ,budget,2.0,Business,Window,2.25,Airport Counter,Yes,Card,28.0,10,2024-02-13,2,0,0,0.644,560.22,1972.9,6.92,0,80.4,1116.62,1225.59,184649,On-Time,3
103908,AL03, MALAYSIA ,premium,4.0,Premium Economy,Middle,6.34,Airport Counter,Yes, Online ,40.0,10,2024-01-06,1,1,0,0.662,362.55,978.7,8.53,0,54.5,780.59,843.41,103846,Delayed,5
100390,AL16, INDONESIA ,budget,3.0,Economy,Aisle,3.8,Travel Agent,Yes,Online,34.0,10,2025-05-29,5,0,0,0.871,433.71,1400.0,8.95,1,63.6,636.25,726.77,128368,On-Time,5
100743,AL16,indonesia,budget,4.0,Economy,Window,1.73,Airport Counter, No ,Card,24.0,2,2025-02-05,2,0,0,0.684,537.93,1635.1,7.16,0,47.0,847.74,951.58,188919,Delayed,3
102400,AL12, VIETNAM ,premium,3.0,Economy,Middle,7.31,Website,No,Card,58.0,11,2025-03-24,3,0,0,0.87,349.97,796.4,8.35,0,23.1,550.28,744.64,65585,On-Time,3
101217,AL15,Singapore,budget,4.0,First,Middle,2.63,Website,No,Online,35.0,92,2025-05-18,5,1,1,0.594,294.79,795.8,7.89,1,66.3,687.64,767.6,162989,Delayed,4
100235,AL01,Indonesia,full-service,3.0,Economy,Middle,1.46,Airport Counter,Yes,Card,26.0,14,2025-04-01,4,0,1,0.594,428.21,1384.4,6.77,1,69.8,628.94,687.72,177544,Delayed,2
100331,AL06,indonesia,premium,4.0,Economy,Aisle,0.75,Mobile App,Yes, Online ,42.0,11,2025-03-08,3,1,0,0.784,372.33,994.0,,1,72.4,513.87,583.95,145976,On-Time,4
103766,AL15,thailand,budget,2.0,Premium Economy,Window,2.64,Website,No,Online,34.0,12,2025-05-31,5,1,0,0.623,624.85,2233.5,6.89,0,63.2,1105.59,1204.54,295771,Cancelled,2
100480,AL16,Japan,budget,3.0,Economy,Aisle,6.69,Mobile App,No,Online,25.0,11,2024-11-01,11,0,0,0.56,680.63,2059.8,9.41,0,22.9,967.28,1083.17,151459,Delayed,2
102042,AL05, INDONESIA ,budget,3.0,Economy,Aisle,2.58,Mobile App,Yes,Online,33.0,23,2025-03-22,3,1,0,0.843,168.01,619.1,6.96,0,38.7,467.07,518.71,64242,Delayed,2
102615,AL16,Singapore,budget,4.0,first,Window,2.61,Mobile App,No, Card ,26.0,26,2024-07-25,7,0,0,0.716,766.56,2795.2,8.14,0,19.4,1361.72,1509.03,268654,On-Time,4
103188,AL11,Japan,budget,4.0,Economy,Middle,3.54,Mobile App,No, Card ,32.0,13,2024-12-14,12,1,0,0.782,717.41,2255.0,7.39,0,26.5,918.81,1097.01,271660,On-Time,4
103680,AL07,Philippines,full-service,3.0,Economy,Middle,6.38,Website, Yes ,Online,18.0,12,2025-03-26,3,0,0,0.81,580.16,2038.7,7.04,1,33.5,821.43,926.86,147217,On-Time,3
101677,AL14,Philippines,full-service,4.0,Economy,Window,3.01,Website,No,Online,18.0,28,2025-01-04,1,1,0,0.738,254.37,999.0,7.71,0,38.3,609.3,729.56,55098,On-Time,4
100044,AL17,thailand,full-service,4.0,Economy,Middle,3.43,Airport Counter,Yes,Card,32.0,32,2025-02-07,2,0,0,0.789,227.12,368.4,6.69,0,52.4,399.04,466.83,44104,Delayed,1
101767,AL05,Malaysia,budget,4.0,Premium Economy,Aisle,3.05,Website,Yes, Card ,43.0,48,2024-07-25,7,0,0,0.886,706.82,2640.6,4.99,0,5.0,1175.9,1280.45,232691,On-Time,3
103945,AL02,Thailand,budget,2.0,Economy,Window,3.91,airport counter,No,Online,31.0,70,2024-02-25,2,1,0,0.782,633.22,2061.8,10.0,0,40.4,877.12,909.87,82941,Delayed,2
104039,AL01,Malaysia,full-service,3.0,Premium Economy,Window,3.54,website,Yes, Card ,45.0,19,2024-04-30,4,0,0,0.742,297.05,1055.5,7.08,0,90.3,685.18,799.63,141175,On-Time,2
100120,AL03, SINGAPORE ,premium,3.0,Business,Aisle,4.08,Mobile App,No,Online,21.0,35,2025-05-12,5,0,0,0.55,531.7,1389.6,6.29,1,88.0,781.4,909.45,61081,Delayed,3
103436,AL14,philippines,full-service,,economy,Window,2.02,Airport Counter,No, Cash ,36.0,11,2024-12-01,12,1,0,0.813,275.99,957.1,8.65,0,87.0,3926.416543426025,737.78,112503,Delayed,3
102538,AL14,Australia,full-service,3.0,Business,Aisle,8.47,Website,No,Cash,18.0,17,2024-02-16,2,0,0,0.462,,1528.2,7.97,0,33.2,959.62,1104.1,87661,On-Time,3
103072,AL17,Indonesia,full-service,3.0,Premium Economy,Middle,2.8,Mobile App,No, Card ,70.0,6,2024-07-02,7,0,0,0.909,257.22,735.6,6.87,0,49.5,630.52,700.25,77850,On-Time,3
103134,AL12,Singapore,premium,4.0,Premium Economy,Middle,2.99,Website,No,Online,49.0,0,2025-03-25,3,0,0,0.741,411.1,1555.5,9.05,0,71.6,932.44,989.5,247375,On-Time,3
101272,AL08,Malaysia,full-service,4.0,Economy,Aisle,11.54,Travel Agent, No ,Online,38.0,13,2025-01-16,1,0,0,0.804,481.96,1088.4,6.22,1,58.9,555.31,703.41,52616,On-Time,3
103525,AL04,Singapore,full-service,1.0,Premium Economy,Window,2.73,Website,Yes,Card,29.0,10,2024-07-13,7,1,0,0.678,154.08,270.1,8.59,0,50.4,454.96,886.84,65457,Delayed,3
100926,AL16,Vietnam,budget,3.0,economy,Aisle,4.93,Walk-in, Yes , Card ,2.0,17,2024-05-11,5,1,0,0.888,364.69,1175.8,7.35,0,43.6,681.31,818.08,139379,On-Time,2
102563,AL08,Malaysia,full-service,3.0,Business,Middle,6.37,Website,Yes, Online ,42.0,12,2024-12-23,12,0,1,0.743,445.2,1609.3,6.32,0,50.5,926.75,978.43,155072,Delayed,2
101594,AL11, Japan ,budget,3.0,Economy,Window,4.07,Website,No,Card,18.0,43,2024-02-20,2,0,1,0.813,425.18,1406.7,8.48,0,39.8,740.44,816.83,119525,Delayed,3
100223,AL11,malaysia,budget,5.0,Economy,Middle,4.61,Website,No,Card,41.0,74,2025-02-20,2,0,0,0.871,480.52,1305.7,7.1,0,71.7,746.18,780.6,83526,Delayed,1
100766,AL10, Indonesia ,full-service,4.0,Premium Economy,Aisle,1.2,Mobile App, No ,Card,54.0,12,2024-10-08,10,0,0,0.715,296.52,660.2,9.04,1,40.8,490.9,704.31,161638,Delayed,5
100613,AL16,Singapore,budget,3.0,Premium Economy,Aisle,5.29,Website,No,Cash,23.0,44,2025-03-03,3,0,0,0.778,814.84,2702.5,8.09,1,34.6,1126.51,1376.65,343046,Delayed,4
102891,AL06,Thailand,premium,3.0,Premium Economy,Window,4.18,Website,Yes,Online,18.0,2,2024-07-30,7,0,0,0.836,263.36,634.3,7.09,0,74.8,599.81,720.44,168706,Delayed,3
101245,AL14,Indonesia,full-service,3.0,Economy,Aisle,2.96,mobile app,No,Card,41.0,32,2024-08-01,8,0,1,0.729,456.45,1404.4,6.82,0,70.9,751.19,811.62,116772,On-Time,4
103673,AL16,philippines,budget,4.0,Economy,Aisle,2.97,Airport Counter, No ,Online,53.0,3,2024-04-09,4,0,0,0.795,348.88,952.3,5.34,0,63.3,517.9,556.64,121487,Delayed,3
101540,AL10,Australia,full-service,3.0,Business,Middle,4.31,Website,No,Card,32.0,69,2024-03-18,3,0,0,0.868,413.27,1237.5,8.61,1,75.5,812.48,915.63,162796,Cancelled,3
103537,AL06,Malaysia,premium,4.0,Economy,Aisle,2.01,Website,No, Online ,31.0,45,2024-03-14,3,0,0,0.697,1292.9,4261.2,9.11,1,61.4,1344.18,1409.73,267167,Delayed,2
100052,AL14, THAILAND ,full-service,3.0,Business,Middle,2.18,Travel Agent,No, Cash ,36.0,3,2024-06-20,6,0,0,0.739,112.35,301.4,7.0,1,45.8,466.5,543.0,32640,Cancelled,2
100529,AL05, VIETNAM ,budget,3.0,Economy,Aisle,4.5,Travel Agent,Yes, Card ,38.0,1,2024-10-29,10,0,0,0.783,460.93,1502.3,6.28,1,67.9,673.45,744.46,44981,On-Time,3
102533,AL17,Vietnam,full-service,4.0,Economy,Window,4.25,Mobile App, Yes , Card ,18.0,37,2025-05-27,5,0,0,0.761,225.15,628.8,7.71,0,20.5,513.62,573.74,110704,Delayed,3
101899,AL03,Thailand,premium,2.0,Economy,Aisle,5.3,Airport Counter,No, Online ,23.0,14,2025-02-06,2,0,0,0.589,386.4,1360.1,8.43,1,31.9,568.71,674.34,145407,Delayed,2
100402,AL02,Malaysia,budget,4.0,Economy,Window,5.42,Website, No , Cash ,18.0,13,2024-02-26,2,0,1,0.692,480.24,1397.0,7.54,0,48.1,674.2,711.58,173068,Delayed,3
100818,AL06,Singapore,premium,2.0,Economy,Aisle,11.8,Website,Yes,Cash,37.0,20,2024-08-22,8,0,0,0.877,528.24,1399.0,6.7,0,7.4,704.88,764.15,105189,On-Time,4
103458,AL17,Japan,full-service,5.0,Economy,Aisle,6.52,Mobile App,No, Online ,18.0,35,2025-03-06,3,0,0,0.796,816.34,2560.4,5.02,0,88.8,1161.7,1395.05,322320,Delayed,2
100155,AL12,Australia,premium,4.0,Economy,Aisle,5.36,Website,No,Online,55.0,23,2024-01-22,1,0,0,0.629,807.61,2738.7,8.35,0,31.9,1225.94,1390.3,112046,Delayed,3
103414,AL09,thailand,budget,3.0,First,Aisle,1.11,Airport Counter,No,Card,40.0,24,2025-02-28,2,0,1,0.94,622.78,2019.4,6.24,0,84.1,1214.7,1413.89,207659,Delayed,1
102648,AL10,Philippines,full-service,,Economy,Aisle,4.32,Mobile App,No,Online,27.0,21,2024-05-28,5,0,0,0.97,363.57,1233.8,8.24,1,22.6,611.34,773.23,204051,On-Time,5
100940,AL02,Malaysia,budget,2.0,Premium Economy,Aisle,3.48,Travel Agent,No,Card,20.0,14,2024-02-04,2,1,0,0.676,778.14,2725.3,7.15,1,69.5,1168.18,1242.32,297412,Cancelled,2
100248,AL08,Singapore,full-service,2.0,Economy,Aisle,2.61,Website, No ,Card,44.0,53,2024-04-03,4,0,0,0.824,886.82,2746.0,7.08,0,34.5,1199.44,1274.17,89523,On-Time,2
100761,AL09,Malaysia,budget,3.0,business,Aisle,3.05,Website, Yes ,Cash,,6,2024-10-27,10,1,0,0.757,573.65,1842.7,8.79,0,21.1,1085.26,1166.61,298270,On-Time,3
101894,AL02,japan,budget,3.0,premium economy,Middle,2.33,Website, Yes ,Cash,33.0,20,2024-05-18,5,1,0,0.607,341.96,1046.2,10.0,0,58.6,612.6,729.64,89806,Delayed,3
102029,AL10,Philippines,full-service,4.0,Economy,Middle,6.83,Walk-in,No,Online,42.0,29,2024-02-17,2,1,0,0.748,718.97,2384.3,9.01,0,56.7,1057.29,1193.2,121334,Delayed,4
103513,AL12,Malaysia,premium,4.0,Economy,Window,4.66,Mobile App, No ,Card,31.0,9,2024-05-25,5,1,0,0.661,242.44,781.1,6.97,1,55.8,391.99,662.57,92469,On-Time,3
102636,AL16,Japan,budget,3.0,Economy,Middle,4.76,website,Yes,Card,30.0,2,2024-12-31,12,0,0,0.99,121.14,653.4,6.91,0,69.3,477.81,712.86,118702,Delayed,2
101130,AL01,Australia,full-service,3.0,Economy,Aisle,5.05,Walk-in, No ,Cash,53.0,63,2024-10-28,10,0,0,0.834,339.87,628.8,7.47,0,64.7,481.6,519.65,54944,Delayed,2
100542,AL17,Australia,full-service,2.0,Economy,Aisle,8.79,Mobile App,Yes,Card,41.0,15,2025-03-14,3,0,0,0.719,98.64,159.3,4.43,0,35.2,349.95,446.48,78036,On-Time,2
100793,AL01,malaysia,full-service,5.0,Economy,Aisle,1.62,Travel Agent,Yes,Cash,27.0,26,2024-07-01,7,0,0,0.852,391.42,1208.7,6.83,0,17.8,688.6,781.68,167214,On-Time,3
101725,AL08,Indonesia,full-service,3.0,Economy,Aisle,3.94,airport counter, Yes ,Card,44.0,59,2024-12-19,12,0,0,0.733,812.74,2699.1,6.79,1,9.4,995.59,1210.2,174406,On-Time,3
103189,AL14,Singapore,full-service,3.0,Economy,Middle,3.23,travel agent,No,Card,43.0,10,2024-07-10,7,0,0,0.647,462.86,1406.7,8.1,1,52.1,602.03,633.44,44993,Delayed,3
103894,AL13,malaysia,full-service,2.0,Economy,Aisle,4.96,Website, No ,Card,47.0,13,2024-07-29,7,0,0,0.695,494.5,1278.0,5.05,1,52.9,607.76,730.24,79064,On-Time,2
100628,AL11,malaysia,budget,3.0,Premium Economy,Aisle,1.04,Mobile App, Yes , Online ,46.0,9,2025-05-21,5,0,0,0.726,540.72,1554.8,5.7,0,51.5,882.76,938.94,83972,On-Time,4
102198,AL11,Japan,budget,4.0,business,Aisle,3.77,Website,Yes,Card,28.0,5,2024-05-25,5,1,0,0.712,608.59,1987.3,8.6,0,52.5,1149.59,1293.42,99709,On-Time,4
104113,AL08,thailand,full-service,2.0,Premium Economy,Middle,2.0,Website,No,Card,41.0,19,2024-02-25,2,1,0,0.809,112.92,246.4,7.47,0,11.6,417.36,544.12,107446,On-Time,3
102339,AL18, INDONESIA ,budget,4.0,economy,Aisle,1.78,Mobile App,No,Online,45.0,5,2024-05-23,5,0,0,0.785,683.57,2162.7,9.16,1,47.5,804.06,847.33,84403,On-Time,4
103611,AL11,Singapore,budget,4.0,Economy,Aisle,0.75,Website,No,Online,39.0,30,2024-06-30,6,1,0,0.825,552.04,1542.6,4.92,0,56.6,746.48,837.0,62472,On-Time,3
102429,AL04,singapore,full-service,3.0,Business,Window,4.94,Walk-in,Yes,Card,22.0,4,2024-10-17,10,0,0,0.621,535.51,1775.6,6.96,0,54.6,987.53,1052.09,120854,Delayed,3
100017,AL09,Indonesia,budget,4.0,Economy,Window,2.05,Walk-in,No,Cash,18.0,15,2024-09-25,9,0,0,0.79,573.92,2092.8,7.66,0,13.4,947.09,1080.49,117544,Delayed,3
102734,AL12,Vietnam,premium,3.0,Business,Window,10.08,website,No,Card,31.0,7,2024-06-20,6,0,0,0.709,666.57,2376.5,9.76,0,49.4,1279.39,1358.06,350798,Delayed,3
101367,AL06,Vietnam,premium,3.0,Business,Window,4.24,Mobile App,No,Online,41.0,6,2024-10-13,10,1,0,0.841,334.31,1346.8,9.32,1,45.0,887.39,1017.65,130595,On-Time,4
103272,AL01,Indonesia,full-service,3.0,Premium Economy,Window,3.13,Airport Counter, No , Cash ,,35,2025-05-06,5,0,0,0.853,461.69,1458.2,7.13,0,46.6,799.98,871.57,183266,Delayed,3
101620,AL16,Vietnam,budget,3.0,Economy,Window,3.31,Website, No ,Online,52.0,5,2024-04-05,4,0,0,0.696,434.32,1558.9,7.11,1,65.9,655.99,709.6,101238,Delayed,2
102945,AL02,malaysia,budget,2.0,Business,Window,0.93,Travel Agent,No, Online ,52.0,87,2024-04-03,4,0,0,0.785,400.13,1376.6,8.57,1,48.8,742.32,815.78,213483,Delayed,3
101451,AL01,Singapore,full-service,3.0,Premium Economy,Aisle,2.25,Airport Counter, Yes , Card ,47.0,47,2025-02-02,2,1,1,0.671,662.04,1902.0,4.53,0,34.1,953.73,1139.06,75217,On-Time,3
102902,AL17,Australia,full-service,4.0,First,Middle,3.11,Website,No,Card,49.0,15,2024-11-30,11,1,0,0.918,239.73,605.4,6.23,0,71.8,760.25,912.83,212417,On-Time,4
101071,AL17,Singapore,full-service,3.0,economy,Middle,1.5,Airport Counter,No,Card,20.0,26,2024-08-07,8,0,0,0.721,549.37,2215.7,7.23,0,46.3,1003.62,1168.54,102939,On-Time,4
100554,AL15,thailand,budget,3.0,economy,Window,3.1,mobile app,Yes,Online,1.0,75,2025-01-04,1,1,0,0.723,219.03,529.6,6.79,0,57.5,437.32,528.22,83381,Delayed,3
101828,AL16, MALAYSIA ,budget,4.0,Economy,Window,2.59,Website,No,Card,32.0,15,2024-10-30,10,0,0,0.668,383.19,1213.7,8.87,0,43.0,644.93,808.28,59222,On-Time,3
100826,AL03,Singapore,premium,3.0,Business,Aisle,3.79,Airport Counter,No,Card,44.0,1,2025-05-20,5,0,1,,413.94,1566.4,7.25,0,93.4,1009.39,1205.36,189228,Delayed,3
101639,AL18, SINGAPORE ,budget,4.0,Economy,Middle,3.97,Travel Agent,No,Card,18.0,34,2024-01-23,1,0,1,0.88,245.93,440.6,7.29,0,76.4,455.62,540.9,126565,On-Time,3
101984,AL06,Indonesia,premium,3.0,Economy,Middle,4.13,Mobile App,No,Card,30.0,23,2024-05-02,5,0,0,0.809,355.25,1270.8,6.71,0,83.0,746.95,779.35,120894,On-Time,3
102913,AL10, Australia ,full-service,3.0,premium economy,Aisle,3.21,Website,Yes, Online ,55.0,44,2024-05-11,5,1,1,0.735,517.17,1956.9,8.98,1,49.6,884.91,978.12,133179,Delayed,3
101837,AL17,indonesia,full-service,4.0,first,Aisle,7.36,Website, Yes ,Online,34.0,54,2024-02-13,2,0,0,0.847,289.77,775.9,7.67,1,88.8,690.69,810.18,193004,On-Time,4
103791,AL10,Malaysia,full-service,4.0,Economy,Aisle,1.88,Website,Yes,Online,31.0,1,2024-01-05,1,0,0,0.73,1168.24,3988.4,8.64,0,34.3,1552.42,1628.42,113579,On-Time,5
103577,AL02,singapore,budget,4.0,Business,Aisle,4.45,walk-in,No,Online,36.0,10,2024-01-02,1,0,0,0.841,658.88,2211.3,6.4,0,51.3,1131.29,1242.24,186881,On-Time,3
102939,AL09,Indonesia,budget,5.0,Business,Aisle,3.55,Mobile App,Yes,Online,30.0,12,2024-09-17,9,0,0,0.683,238.96,849.2,7.89,0,33.7,644.18,702.05,59393,On-Time,3
103420,AL14,Singapore,full-service,2.0,Premium Economy,Aisle,2.33,Website,No,Card,33.0,47,2025-01-02,1,0,0,0.656,438.54,1525.2,6.77,0,55.9,859.02,944.26,119910,On-Time,3
103767,AL01, Malaysia ,full-service,4.0,Premium Economy,Aisle,4.13,travel agent,No,Card,27.0,100,2025-05-31,5,1,1,0.774,743.15,2521.8,5.72,0,53.9,1172.52,1273.13,313003,Delayed,2
100535,AL08, Vietnam ,full-service,4.0,Economy,Aisle,3.96,Mobile App,No,Cash,38.0,105,2024-03-18,3,0,0,0.867,670.42,2263.8,6.76,0,61.4,949.46,1093.71,167564,Delayed,4
103412,AL11,singapore,budget,4.0,Economy,Window,3.39,Website,No,Online,26.0,19,2024-08-09,8,0,0,0.659,574.84,1667.3,7.94,0,60.5,735.88,950.81,59368,On-Time,3
104090,AL01,Malaysia,full-service,2.0,Premium Economy,Middle,1.23,Mobile App,No,Online,24.0,14,2024-02-09,2,0,0,0.813,364.08,1645.2,8.57,0,54.1,918.21,973.63,199834,Delayed,4
102663,AL03,Japan,premium,4.0,Economy,Window,4.92,mobile app,Yes,Online,18.0,3,2024-05-18,5,1,0,0.796,442.3,1406.9,5.97,0,50.1,766.97,885.4,193837,Delayed,1
100154,AL13, Vietnam ,full-service,4.0,First,Middle,5.2,Mobile App,No,Card,39.0,24,2024-08-05,8,0,0,0.627,,1168.2,7.11,0,16.7,910.27,1089.43,227790,On-Time,5
103241,AL05, VIETNAM ,budget,4.0,Premium Economy,Aisle,3.63,Mobile App,, Cash ,24.0,10,2024-11-18,11,0,0,0.732,606.55,1741.3,4.79,0,42.1,928.76,990.83,78199,On-Time,4
103942,AL10,indonesia,full-service,3.0,Business,Aisle,3.67,Mobile App,No,Card,55.0,10,2025-02-18,2,0,0,0.682,641.95,2554.9,9.29,0,70.2,1360.45,1479.87,202282,On-Time,5
103149,AL18, Australia ,budget,4.0,Premium Economy,Aisle,4.48,Website, No , Online ,46.0,39,2024-06-03,6,0,1,0.721,450.79,1293.3,7.96,0,53.6,791.48,1005.71,233271,On-Time,4
102952,AL17,Singapore,full-service,4.0,Economy,Aisle,4.35,Travel Agent,No, Card ,20.0,40,2024-04-09,4,0,0,0.584,708.81,2225.4,7.18,0,61.0,1010.34,1121.83,110103,Delayed,3
101311,AL13, Vietnam ,full-service,2.0,Business,Middle,2.92,Travel Agent, Yes ,Online,18.0,41,2024-09-27,9,0,0,0.949,162.28,386.6,7.89,0,23.0,487.7,618.85,70193,On-Time,3
100322,AL02,Japan,budget,3.0,Economy,Aisle,7.39,Website,No,Card,32.0,11,2025-03-25,3,0,0,0.726,,3170.6,7.37,1,68.5,1149.36,1191.33,171209,Delayed,3
101710,AL18, JAPAN ,budget,3.0,First,Aisle,2.72,Airport Counter, Yes ,Card,27.0,1,2024-09-23,9,0,0,0.663,1148.69,3408.5,6.3,0,69.9,1708.4,1959.46,472934,Delayed,2
100014,AL14,japan,full-service,3.0,Economy,Window,3.49,Website,No,Card,,45,2025-03-28,3,0,0,0.682,675.11,2122.9,7.62,1,84.6,770.43,933.31,188274,On-Time,3
103330,AL12, INDONESIA ,premium,3.0,Economy,Middle,3.88,mobile app, Yes ,Online,78.0,32,2025-05-28,5,0,0,0.729,673.56,2041.1,7.24,0,63.6,941.96,1012.69,208208,On-Time,4
101798,AL08, THAILAND ,full-service,4.0,Economy,Window,4.76,Travel Agent,No, Cash ,37.0,31,2024-10-26,10,1,1,0.675,487.56,1420.9,5.28,0,68.1,719.2,817.86,59044,Delayed,2
103603,AL12,Malaysia,premium,4.0,Economy,Aisle,3.2,Walk-in,No,Card,30.0,71,2024-10-01,10,0,0,0.67,598.06,1700.4,6.2,1,35.5,676.87,757.63,96160,On-Time,3
100082,AL05,Malaysia,budget,3.0,Economy,Window,10.33,Airport Counter, No ,Card,39.0,14,2024-02-27,2,0,0,0.726,513.85,1683.6,5.55,0,5.7,7261.257140665989,857.44,159737,On-Time,2
102560,AL10,Malaysia,full-service,3.0,Economy,Aisle,1.4,airport counter,No,Card,28.0,4,2025-01-02,1,0,0,0.926,539.21,1521.0,9.3,0,61.3,799.36,833.29,77888,On-Time,3
101943,AL15,Philippines,budget,3.0,Economy,Middle,7.49,walk-in,No,Card,61.0,14,2024-11-02,11,1,0,0.873,571.64,1920.9,7.41,0,46.7,852.81,954.34,57424,On-Time,4
101988,AL02,Philippines,budget,3.0,Premium Economy,Window,2.32,Website,Yes,Online,30.0,14,2024-06-20,6,0,0,0.923,388.95,1061.0,6.11,0,46.1,675.7,753.94,94800,On-Time,2
103536,AL13, Singapore ,full-service,3.0,Economy,Window,3.7,Website,No,Online,37.0,14,2024-05-18,5,1,0,0.624,551.86,1670.7,6.39,0,42.4,785.83,817.35,82846,On-Time,2
102672,AL14,Thailand,full-service,4.0,Business,Aisle,0.8,Website, Yes ,Card,43.0,53,2024-12-05,12,0,0,0.699,280.71,852.3,9.74,0,65.7,685.36,937.16,160624,Cancelled,3
101383,AL09,Indonesia,budget,4.0,Economy,Aisle,5.16,Airport Counter,Yes, Card ,21.0,22,2025-04-10,4,0,0,0.743,531.95,1538.5,6.99,1,55.7,666.12,779.23,63217,Delayed,3
101574,AL14,Malaysia,full-service,3.0,Economy,Window,2.9,website,Yes, Online ,35.0,18,2024-11-02,11,1,0,0.84,249.38,979.6,6.72,1,82.7,564.85,722.72,51570,Delayed,2
102977,AL14,Indonesia,full-service,3.0,Economy,Middle,0.75,Website, No ,Online,35.0,34,2024-12-31,12,0,0,0.83,435.22,1679.2,8.76,0,21.1,757.88,919.76,236579,On-Time,3
102723,AL08,Thailand,full-service,3.0,Economy,Window,1.85,Mobile App, Yes ,Online,42.0,12,2024-11-28,11,0,0,0.813,652.94,2214.9,7.58,0,43.3,950.64,1176.82,106726,On-Time,2
103405,AL01,Philippines,full-service,4.0,economy,Aisle,8.29,travel agent,No,Card,25.0,4,2024-08-30,8,0,0,0.644,461.14,1256.0,,0,48.9,672.7,754.94,186965,Delayed,2
102058,AL03,Indonesia,premium,4.0,Premium Economy,Window,2.05,Travel Agent,Yes,Online,18.0,1,2025-03-14,3,0,0,,659.34,1968.3,6.21,0,71.4,1093.14,1161.75,266454,On-Time,3
101762,AL09,Philippines,budget,5.0,Economy,Aisle,0.75,walk-in,Yes,Cash,46.0,19,2024-08-26,8,0,0,0.818,926.93,2912.3,5.66,0,29.1,1166.85,1307.91,317521,On-Time,4
101494,AL02,Indonesia,budget,3.0,Premium Economy,Aisle,2.16,Walk-in, No , Online ,45.0,1,2024-07-21,7,1,0,0.874,207.65,741.0,6.66,1,26.8,545.43,704.06,141789,Delayed,3
100831,AL16,Australia,budget,4.0,Economy,Aisle,2.55,Website, No ,Card,36.0,8,2024-11-21,11,0,0,0.888,422.45,1569.4,7.14,0,65.2,762.62,879.69,118043,On-Time,2
102080,AL18, Malaysia ,budget,4.0,First,Aisle,7.35,Website,Yes,Card,19.0,17,2025-05-17,5,1,0,0.769,303.61,783.2,8.26,0,67.6,795.84,871.69,96222,Cancelled,2
101174,AL12,Indonesia,premium,3.0,Premium Economy,Middle,3.9,Airport Counter,Yes,Cash,37.0,8,2024-07-26,7,0,0,0.586,1033.27,3249.0,5.93,0,51.0,1395.41,1613.93,304587,Delayed,3
100413,AL06, INDONESIA ,premium,2.0,economy,Middle,2.77,airport counter,Yes,Card,21.0,79,2024-09-29,9,1,0,0.928,600.3,1793.9,5.89,0,100.0,885.31,1036.35,209159,Delayed,2
102628,AL04, THAILAND ,full-service,2.0,Economy,Middle,1.07,Walk-in,No,Card,37.0,29,2024-04-11,4,0,0,0.888,248.11,607.5,9.06,1,55.2,513.01,626.32,114819,On-Time,4
103454,AL02,Thailand,budget,3.0,Premium Economy,Aisle,6.96,walk-in,Yes,Card,26.0,19,2025-02-18,2,0,0,0.936,171.88,723.0,8.37,0,13.2,553.78,648.07,168382,Cancelled,2
101817,AL03,Singapore,premium,3.0,Economy,Middle,5.76,Website,No,Card,38.0,18,2024-06-26,6,0,0,0.892,601.39,1880.8,8.92,1,46.8,802.51,964.33,246797,Delayed,2
100165,AL17,Philippines,full-service,4.0,premium economy,Window,3.54,Travel Agent, No ,Cash,26.0,16,2024-02-04,2,1,0,0.834,574.37,1856.9,6.61,0,58.3,974.08,1071.65,83781,Delayed,2
103940,AL12, VIETNAM ,premium,3.0,Economy,Window,2.27,Travel Agent,No,Card,27.0,61,2024-04-21,4,1,0,0.905,425.71,994.4,8.36,0,24.8,553.03,591.65,117904,Delayed,3
102734,AL12,Vietnam,premium,3.0,Business,Window,10.08,website,No,Card,31.0,7,2024-06-20,6,0,0,0.709,666.57,2376.5,9.76,0,49.4,1279.39,1358.06,350798,Delayed,3
100614,AL09,Indonesia,budget,5.0,Economy,Aisle,3.57,Mobile App,No,Cash,32.0,12,2024-07-10,7,0,0,0.775,505.62,1579.1,7.17,0,80.3,832.9,937.51,71724,Cancelled,3
103093,AL15,Singapore,budget,5.0,Economy,Aisle,3.56,Website,Yes,Online,42.0,82,2025-01-08,1,0,0,0.786,199.28,889.3,6.84,1,55.4,435.37,611.51,51978,Delayed,2
103450,AL07,malaysia,full-service,2.0,Premium Economy,Middle,2.15,Airport Counter, Yes ,Online,28.0,28,2025-06-19,6,0,1,0.721,680.91,2015.2,6.57,0,50.0,1029.67,1131.66,154755,On-Time,4
101014,AL10,malaysia,full-service,2.0,Economy,Window,3.21,Website,No, Card ,28.0,7,2025-01-23,1,0,0,0.847,610.55,1883.0,6.76,0,57.2,820.01,918.84,210097,Delayed,2
102137,AL14,Malaysia,full-service,2.0,economy,Aisle,7.15,Airport Counter,,Online,51.0,19,2025-03-07,3,0,0,0.819,494.29,1725.2,7.4,0,47.1,833.23,932.21,226516,On-Time,3
103057,AL05,Malaysia,budget,4.0,Economy,Aisle,6.11,Website,Yes,Card,36.0,18,2025-04-12,4,1,0,0.776,811.11,2704.4,6.51,0,63.5,1092.88,1124.39,224700,Cancelled,2
104148,AL02,Malaysia,budget,3.0,Economy,Aisle,2.82,Airport Counter,Yes, Online ,41.0,22,2024-08-29,8,0,1,0.686,124.58,658.9,7.23,0,64.3,432.13,507.41,77981,Delayed,4
102649,AL09,Indonesia,budget,3.0,Economy,Window,4.83,Website, Yes ,Card,35.0,8,2024-02-29,2,0,0,0.849,710.07,2252.8,6.87,1,72.5,877.97,907.68,193142,Cancelled,2
101237,AL13,Singapore,full-service,3.0,Business,Window,7.85,Airport Counter,Yes, Online ,18.0,65,2025-06-18,6,0,0,0.933,418.77,917.5,7.82,0,39.7,675.92,834.34,161965,On-Time,3
103404,AL18, THAILAND ,budget,3.0,Economy,Aisle,2.3,Mobile App,No,Card,21.0,0,2024-05-18,5,1,0,0.717,974.11,3529.9,,0,35.7,1424.41,1658.54,200373,Delayed,2
102181,AL18,philippines,budget,2.0,Economy,Aisle,1.91,Mobile App,No,Online,23.0,7,2024-03-06,3,0,0,0.648,,323.9,8.71,0,43.8,415.98,596.02,51285,Delayed,4
103418,AL15,singapore,budget,3.0,Economy,Window,2.91,Travel Agent,Yes,Card,31.0,38,2024-06-13,6,0,0,0.62,381.78,1256.7,6.93,0,80.0,581.29,743.02,141008,Delayed,2
100555,AL17,Thailand,full-service,3.0,Economy,Window,2.56,mobile app,Yes,Card,29.0,27,2024-11-07,11,0,1,0.783,551.2,2290.5,7.9,1,34.3,853.41,983.05,206765,On-Time,2
103079,AL09,Singapore,budget,2.0,Business,Aisle,4.34,Website, No , Card ,48.0,28,2024-04-26,4,0,0,0.625,1655.43,5144.1,8.46,0,40.0,2103.13,2235.42,552561,Delayed,3
100306,AL12,Australia,premium,4.0,Economy,Middle,4.89,travel agent,No,Card,47.0,19,2024-07-07,7,1,1,0.846,310.22,700.6,4.38,0,29.3,440.67,499.13,49083,Delayed,2
102368,AL07,Vietnam,full-service,3.0,Premium Economy,Middle,3.68,Travel Agent,No,Card,44.0,16,2025-05-07,5,0,0,0.938,273.34,790.2,8.08,0,15.9,623.76,697.41,88112,Delayed,3
102303,AL02,Malaysia,budget,4.0,economy,Middle,2.12,Mobile App,Yes,Online,53.0,59,2025-04-17,4,0,1,0.811,634.0,2078.9,5.96,0,51.1,947.83,1028.95,131152,Delayed,2
101211,AL09,Singapore,budget,2.0,Economy,Window,2.29,Walk-in,No,Online,,17,2024-12-23,12,0,0,0.887,400.04,1003.9,9.28,1,18.1,525.35,612.63,126871,On-Time,3
100917,AL08, Philippines ,full-service,2.0,premium economy,Aisle,1.85,Travel Agent,Yes, Online ,23.0,86,2024-11-24,11,1,0,0.737,430.88,1229.8,7.6,0,58.3,745.0,895.3,95762,On-Time,3
100634,AL18,vietnam,budget,2.0,Economy,Middle,3.45,website,No,Card,36.0,8,2024-03-09,3,1,0,0.734,310.11,1058.3,7.83,1,52.0,509.16,680.43,112900,On-Time,5
102600,AL07,Thailand,full-service,3.0,Business,Window,9.9,Mobile App,Yes,Cash,18.0,38,2024-03-31,3,1,1,0.737,281.52,770.9,5.4,0,51.9,693.62,855.0,205740,Delayed,3
103376,AL04,Australia,full-service,3.0,Economy,Window,3.35,Mobile App,Yes,Card,33.0,2,2024-04-14,4,1,0,0.865,735.22,2525.4,6.52,0,54.8,1094.06,1297.91,197791,Delayed,4
101055,AL09,Japan,budget,4.0,Business,Window,2.68,Mobile App,No,Online,31.0,18,2025-01-16,1,0,0,,316.27,815.9,7.91,0,32.9,688.9,737.57,80252,On-Time,4
102340,AL16,Malaysia,budget,3.0,Economy,Aisle,2.39,mobile app,No, Card ,32.0,12,2024-11-12,11,0,0,0.652,288.24,818.9,5.05,0,73.7,583.56,821.38,169458,On-Time,3
101708,AL04, SINGAPORE ,full-service,3.0,Economy,Middle,3.68,Walk-in,Yes,Online,51.0,49,2024-03-13,3,0,1,0.694,438.21,1183.7,5.68,1,67.6,5459.952192354895,721.32,82692,Delayed,3
100796,AL09,Thailand,budget,3.0,Premium Economy,Aisle,4.23,Website, Yes ,Online,53.0,1,2024-09-17,9,0,0,0.98,608.05,1554.9,7.26,0,73.0,885.35,1034.33,269345,Delayed,3
102990,AL03,Thailand,premium,2.0,Economy,Aisle,1.81,Mobile App,No,Online,,22,2025-01-25,1,1,0,0.874,558.45,1738.8,7.59,0,45.8,845.52,921.04,92154,On-Time,2
103799,AL14,Vietnam,full-service,3.0,Economy,Aisle,5.22,website,Yes,Card,30.0,3,2024-10-18,10,0,0,0.878,351.71,1106.4,9.32,0,42.4,641.94,674.36,53437,On-Time,3
103312,AL03,Singapore,premium,4.0,Premium Economy,Middle,0.75,Mobile App,Yes,Card,31.0,10,2025-03-02,3,1,0,0.689,184.39,653.4,7.02,0,80.4,681.47,782.63,144635,On-Time,3
104159,AL09,Philippines,budget,3.0,Economy,Aisle,1.55,Airport Counter,No, Card ,44.0,20,2024-11-20,11,0,0,0.658,353.71,1112.7,7.9,0,56.9,637.88,720.99,194074,Cancelled,2
100174,AL05,indonesia,budget,4.0,Business,Window,5.0,walk-in, No ,Card,34.0,20,2024-07-19,7,0,0,0.836,486.97,1391.0,6.72,0,63.2,942.87,1044.58,145130,Delayed,4
102814,AL04, Vietnam ,full-service,4.0,Economy,Aisle,3.65,Mobile App,No,Cash,24.0,42,2025-02-10,2,0,0,,490.41,1525.3,7.09,1,23.7,645.62,730.88,93760,Delayed,4
103844,AL16,Thailand,budget,4.0,Economy,Aisle,3.46,Mobile App,No,Card,62.0,110,2024-07-19,7,0,0,0.812,471.42,1957.8,9.15,0,47.9,827.58,895.39,55488,On-Time,4
100245,AL09,australia,budget,4.0,business,Aisle,3.24,Website,Yes, Card ,32.0,5,2024-12-14,12,1,1,0.702,323.74,867.8,4.53,0,53.2,761.69,894.84,83369,On-Time,3
101080,AL18,Malaysia,budget,4.0,First,Window,2.37,Mobile App,Yes,Card,45.0,14,2025-04-13,4,1,0,0.635,221.27,498.4,8.63,0,49.4,690.15,796.42,155740,On-Time,5
101654,AL14, Philippines ,full-service,3.0,Economy,Aisle,6.7,Airport Counter,No,Card,32.0,4,2024-10-19,10,1,0,0.833,442.75,1476.7,8.76,0,85.1,891.04,1101.29,154393,Delayed,3
101607,AL11,Vietnam,budget,4.0,Economy,Aisle,2.68,Airport Counter,No,Card,26.0,17,2025-02-03,2,0,0,0.623,189.62,647.2,7.55,1,47.1,389.06,455.26,29974,On-Time,3
100144,AL17,Thailand,full-service,5.0,Premium Economy,Aisle,6.96,Website,,Online,34.0,5,2024-03-10,3,1,0,0.821,775.28,2022.0,7.27,0,51.2,992.75,1050.17,244948,Delayed,4
100145,AL03,malaysia,premium,4.0,economy,Aisle,4.63,Website,No,Cash,26.0,11,2024-08-15,8,0,0,0.846,600.84,2394.5,5.48,1,100.0,914.09,1005.51,179962,On-Time,3
100090,AL02,Malaysia,budget,5.0,Premium Economy,Aisle,4.08,Travel Agent, Yes ,Card,36.0,53,2025-02-28,2,0,1,0.794,197.82,632.2,9.27,0,33.2,557.94,642.5,91102,Delayed,2
103750,AL04,Malaysia,full-service,3.0,economy,Window,3.55,Website,No, Online ,,9,2025-04-09,4,0,0,0.885,636.17,2512.8,7.48,1,34.1,907.83,1021.17,233690,On-Time,4
103464,AL02, SINGAPORE ,budget,5.0,Premium Economy,Window,6.94,Travel Agent,No,Cash,29.0,59,2024-06-08,6,1,0,0.777,534.8,1526.2,6.87,0,80.8,875.6,930.9,227282,Delayed,3
103834,AL01, THAILAND ,full-service,3.0,Economy,Window,3.32,Travel Agent,No,Card,39.0,20,2025-01-08,1,0,0,0.882,407.12,1078.3,8.35,1,91.6,572.54,681.29,118647,On-Time,3
100682,AL05, JAPAN ,budget,3.0,Premium Economy,Window,1.14,Walk-in, No ,Cash,18.0,16,2024-12-30,12,0,0,0.695,568.22,1639.1,7.91,1,52.6,731.06,822.38,163207,On-Time,5
100310,AL18, INDONESIA ,budget,4.0,Economy,Window,1.54,Website,No,Online,29.0,19,2025-03-10,3,0,1,0.769,282.15,671.2,6.79,0,44.4,470.11,595.99,52986,Delayed,2
103431,AL05,thailand,budget,3.0,Economy,Aisle,4.1,Mobile App,No,Online,30.0,11,2024-11-26,11,0,0,0.891,555.37,1822.3,8.06,0,53.4,838.78,933.61,117774,On-Time,4
100093,AL12,Thailand,premium,5.0,premium economy,Aisle,6.63,Airport Counter,Yes,Online,41.0,100,2024-02-17,2,1,0,0.657,722.33,2315.1,7.07,0,58.3,1194.63,1292.88,139476,Delayed,3
104046,AL14,Australia,full-service,4.0,Economy,Aisle,1.29,Website,No, Online ,55.0,6,2024-07-20,7,1,0,0.844,517.24,1718.6,7.08,0,37.7,881.47,1036.15,126265,On-Time,3
101956,AL06,Malaysia,premium,4.0,Economy,Aisle,1.88,Website,No,Card,20.0,3,2024-12-20,12,0,0,0.819,636.04,1890.5,8.28,0,35.4,939.57,1088.25,203387,On-Time,5
100924,AL03,Vietnam,premium,3.0,Premium Economy,Window,6.82,Website,Yes,Card,25.0,16,2025-06-13,6,0,0,0.806,864.5,3016.5,6.51,0,34.1,1288.23,1450.81,180817,On-Time,2
104145,AL07,Philippines,full-service,4.0,Premium Economy,Middle,7.85,Website,Yes,Cash,42.0,52,2024-11-02,11,1,0,0.68,426.16,1272.6,7.26,0,21.2,734.76,884.33,199242,Delayed,2
101909,AL03, PHILIPPINES ,premium,5.0,economy,Aisle,8.98,Travel Agent,Yes, Card ,25.0,18,2024-05-25,5,1,0,0.779,333.38,900.9,7.69,1,31.1,527.81,725.36,168703,On-Time,3
101035,AL04,Malaysia,full-service,4.0,Economy,Window,2.69,Travel Agent,No,Card,52.0,13,2024-11-09,11,1,0,,245.62,1025.2,7.65,1,69.8,589.85,652.22,86731,Delayed,2
101400,AL08,Indonesia,full-service,3.0,premium economy,Window,3.06,Travel Agent, Yes ,Card,43.0,56,2024-06-17,6,0,0,0.758,233.28,746.2,7.54,0,37.7,619.21,666.55,112889,Delayed,3
102291,AL04,Malaysia,full-service,2.0,Economy,Middle,11.33,Website,Yes,Card,35.0,2,2024-11-29,11,0,0,0.839,,2822.2,7.83,0,39.7,1201.75,1296.55,256719,Delayed,3
101500,AL03,singapore,premium,2.0,First,Middle,1.69,Travel Agent,No,Cash,36.0,14,2025-04-19,4,1,0,0.646,183.96,454.4,6.63,0,63.6,704.39,943.14,66435,On-Time,3
103159,AL04,Philippines,full-service,4.0,Premium Economy,Window,0.75,Mobile App,No,Online,43.0,19,2025-04-01,4,0,1,0.922,371.74,874.6,7.85,0,73.0,664.31,750.16,117639,Delayed,3
102262,AL04,Indonesia,full-service,4.0,economy,Middle,2.42,Mobile App,Yes, Online ,19.0,3,2025-03-15,3,1,0,0.735,403.94,1208.8,5.93,1,38.8,579.54,719.09,172407,On-Time,3
101468,AL11,Thailand,budget,4.0,Premium Economy,Window,1.0,Website, No ,Card,42.0,26,2025-02-26,2,0,0,0.638,846.23,2639.2,8.27,0,54.3,1176.28,1224.73,147044,On-Time,4
103928,AL04, THAILAND ,full-service,3.0,Economy,Aisle,2.47,Website,Yes,Card,22.0,1,2024-11-09,11,1,0,0.511,374.42,1149.9,6.46,0,64.1,639.21,862.01,172674,On-Time,3
103245,AL14, AUSTRALIA ,full-service,3.0,Premium Economy,Aisle,4.7,Mobile App,Yes,Card,27.0,21,2025-03-03,3,0,0,0.669,914.59,2868.0,7.31,1,60.3,1119.02,1155.11,274582,On-Time,3
100998,AL02,Malaysia,budget,3.0,Business,Middle,3.67,Walk-in,Yes,Online,27.0,3,2024-02-24,2,1,0,0.968,238.48,286.9,7.55,0,36.4,600.5,691.82,46415,Delayed,3
100853,AL05, PHILIPPINES ,budget,4.0,economy,Window,2.93,Website,Yes, Online ,21.0,17,2024-06-20,6,0,0,0.868,334.59,965.2,7.14,1,55.9,537.99,829.67,181171,Delayed,2
103875,AL18, AUSTRALIA ,budget,4.0,Economy,Window,4.66,Airport Counter, No ,Online,35.0,49,2024-08-18,8,1,0,0.644,285.21,968.0,7.81,0,56.0,571.41,649.62,87175,On-Time,4
102473,AL03,Thailand,premium,3.0,Business,Middle,4.65,Mobile App,No,Online,33.0,1,2024-10-27,10,1,0,0.858,325.02,928.5,6.31,0,69.7,867.5,1010.24,125356,On-Time,3
102204,AL05,Indonesia,budget,3.0,First,Middle,4.96,website,Yes,Cash,18.0,9,2024-06-20,6,0,0,0.962,128.57,404.6,5.55,0,57.5,733.5,876.65,53250,On-Time,3
101142,AL05,Malaysia,budget,3.0,Economy,Aisle,3.37,Mobile App,No,Card,44.0,1,2024-12-19,12,0,1,0.887,288.86,802.6,7.01,1,63.2,492.73,582.94,63241,Delayed,2
101143,AL01,Philippines,full-service,4.0,Economy,Aisle,6.46,Mobile App,No,Cash,52.0,9,2024-12-19,12,0,0,0.99,442.1,1389.1,8.11,0,38.0,713.7,738.53,147527,Delayed,4
103747,AL14,Singapore,full-service,4.0,Business,Aisle,4.83,Travel Agent,Yes,Cash,58.0,22,2024-11-06,11,0,1,0.777,597.2,2239.4,8.97,0,24.3,1152.14,1279.65,289194,On-Time,5
102274,AL06, THAILAND ,premium,3.0,Business,Middle,1.58,Travel Agent,No, Online ,31.0,96,2024-10-19,10,1,0,0.576,643.82,1911.8,8.91,1,63.6,935.27,1048.06,245404,On-Time,3
102944,AL13,singapore,full-service,3.0,Premium Economy,Aisle,3.06,Website,No,Card,44.0,6,2025-05-31,5,1,0,0.795,334.53,827.1,4.93,1,51.6,601.94,827.24,91060,Delayed,2
102048,AL03,Malaysia,premium,4.0,Economy,Window,4.13,Travel Agent,No,Online,36.0,11,2025-05-15,5,0,0,0.655,330.34,1133.6,,1,47.7,588.11,689.97,157175,Delayed,4
103466,AL06, PHILIPPINES ,premium,4.0,Economy,Middle,5.03,Travel Agent, No ,Online,30.0,47,2024-01-17,1,0,1,0.901,274.62,857.6,8.48,0,28.1,537.74,579.05,75759,On-Time,3
100401,AL17,Malaysia,full-service,3.0,economy,Aisle,3.17,website, No ,Online,29.0,43,2024-11-03,11,1,0,0.987,641.78,2218.5,7.51,0,48.5,972.15,1100.12,106516,On-Time,3
103476,AL03,Indonesia,premium,3.0,economy,Aisle,4.82,travel agent, No ,Card,23.0,45,2024-11-23,11,1,1,0.794,357.99,976.3,6.6,0,94.0,667.25,703.75,147291,Delayed,1
101103,AL10, VIETNAM ,full-service,3.0,Economy,Window,5.34,Mobile App, No , Online ,27.0,24,2024-06-23,6,1,0,0.62,1178.69,3791.1,4.92,1,68.5,1352.37,1512.4,141724,Delayed,2
100084,AL08,Australia,full-service,5.0,Economy,Middle,3.04,Airport Counter,Yes,Online,45.0,37,2025-06-21,6,1,0,0.96,303.41,1048.5,5.13,1,64.0,600.22,711.92,131825,On-Time,3
102210,AL11,Australia,budget,3.0,Premium Economy,Window,6.01,Website, Yes , Online ,37.0,30,2024-07-06,7,1,0,0.762,,386.3,7.86,1,86.6,4276.9941329338735,505.77,33311,Delayed,3
101856,AL16,Malaysia,budget,3.0,Economy,Aisle,3.4,Website,Yes,Online,38.0,24,2024-05-26,5,1,1,0.713,428.59,1283.3,8.03,0,5.0,635.49,698.52,163178,Delayed,2
100114,AL16,Malaysia,budget,,Economy,Window,6.8,Airport Counter,Yes,Card,37.0,29,2025-04-09,4,0,0,0.893,293.29,966.1,8.26,0,56.1,601.24,708.23,102119,On-Time,4
102718,AL18,Malaysia,budget,4.0,Business,Aisle,6.27,Mobile App,No, Card ,46.0,33,2025-02-11,2,0,0,0.689,486.35,1736.9,7.6,0,45.8,1041.28,1174.5,187003,On-Time,4
103222,AL11,Singapore,budget,3.0,First,Window,2.2,Airport Counter,,Card,50.0,32,2024-08-10,8,1,0,0.605,444.23,1536.1,8.21,0,84.1,981.61,1189.28,111377,Delayed,4
103991,AL08,Indonesia,full-service,2.0,Economy,Aisle,2.14,Website,Yes,Online,28.0,7,2024-02-02,2,0,0,0.546,651.15,2136.3,,0,62.3,961.39,989.76,139961,Delayed,2
103972,AL04, MALAYSIA ,full-service,4.0,Economy,Aisle,1.0,Mobile App,No, Card ,53.0,49,2024-04-04,4,0,0,0.714,147.6,601.0,6.52,0,22.4,488.51,530.25,54933,On-Time,2
101585,AL01, Philippines ,full-service,2.0,Premium Economy,Aisle,5.82,Walk-in,No,Card,37.0,69,2024-03-13,3,0,0,0.937,470.47,1324.7,6.56,1,79.1,743.32,931.43,195460,Delayed,3
103440,AL10,Philippines,full-service,3.0,Economy,Window,0.75,Website, No , Card ,39.0,4,2024-06-13,6,0,1,0.704,318.05,743.6,8.18,0,60.9,610.99,692.14,107948,On-Time,4
101567,AL06,Malaysia,premium,3.0,Economy,Aisle,6.11,Mobile App,Yes, Card ,42.0,49,2025-03-14,3,0,0,0.818,484.21,1356.6,6.69,1,45.4,660.29,777.1,113679,On-Time,2
102937,AL18,Singapore,budget,4.0,Economy,Aisle,1.96,Mobile App,Yes, Cash ,38.0,2,2025-01-04,1,1,1,0.878,,2122.7,8.4,0,63.1,953.65,1080.1,238107,Delayed,3
101501,AL02,Japan,budget,4.0,Economy,Middle,6.0,Website,No,Online,31.0,21,2024-05-27,5,0,0,0.924,521.59,1394.0,6.29,0,78.4,686.58,996.72,231599,Delayed,3
101660,AL09,vietnam,budget,2.0,Business,Aisle,2.0,mobile app,Yes,Online,39.0,9,2024-02-20,2,0,0,0.824,314.62,993.8,9.05,0,34.0,840.63,1021.49,79360,On-Time,5
101556,AL07,Vietnam,full-service,1.0,Economy,Aisle,5.69,Mobile App,No,Card,33.0,136,2025-02-25,2,0,1,0.767,326.74,509.6,6.07,1,73.1,345.64,406.43,87163,Cancelled,2
102007,AL14,malaysia,full-service,3.0,Economy,Middle,3.18,Travel Agent, No , Card ,35.0,1,2025-05-27,5,0,0,0.752,264.1,1231.5,6.85,0,44.4,688.9,780.67,60078,On-Time,4
100625,AL14,Vietnam,full-service,3.0,Economy,Aisle,5.04,Website,No,Online,46.0,4,2024-01-02,1,0,0,0.961,406.29,1580.5,9.62,0,68.5,896.59,1004.78,103692,On-Time,4
103764,AL17,vietnam,full-service,3.0,Economy,Window,4.26,Website,No,Online,41.0,47,2024-12-11,12,0,0,0.849,460.68,1582.6,7.28,0,51.4,755.81,797.96,88935,On-Time,4
103584,AL18, Malaysia ,budget,4.0,Premium Economy,Window,6.21,Travel Agent,No,Card,28.0,12,2024-06-29,6,1,0,0.904,582.44,1582.9,8.2,0,72.1,865.98,929.41,152985,Delayed,4
103994,AL10,Singapore,full-service,4.0,economy,Aisle,0.97,Mobile App,Yes,Card,48.0,25,2025-04-20,4,1,0,0.99,300.64,675.9,8.62,0,46.6,511.74,584.03,42762,On-Time,4
101885,AL10,Singapore,full-service,2.0,Economy,Window,0.95,Travel Agent,No,Online,18.0,7,2025-02-22,2,1,0,0.579,533.46,2338.8,7.63,0,70.0,1022.04,1144.8,159096,Delayed,2
103144,AL05,malaysia,budget,3.0,Economy,Aisle,3.08,Website,Yes,Online,31.0,18,2024-05-26,5,1,0,0.99,739.02,1840.1,6.7,0,29.4,841.65,893.24,110426,Delayed,3
101866,AL13,Singapore,full-service,4.0,Economy,Middle,5.26,Travel Agent, No ,Online,38.0,32,2025-05-21,5,0,0,0.87,608.37,1707.5,7.79,1,24.6,703.27,736.77,61286,On-Time,2
100952,AL05,Malaysia,budget,3.0,Business,Aisle,3.78,Website, No ,Online,47.0,11,2024-12-15,12,1,0,0.9,461.82,1646.2,6.85,0,87.1,993.6,1072.08,110158,Delayed,3
102855,AL11,australia,budget,3.0,Economy,Window,4.06,Walk-in, No ,Card,22.0,93,2024-03-24,3,1,0,0.834,627.57,2165.7,8.82,1,52.3,761.35,857.59,186210,On-Time,4
102306,AL10,Indonesia,full-service,4.0,Economy,Aisle,2.56,Mobile App,Yes,Card,18.0,20,2024-11-05,11,0,0,0.8,145.42,619.3,8.38,0,47.2,525.06,666.15,125242,Delayed,3
100624,AL04,Malaysia,full-service,3.0,Economy,Middle,3.56,Website,No,Online,35.0,4,2024-04-04,4,0,0,0.833,540.57,1719.5,7.76,1,66.9,765.78,968.16,109766,Delayed,4
102874,AL03,Philippines,premium,5.0,Economy,Aisle,3.71,Mobile App,No,Card,33.0,11,2024-06-13,6,0,0,0.71,447.34,1510.1,8.54,0,40.3,739.09,870.49,164441,On-Time,4
100234,AL06,Singapore,premium,4.0,Business,Middle,6.82,Website,No, Cash ,36.0,37,2024-04-18,4,0,1,0.878,440.86,1480.5,6.19,1,60.4,906.63,1005.6,67317,Delayed,3
102183,AL04,philippines,full-service,3.0,premium economy,Window,4.01,Mobile App,Yes, Cash ,58.0,30,2024-01-24,1,0,0,0.99,596.28,1957.6,5.18,1,58.7,824.92,868.65,200085,On-Time,2
102664,AL16,Australia,budget,2.0,Premium Economy,Middle,2.36,Travel Agent,No,Card,28.0,28,2024-09-10,9,0,0,0.925,655.12,2203.0,6.83,0,52.7,1141.91,1191.08,117414,On-Time,2
103588,AL15,Australia,budget,4.0,Economy,Middle,5.64,Mobile App,No,Card,40.0,50,2025-04-28,4,0,1,0.765,794.9,2644.7,10.0,1,51.7,935.21,1094.72,159237,Cancelled,3
103267,AL05,Vietnam,budget,2.0,Business,Aisle,1.99,Website,Yes,Online,33.0,20,2025-04-29,4,0,0,0.878,455.39,1402.7,8.25,1,19.3,807.06,920.14,205116,Delayed,3
102884,AL06,Vietnam,premium,5.0,Economy,Aisle,7.88,Mobile App,No,Online,18.0,6,2024-03-10,3,1,0,0.577,344.46,1172.8,7.81,0,49.2,651.27,724.51,114382,Delayed,2
102890,AL12,Philippines,premium,3.0,Economy,Aisle,7.52,Website,Yes,Card,27.0,21,2024-04-10,4,0,1,0.654,365.54,965.3,5.93,1,44.8,557.7,722.46,76955,Delayed,2
102034,AL04, Thailand ,full-service,4.0,Premium Economy,Aisle,6.3,Mobile App,No,Online,33.0,36,2025-06-16,6,0,0,0.641,540.14,1305.4,7.14,0,61.4,809.75,884.58,219952,Delayed,3
103007,AL10,malaysia,full-service,2.0,Economy,Aisle,5.42,Mobile App,No,Cash,45.0,81,2024-01-26,1,0,0,0.761,500.38,1285.2,7.66,0,100.0,763.88,857.27,109286,Delayed,4
101826,AL16, MALAYSIA ,budget,3.0,Economy,Aisle,2.37,Mobile App,No,Online,27.0,33,2025-03-30,3,1,0,0.799,142.25,388.0,5.54,0,34.8,346.53,366.39,78238,Delayed,2
103923,AL04,Malaysia,full-service,4.0,Economy,Aisle,6.34,Website,No, Card ,41.0,24,2025-03-17,3,0,1,0.786,328.78,676.4,6.63,0,69.6,551.25,722.46,151836,Delayed,1
101833,AL14,Japan,full-service,5.0,Economy,Window,5.84,travel agent,No,Online,38.0,6,2024-01-14,1,1,0,0.774,520.1,1638.8,5.94,1,56.4,677.38,742.25,76436,On-Time,3
102640,AL18,malaysia,budget,1.0,Economy,Aisle,3.2,Walk-in,Yes,Cash,35.0,28,2024-03-21,3,0,0,0.77,100.54,338.5,5.35,1,100.0,403.16,717.68,105841,On-Time,3
101314,AL02,Japan,budget,5.0,Business,Window,6.05,Website, Yes , Cash ,51.0,6,2024-09-04,9,0,0,0.671,514.38,1645.5,9.38,0,32.2,964.99,1037.11,97806,Delayed,3
101525,AL05,Malaysia,budget,3.0,Economy,Aisle,5.14,Airport Counter, Yes , Cash ,42.0,22,2024-07-18,7,0,0,0.593,369.71,1166.2,5.97,0,67.3,587.07,684.8,155853,Delayed,3
101562,AL16,Philippines,budget,4.0,Economy,Window,2.21,Airport Counter,Yes, Online ,18.0,80,2024-06-23,6,1,0,0.72,607.0,1752.9,8.2,0,44.9,812.53,855.85,214826,On-Time,5
103339,AL10, Philippines ,full-service,2.0,Economy,Middle,3.54,Website,No, Online ,33.0,28,2025-04-13,4,1,0,0.675,818.3,2442.1,7.06,0,43.5,1050.89,1116.58,147167,Delayed,1
101752,AL09,Singapore,budget,5.0,Economy,Middle,1.49,Mobile App,Yes, Card ,46.0,109,2024-11-26,11,0,0,0.949,601.81,1761.6,5.81,1,55.4,710.58,831.72,133379,On-Time,2
101605,AL01,Thailand,full-service,3.0,Economy,Middle,1.71,Walk-in, Yes ,Online,40.0,4,2025-03-08,3,1,0,0.963,466.68,1175.9,7.25,0,58.6,688.94,836.67,201347,Delayed,2
100343,AL05,Philippines,budget,5.0,Business,Middle,3.63,Website,Yes,Card,19.0,3,2024-01-03,1,0,0,0.578,291.78,741.2,9.69,0,7.8,621.06,837.95,88824,On-Time,4
102542,AL18, PHILIPPINES ,budget,3.0,Economy,Aisle,2.82,Mobile App,No,Card,33.0,35,2024-01-28,1,1,0,0.893,1306.14,4476.2,8.02,0,16.6,1633.37,1684.57,128562,Delayed,2
104054,AL14,thailand,full-service,3.0,Economy,Aisle,8.03,Travel Agent, No ,Online,,25,2024-06-27,6,0,1,0.538,314.7,838.7,6.92,0,87.9,490.02,695.58,160987,Delayed,2
102341,AL03,Vietnam,premium,5.0,Economy,Window,3.67,travel agent,No,Cash,43.0,20,2025-06-15,6,1,0,0.815,585.38,1665.5,8.1,0,29.4,789.68,902.61,85440,Delayed,3
102412,AL15, Vietnam ,budget,3.0,Economy,Middle,2.28,Website,No,Online,45.0,4,2024-09-13,9,0,0,0.827,492.34,1524.6,,0,54.4,750.66,845.6,97247,On-Time,3
102226,AL01,Philippines,full-service,3.0,Economy,Aisle,2.68,airport counter,No,Online,46.0,8,2025-02-23,2,1,0,0.693,394.45,1265.8,9.54,1,51.3,578.7,602.79,93648,Delayed,4
102707,AL18,Thailand,budget,5.0,Economy,Middle,3.56,Website,No,Online,31.0,0,2024-05-30,5,0,0,0.748,334.87,972.7,6.14,0,82.8,587.22,728.98,97718,Delayed,3
100996,AL14,thailand,full-service,4.0,economy,Aisle,6.82,Mobile App,Yes, Card ,18.0,32,2024-12-05,12,0,0,0.588,557.82,1855.0,7.59,0,37.3,888.72,952.32,78006,Delayed,1
102062,AL14, PHILIPPINES ,full-service,3.0,Economy,Window,4.28,Travel Agent,Yes,Online,130.0,13,2024-02-05,2,0,0,0.82,212.58,791.0,5.99,0,45.4,536.73,571.49,99323,On-Time,2
103758,AL17,Indonesia,full-service,2.0,Economy,Window,3.05,Website,No,Cash,18.0,32,2024-04-13,4,1,0,0.81,477.97,1295.0,6.27,0,29.3,669.06,746.19,68583,On-Time,2
101110,AL10,Philippines,full-service,3.0,Economy,Window,4.75,Website,Yes,Card,39.0,16,2025-06-26,6,0,0,0.693,336.96,1181.5,5.69,0,24.2,606.33,705.23,98727,On-Time,3
103442,AL08,japan,full-service,4.0,Business,Window,5.84,website,Yes,Card,41.0,31,2024-05-24,5,0,0,0.717,348.88,785.1,5.92,0,20.7,4474.147066774263,769.53,88072,Delayed,2
102213,AL08,japan,full-service,2.0,Economy,Middle,3.06,Airport Counter,No,Card,22.0,130,2024-01-01,1,0,0,0.807,514.28,1583.0,6.55,0,30.0,760.44,1137.23,230578,On-Time,2
103203,AL01,Indonesia,full-service,3.0,Premium Economy,Window,7.34,airport counter,No,Card,36.0,9,2025-04-17,4,0,0,0.807,872.57,2747.2,,0,65.7,1248.74,1344.57,338836,Delayed,4
101359,AL11, AUSTRALIA ,budget,4.0,first,Window,5.49,Travel Agent,No,Card,59.0,136,2024-11-10,11,1,0,0.99,82.16,332.2,7.3,0,29.8,636.49,754.41,174628,On-Time,3
102107,AL11,Australia,budget,4.0,Economy,Window,5.62,Mobile App, No ,Online,31.0,16,2025-03-04,3,0,0,0.815,574.51,1895.4,8.43,0,56.0,848.54,986.33,253043,On-Time,4
100709,AL07,Malaysia,full-service,2.0,Economy,Aisle,3.34,website,Yes, Card ,35.0,23,2024-02-24,2,1,0,0.99,266.84,906.2,5.17,0,21.6,519.46,554.41,43580,Delayed,3
101878,AL06, MALAYSIA ,premium,3.0,Premium Economy,Window,4.24,Travel Agent,Yes,Online,47.0,29,2024-01-06,1,1,0,0.626,319.46,1031.8,8.32,1,25.5,631.91,813.04,104954,On-Time,4
102724,AL03,Singapore,premium,4.0,Economy,Middle,6.12,Airport Counter,Yes, Card ,39.0,88,2024-04-02,4,0,0,0.802,650.04,1995.3,6.1,0,60.5,926.26,992.06,236756,On-Time,4
101378,AL11,Philippines,budget,3.0,Economy,Aisle,4.61,Website, No ,Card,49.0,45,2024-01-26,1,0,0,0.788,641.72,1734.1,8.0,0,35.9,822.65,913.41,195135,On-Time,5
102828,AL02,indonesia,budget,3.0,Economy,Aisle,3.37,Airport Counter,No,Cash,45.0,3,2024-05-11,5,1,0,0.858,193.86,682.1,8.36,1,54.4,423.37,509.88,81598,Delayed,4
100424,AL14,Singapore,full-service,5.0,Economy,Aisle,5.02,Website,Yes,Online,21.0,45,2025-01-25,1,1,0,0.723,309.63,902.0,8.53,1,78.4,511.52,620.57,107450,Delayed,3
100292,AL03,Philippines,premium,5.0,Premium Economy,Aisle,1.24,Mobile App,No,Card,26.0,29,2024-11-03,11,1,1,0.849,535.22,1851.0,6.5,0,44.5,942.17,1115.39,269471,On-Time,4
101065,AL09,Malaysia,budget,3.0,Economy,Window,8.29,Mobile App,Yes,Cash,39.0,71,2024-12-16,12,0,0,0.919,165.65,859.4,7.39,0,98.6,535.66,672.72,132409,Delayed,1
102921,AL09,Vietnam,budget,2.0,First,Window,2.34,Website,No,Card,24.0,33,2025-05-24,5,1,0,0.79,347.78,889.6,,1,48.6,751.78,825.84,78008,On-Time,4
102377,AL11,Singapore,budget,3.0,Economy,Aisle,5.21,Mobile App,No,Card,25.0,16,2024-09-09,9,0,0,0.611,654.36,2009.8,,0,58.3,904.98,1047.28,174408,On-Time,3
101638,AL13,Singapore,full-service,3.0,Economy,Aisle,3.14,Website,Yes, Card ,29.0,12,2024-05-25,5,1,0,0.848,512.39,1269.7,8.56,0,21.0,706.22,749.62,134322,On-Time,3
102477,AL14,Japan,full-service,3.0,economy,Middle,2.53,Mobile App,Yes,Online,19.0,45,2024-02-11,2,1,1,0.785,251.4,1085.3,,0,52.7,588.91,741.98,188045,Delayed,2
101012,AL13, Thailand ,full-service,4.0,Economy,Middle,2.61,Website,No,Online,41.0,17,2025-03-05,3,0,0,0.686,478.89,1542.1,7.11,0,65.0,759.17,881.77,115802,Delayed,3
102127,AL17,singapore,full-service,2.0,Economy,Window,3.36,Walk-in,No,Online,32.0,121,2024-09-07,9,1,0,0.701,367.38,1216.3,8.69,1,28.4,514.92,553.11,30589,Delayed,3
101717,AL08, Thailand ,full-service,4.0,Business,Aisle,2.77,Travel Agent,No,Card,23.0,8,2024-02-26,2,0,0,0.753,207.26,161.7,5.32,0,38.9,556.07,709.07,60772,On-Time,2
103100,AL11,singapore,budget,2.0,economy,Window,2.18,Travel Agent, Yes ,Card,46.0,5,2024-01-27,1,1,0,0.567,607.59,2203.0,9.09,0,60.3,929.99,1068.57,126959,Delayed,4
100937,AL09,thailand,budget,5.0,Economy,Aisle,2.05,Travel Agent,No,Card,33.0,2,2024-08-31,8,1,1,0.582,877.34,2901.6,6.98,0,50.4,1173.6,1256.7,79119,Delayed,2
103779,AL02,Australia,budget,4.0,First,Aisle,2.09,Website, Yes ,Cash,37.0,33,2024-08-19,8,0,0,0.546,329.28,941.7,8.18,0,70.8,802.63,895.25,55351,On-Time,5
103964,AL06,Indonesia,premium,3.0,Economy,Window,2.67,Website,No,Online,51.0,25,2024-08-03,8,1,0,0.718,615.38,1938.1,5.02,1,39.5,835.2,871.33,71058,Delayed,2
103990,AL04,singapore,full-service,3.0,Premium Economy,Middle,3.78,Website, Yes ,Card,43.0,23,2025-03-03,3,0,0,0.869,,1812.4,8.07,0,65.3,937.79,970.3,199622,Delayed,3
100834,AL09,malaysia,budget,5.0,First,Aisle,4.9,Mobile App,No,Online,39.0,4,2025-04-09,4,0,0,,418.44,1614.7,9.2,0,90.3,1078.84,1233.06,170092,Delayed,4
102797,AL10, VIETNAM ,full-service,3.0,Business,Middle,0.75,Website,Yes,Online,31.0,14,2025-01-23,1,0,0,0.754,547.12,1825.3,7.81,1,62.8,884.93,988.7,113387,On-Time,5
102938,AL01,Indonesia,full-service,4.0,Economy,Middle,9.55,Airport Counter,No,Card,28.0,12,2025-05-03,5,1,0,0.865,578.99,1823.2,7.63,0,60.1,893.36,936.71,164155,Cancelled,3
100254,AL15,Singapore,budget,2.0,Premium Economy,Window,1.42,Website,No,Online,39.0,14,2024-03-06,3,0,0,0.872,457.05,1707.2,7.16,0,85.9,984.7,1067.72,247668,On-Time,3
104173,AL11, Japan ,budget,5.0,economy,Middle,2.78,Website,Yes,Online,24.0,3,2024-10-31,10,0,0,0.741,232.45,425.8,8.42,0,33.5,399.42,443.77,32436,Delayed,3
101482,AL09,Singapore,budget,2.0,Economy,Window,1.49,Walk-in,No, Card ,41.0,20,2024-04-14,4,1,0,0.836,267.1,421.7,5.77,0,19.2,367.48,404.01,21241,On-Time,3
100944,AL11,singapore,budget,3.0,Economy,Window,1.51,Mobile App,Yes, Card ,36.0,64,2025-05-04,5,1,0,0.94,282.73,752.7,6.01,0,46.3,429.13,523.71,90847,On-Time,4
101407,AL08,Thailand,full-service,2.0,Economy,Middle,2.3,Mobile App,No,Cash,25.0,4,2024-01-24,1,0,0,0.778,430.98,1286.3,9.6,0,29.3,703.7,948.18,211223,Delayed,3
103385,AL15, INDONESIA ,budget,3.0,economy,Window,7.13,travel agent,No,Cash,24.0,16,2024-08-14,8,0,0,0.677,501.54,1397.0,6.95,1,51.9,606.03,670.14,139224,Delayed,1
103156,AL13,Thailand,full-service,4.0,Economy,Aisle,2.82,Website,No,Card,45.0,67,2025-05-09,5,0,0,0.728,767.3,2255.0,8.75,0,51.6,961.14,1088.99,202722,On-Time,3
103646,AL04,thailand,full-service,5.0,Economy,Aisle,3.98,Mobile App,Yes, Card ,30.0,21,2024-10-10,10,0,1,0.986,703.5,2563.9,9.2,1,80.9,950.37,1000.46,93893,Delayed,5
101786,AL06, SINGAPORE ,premium,2.0,Premium Economy,Aisle,2.89,travel agent,No, Online ,57.0,4,2024-06-21,6,0,0,0.736,556.57,1460.8,9.94,0,84.1,955.42,1066.11,107349,On-Time,5
102184,AL18,Japan,budget,3.0,Economy,Middle,4.29,mobile app, No ,Online,34.0,47,2024-08-12,8,0,0,0.912,224.56,712.0,7.6,1,54.3,472.23,644.33,84056,On-Time,4
103183,AL08,Indonesia,full-service,3.0,Premium Economy,Aisle,5.29,Airport Counter,Yes, Card ,29.0,40,2024-03-18,3,0,0,0.696,439.86,1190.4,5.05,1,37.6,635.05,734.05,157912,On-Time,2
103266,AL11, SINGAPORE ,budget,4.0,Premium Economy,Middle,2.97,Website,No,Card,29.0,5,2025-05-08,5,0,0,0.882,589.57,1349.0,9.91,0,41.1,832.74,1013.14,249701,On-Time,5
102900,AL14,Indonesia,full-service,2.0,Premium Economy,Middle,3.94,Travel Agent,No,Card,58.0,21,2024-06-14,6,0,0,0.784,226.01,386.4,7.04,0,16.8,531.91,627.09,161837,On-Time,3
103250,AL03, VIETNAM ,premium,1.0,Economy,Middle,3.65,website,No,Card,23.0,5,2024-12-01,12,1,0,0.783,784.42,2565.8,8.0,0,42.2,1096.36,1185.17,110611,On-Time,4
102323,AL04, SINGAPORE ,full-service,3.0,First,Aisle,1.94,Website, Yes ,Card,57.0,10,2025-06-11,6,0,0,0.928,244.35,864.2,4.36,0,62.4,873.81,960.51,217198,On-Time,4
100723,AL14,Thailand,full-service,3.0,Economy,Aisle,7.62,Mobile App,, Cash ,19.0,34,2024-05-09,5,0,1,0.634,339.05,1207.7,7.99,0,34.2,4995.124818923049,686.89,132179,On-Time,5
102907,AL04,Indonesia,full-service,3.0,Business,Aisle,3.28,Walk-in, Yes ,Online,36.0,19,2025-06-25,6,0,0,0.697,665.09,2070.0,9.5,0,37.6,1099.13,1175.03,109924,Delayed,3
100969,AL17,Thailand,full-service,3.0,Economy,Aisle,4.02,mobile app,No,Online,20.0,22,2024-05-23,5,0,0,0.888,203.19,456.3,7.2,0,37.2,414.75,505.7,30777,On-Time,3
100496,AL03,Singapore,premium,4.0,Economy,Aisle,2.39,website,Yes,Online,32.0,18,2024-10-10,10,0,0,0.851,538.5,1708.1,9.31,0,18.7,811.57,976.56,137393,On-Time,4
100950,AL12,Philippines,premium,4.0,Business,Aisle,3.77,Airport Counter,Yes,Online,46.0,45,2024-01-20,1,1,0,0.697,251.0,951.4,7.81,0,46.1,779.34,922.52,156029,On-Time,4
100805,AL12,Philippines,premium,4.0,Business,Window,5.03,Website,Yes,Online,63.0,12,2024-06-14,6,0,0,0.894,219.69,665.6,5.29,1,28.5,609.25,693.65,147708,On-Time,2
101829,AL08,Malaysia,full-service,3.0,Economy,Middle,9.44,Website, No ,Card,32.0,8,2024-08-28,8,0,0,,610.36,1977.9,8.51,0,32.8,954.71,1037.38,236428,Delayed,3
102177,AL03,Thailand,premium,3.0,Economy,Window,1.4,Travel Agent,No,Online,34.0,4,2024-02-25,2,1,0,0.805,1214.78,4221.8,6.41,0,74.7,1661.18,1811.07,343159,On-Time,3
101739,AL03,Thailand,premium,2.0,Economy,Aisle,3.21,Website,No,Online,24.0,41,2025-01-10,1,0,0,0.99,598.52,1814.2,3.88,0,60.7,887.91,907.18,142772,On-Time,2
100337,AL07,Indonesia,full-service,5.0,Economy,Aisle,1.93,Travel Agent,Yes, Online ,36.0,35,2024-10-05,10,1,0,0.843,437.17,1132.5,10.0,1,32.3,531.01,623.2,140737,On-Time,4
100730,AL12, VIETNAM ,premium,3.0,Economy,Aisle,3.38,website,Yes,Card,30.0,67,2024-06-30,6,1,1,0.779,319.9,1076.7,6.83,0,59.3,647.84,758.09,100160,On-Time,4
100608,AL14,vietnam,full-service,3.0,Economy,Window,2.16,Website,Yes,Online,,64,2024-10-04,10,0,0,0.99,218.33,891.0,6.43,0,58.5,623.72,687.87,136062,Delayed,2
101148,AL08, MALAYSIA ,full-service,2.0,economy,Window,2.42,Website, Yes ,Card,23.0,4,2024-09-21,9,1,0,0.521,197.8,765.1,6.95,0,11.6,547.4,610.51,34547,On-Time,3
102243,AL13,indonesia,full-service,3.0,Economy,Aisle,2.8,Website,Yes,Card,34.0,13,2024-04-15,4,0,1,0.702,364.11,1057.3,7.45,1,72.7,632.58,673.47,75543,Delayed,3
103298,AL02,malaysia,budget,2.0,Economy,Aisle,9.38,Walk-in,Yes,Card,43.0,32,2024-06-15,6,1,0,0.982,375.53,920.6,7.74,0,37.8,570.75,699.24,101261,Delayed,2
101713,AL13,Indonesia,full-service,2.0,Economy,Aisle,3.37,Website,No, Online ,64.0,32,2025-06-06,6,0,1,0.81,241.17,747.6,9.35,0,23.9,523.91,592.31,76598,On-Time,3
103340,AL10, Malaysia ,full-service,4.0,Business,Middle,3.52,travel agent, No ,Card,27.0,28,2024-03-10,3,1,0,0.517,715.52,2268.1,6.51,1,59.7,1003.36,1164.54,122516,On-Time,3
103261,AL17,vietnam,full-service,4.0,Economy,Aisle,0.89,Mobile App,No, Online ,,29,2025-03-28,3,0,0,0.805,782.77,2570.0,8.34,1,64.4,1050.75,1109.85,174411,On-Time,4
100909,AL03,Australia,premium,3.0,economy,Aisle,1.99,Travel Agent,Yes,Card,-5.0,2,2025-02-09,2,1,1,0.824,209.71,898.3,5.94,1,62.7,530.15,570.39,65849,Delayed,3
102632,AL02, Malaysia ,budget,4.0,Economy,Aisle,7.24,Mobile App,No,Card,36.0,1,2025-04-10,4,0,0,0.586,784.55,2325.2,8.34,0,75.6,1038.02,1207.5,201427,Delayed,3
103968,AL15, THAILAND ,budget,3.0,Business,Window,2.54,Website,No,Online,43.0,93,2024-04-29,4,0,0,0.864,750.93,2154.8,8.43,1,53.8,1076.3,1173.21,216350,On-Time,4
102151,AL05,Vietnam,budget,2.0,Economy,Window,2.85,travel agent,Yes,Card,22.0,1,2024-10-10,10,0,0,0.81,432.22,1995.4,5.14,1,23.1,758.03,845.5,212901,On-Time,2
102010,AL09,Vietnam,budget,4.0,Premium Economy,Window,4.64,Travel Agent,No, Cash ,39.0,13,2024-07-30,7,0,0,0.64,313.57,843.6,5.61,1,46.0,527.59,598.15,145311,Delayed,3
103665,AL05,Australia,budget,4.0,Economy,Aisle,7.92,Travel Agent, No , Card ,37.0,1,2025-05-28,5,0,1,0.58,241.96,611.1,7.23,0,15.4,417.59,519.53,71595,Delayed,2
102491,AL18, JAPAN ,budget,4.0,Business,Window,3.57,Walk-in,Yes,Card,34.0,16,2024-07-15,7,0,0,0.99,317.35,1240.8,7.75,1,89.4,810.75,914.2,139292,On-Time,4
102756,AL13,Thailand,full-service,3.0,Premium Economy,Aisle,3.43,Mobile App,Yes,Card,,2,2024-09-09,9,0,0,0.551,845.43,2951.3,8.48,1,23.5,1114.7,1227.15,138892,Delayed,2
101810,AL08,malaysia,full-service,3.0,Economy,Aisle,6.71,Travel Agent, No ,Online,31.0,2,2024-07-17,7,0,0,0.734,340.94,1178.5,5.12,0,41.6,644.52,879.54,169222,On-Time,4
101994,AL11,vietnam,budget,3.0,Economy,Aisle,7.11,Website,Yes,Online,30.0,14,2024-11-06,11,0,0,0.665,,1154.4,7.85,1,42.2,500.42,538.71,100683,On-Time,3
100719,AL08, SINGAPORE ,full-service,4.0,Premium Economy,Aisle,16.0,mobile app, No ,Online,56.0,15,2024-10-19,10,1,0,0.598,776.69,2929.2,7.2,1,59.3,1144.81,1396.96,214198,Delayed,3
102932,AL13,Singapore,full-service,5.0,Economy,Window,2.19,Airport Counter,No,Online,35.0,2,2024-09-24,9,0,0,0.783,286.87,827.3,7.3,0,69.4,594.81,665.03,158126,Delayed,2
102824,AL04,Indonesia,full-service,3.0,economy,Aisle,4.61,Mobile App,No,Card,42.0,36,2024-07-27,7,1,0,0.577,651.97,2348.8,6.51,0,97.7,1004.29,1102.73,109324,Delayed,2
101569,AL17,Japan,full-service,4.0,Economy,Window,1.76,Website, No ,Online,51.0,23,2025-01-31,1,0,0,0.673,325.9,984.1,7.77,0,16.7,563.06,777.19,99373,Delayed,3
102897,AL08, SINGAPORE ,full-service,3.0,Premium Economy,Aisle,3.64,Airport Counter,No,Online,47.0,3,2024-08-19,8,0,1,0.95,370.4,1276.3,7.63,0,47.7,846.63,890.81,103114,On-Time,3
102275,AL02,philippines,budget,3.0,Economy,Window,3.09,Walk-in,No,Online,37.0,14,2024-07-26,7,0,1,0.745,1083.81,3674.5,7.45,0,5.0,1379.45,1399.55,85474,On-Time,2
100434,AL14,philippines,full-service,3.0,Premium Economy,Aisle,1.12,Mobile App,Yes, Online ,43.0,34,2024-04-16,4,0,1,0.761,686.85,2217.2,7.4,0,43.3,1084.67,1134.61,160417,On-Time,4
102823,AL09,Malaysia,budget,3.0,Business,Aisle,10.87,Walk-in,No,Online,18.0,7,2024-05-17,5,0,0,0.779,310.48,1104.1,7.12,0,28.4,832.13,898.2,144362,On-Time,3
103755,AL04,Malaysia,full-service,4.0,Premium Economy,Window,2.41,Mobile App, No ,Card,29.0,20,2025-04-26,4,1,0,0.82,435.76,1117.9,10.0,1,50.3,657.32,796.67,142379,Cancelled,3
102504,AL06, Indonesia ,premium,4.0,Premium Economy,Middle,0.75,Walk-in,Yes, Online ,,11,2024-01-23,1,0,0,0.99,283.93,848.8,9.27,0,28.5,647.3,859.59,68932,On-Time,5
103211,AL02,Singapore,budget,3.0,economy,Window,3.17,Airport Counter,No,Card,33.0,12,2024-03-12,3,0,1,0.795,258.84,710.6,6.62,0,51.8,475.46,568.17,40993,Delayed,3
103540,AL12,Malaysia,premium,3.0,Economy,Middle,1.36,Mobile App,Yes,Card,24.0,10,2024-11-03,11,1,0,0.825,286.64,1209.5,6.07,0,47.3,787.54,896.78,160121,On-Time,2
103270,AL05,Thailand,budget,3.0,Premium Economy,Window,3.8,Airport Counter,No, Card ,39.0,4,2025-02-09,2,1,0,0.91,372.26,1232.4,5.94,0,17.1,662.83,758.89,77438,On-Time,4
101941,AL07, Vietnam ,full-service,3.0,Economy,Window,4.49,Website,No,Cash,33.0,3,2024-03-19,3,0,0,0.936,933.25,3422.2,9.25,0,70.8,1409.58,1509.3,354769,Delayed,3
101891,AL03,Indonesia,premium,3.0,First,Window,5.36,website,Yes,Card,31.0,52,2024-11-23,11,1,0,0.722,409.76,1145.8,6.36,1,43.7,876.17,1025.35,229182,Delayed,4
103599,AL09,Japan,budget,3.0,Economy,Aisle,5.48,Airport Counter,No,Card,28.0,27,2024-11-14,11,0,0,0.704,437.13,1212.1,9.54,1,36.8,663.38,770.91,120714,Delayed,2
101265,AL08,Indonesia,full-service,5.0,Premium Economy,Window,2.01,Travel Agent, Yes ,Cash,39.0,44,2024-02-13,2,0,0,0.777,611.34,2063.2,7.5,0,59.8,1060.7,1105.99,123774,Cancelled,2
102597,AL11,Malaysia,budget,5.0,Economy,Window,11.21,Mobile App,No,Card,18.0,6,2025-01-13,1,0,0,0.591,504.99,2257.1,8.22,0,65.1,983.13,1052.98,188749,Cancelled,2
101410,AL17,Vietnam,full-service,3.0,Economy,Middle,3.2,Airport Counter,No,Card,39.0,13,2024-03-23,3,1,0,0.646,171.15,336.7,7.97,0,36.3,378.21,401.25,91356,Delayed,3
101214,AL05,Malaysia,budget,4.0,Economy,Aisle,0.8,walk-in,Yes,Online,37.0,5,2024-01-06,1,1,0,0.905,879.5,2854.9,7.91,0,98.8,1282.76,1530.75,282667,Delayed,2
100966,AL11,Vietnam,budget,2.0,business,Window,4.15,Website,No,Card,37.0,24,2024-03-09,3,1,1,0.776,324.82,1253.7,7.86,0,53.4,808.59,1091.99,281970,Delayed,3
101230,AL01,vietnam,full-service,3.0,Economy,Aisle,1.07,Mobile App,Yes,Card,37.0,78,2025-04-11,4,0,0,0.676,429.37,1500.4,7.99,1,27.5,617.8,706.25,165994,On-Time,4
100605,AL17,Thailand,full-service,3.0,Economy,Aisle,1.75,Website,Yes,Online,20.0,59,2025-02-23,2,1,0,0.736,589.68,1824.3,5.0,1,60.3,817.71,895.9,145360,Delayed,4
100104,AL18, THAILAND ,budget,2.0,Premium Economy,Aisle,6.59,Travel Agent,No,Card,58.0,37,2024-02-04,2,1,0,0.711,1103.1,3674.8,9.07,0,46.1,1543.33,1664.96,193925,Delayed,3
100645,AL03,Singapore,premium,4.0,Economy,Middle,2.4,Walk-in,No,Online,24.0,27,2025-06-10,6,0,0,0.636,591.51,1636.4,7.07,0,41.8,814.31,880.92,133821,On-Time,3
103088,AL08, MALAYSIA ,full-service,4.0,Economy,Window,1.54,Website,Yes, Cash ,40.0,10,2025-02-05,2,0,0,0.851,518.69,1523.4,7.92,0,29.6,775.04,867.11,83563,On-Time,3
101019,AL18,Malaysia,budget,5.0,economy,Window,5.78,airport counter,No,Card,,11,2025-02-05,2,0,1,0.88,483.98,1475.0,7.16,1,51.8,642.17,707.69,159324,Delayed,2
100091,AL14, MALAYSIA ,full-service,3.0,Economy,Window,1.21,Mobile App,No,Online,35.0,22,2024-04-13,4,1,0,,716.36,2380.2,7.29,0,47.0,1011.98,1112.71,104792,On-Time,3
102870,AL12,Australia,premium,4.0,Premium Economy,Window,1.1,Mobile App,No,Card,31.0,41,2024-03-25,3,0,0,0.986,672.5,2184.2,7.77,0,56.4,1130.66,1300.27,165536,Delayed,4
100908,AL03, Singapore ,premium,3.0,Economy,Aisle,4.6,Website,Yes, Online ,29.0,14,2024-09-25,9,0,0,0.746,91.86,348.6,6.17,0,39.3,360.29,447.87,79062,On-Time,2
102150,AL06,vietnam,premium,4.0,Economy,Window,1.56,Mobile App,Yes,Online,18.0,58,2025-02-28,2,0,1,0.723,1228.81,4009.5,,0,39.9,1511.03,1617.59,294888,On-Time,4
100238,AL08,Thailand,full-service,3.0,Business,Window,3.76,Travel Agent,Yes,Online,25.0,20,2024-03-23,3,1,0,0.723,339.71,902.8,5.51,1,41.7,762.46,820.12,137834,On-Time,4
103140,AL12,Thailand,premium,3.0,Economy,Window,5.88,Website,Yes,Online,41.0,42,2024-04-28,4,1,1,0.882,953.51,3082.6,7.33,0,71.9,1252.57,1440.75,177807,Cancelled,1
100942,AL07,Indonesia,full-service,5.0,Business,Aisle,10.05,Airport Counter,No,Card,38.0,46,2025-02-11,2,0,0,0.739,452.62,827.1,9.14,1,17.8,693.12,759.2,163635,On-Time,4
101270,AL05,Thailand,budget,4.0,economy,Window,6.37,Mobile App,Yes, Card ,28.0,143,2024-03-05,3,0,1,0.387,615.57,1508.2,7.08,0,74.8,723.74,841.08,171352,Delayed,3
100938,AL03,Indonesia,premium,3.0,Economy,Middle,2.8,Website,Yes,Online,43.0,23,2024-10-23,10,0,0,0.885,436.0,1487.5,6.77,0,47.5,778.66,935.74,178181,Delayed,2
103229,AL12,Vietnam,premium,3.0,Premium Economy,Window,3.16,website,No,Card,52.0,13,2024-12-14,12,1,0,0.791,393.4,1311.3,7.19,0,66.1,804.5,993.6,245903,On-Time,3
103551,AL13,Vietnam,full-service,3.0,business,Aisle,6.21,website,No,Online,29.0,48,2024-06-07,6,0,0,0.862,651.44,1872.4,6.51,0,52.1,995.63,1100.66,271133,On-Time,4
101862,AL14, MALAYSIA ,full-service,4.0,Economy,Middle,1.27,Website,No,Online,37.0,19,2024-02-27,2,0,0,0.836,1323.26,4273.6,9.05,0,73.9,1721.6,1813.32,380648,On-Time,4
101669,AL16,Malaysia,budget,3.0,Business,Window,3.98,Travel Agent, Yes ,Card,29.0,27,2024-04-22,4,0,0,0.99,697.86,2054.9,5.9,0,33.2,1116.02,1180.03,197305,On-Time,3
100005,AL14, Malaysia ,full-service,3.0,Economy,Window,2.64,Mobile App,Yes,Online,63.0,16,2024-03-12,3,0,1,0.692,407.55,1347.9,5.46,0,36.8,672.76,738.2,117361,Delayed,2
103943,AL03,Thailand,premium,4.0,first,Aisle,1.03,Website,No,Card,33.0,71,2024-08-29,8,0,0,0.775,197.95,333.4,8.92,1,42.5,595.77,789.23,178522,On-Time,4
103013,AL13, Malaysia ,full-service,4.0,Economy,Aisle,4.13,travel agent,Yes,Cash,45.0,61,2024-03-21,3,0,0,0.789,548.61,1779.6,,1,20.4,809.32,931.69,77935,Delayed,1
100018,AL09,Singapore,budget,3.0,Economy,Aisle,2.18,Website, No ,Online,37.0,4,2024-10-20,10,1,0,0.926,528.2,1837.2,7.9,0,21.0,814.74,948.34,82951,Delayed,3
101970,AL08,Malaysia,full-service,5.0,Economy,Window,4.72,Mobile App,No,Online,19.0,78,2024-11-07,11,0,0,0.667,346.2,654.5,6.99,0,77.0,526.03,787.56,58879,On-Time,4
102709,AL08,thailand,full-service,3.0,Business,Window,5.36,Website,Yes,Online,18.0,19,2025-06-27,6,0,1,0.882,617.84,2218.4,7.36,0,56.9,1181.35,1417.2,369463,Cancelled,4
102232,AL03, MALAYSIA ,premium,2.0,economy,Middle,2.51,Website,Yes,Card,51.0,2,2024-01-15,1,0,0,0.687,105.24,342.5,8.5,0,60.4,402.28,425.51,89780,On-Time,4
100811,AL01, PHILIPPINES ,full-service,3.0,Economy,Window,4.49,Airport Counter,No,Card,34.0,30,2024-05-20,5,0,0,0.692,550.31,1811.4,8.85,0,49.1,842.98,924.5,207784,On-Time,5
101300,AL12, Malaysia ,premium,4.0,Premium Economy,Aisle,0.75,Website,Yes,Online,30.0,15,2024-08-19,8,0,1,0.879,753.63,2248.5,7.3,0,41.7,1057.41,1132.68,106814,On-Time,2
103993,AL08,thailand,full-service,4.0,Economy,Aisle,3.52,Mobile App,Yes,Card,47.0,29,2024-04-04,4,0,0,0.655,513.87,1660.6,10.0,1,35.8,604.08,696.06,52912,On-Time,4
100260,AL16,Malaysia,budget,5.0,First,Window,2.18,website, No , Online ,33.0,7,2025-03-20,3,0,0,0.933,1041.77,3324.4,6.45,0,30.5,1687.45,1917.18,340315,Delayed,3
101804,AL08,Singapore,full-service,5.0,Premium Economy,Middle,7.66,Website,Yes,Cash,25.0,22,2024-11-25,11,0,0,0.75,,2038.7,8.34,0,67.3,1002.01,1113.97,177449,On-Time,3
101570,AL03,Indonesia,premium,3.0,Premium Economy,Middle,1.17,Mobile App,Yes,Card,31.0,8,2025-03-01,3,1,0,0.952,546.3,1904.8,8.57,0,49.5,1066.82,1150.35,172992,Cancelled,3
102454,AL07,Malaysia,full-service,3.0,Premium Economy,Aisle,1.22,Website,No,Card,34.0,18,2024-04-07,4,1,0,0.852,357.88,1015.6,7.85,1,40.7,511.54,593.58,140365,On-Time,3
101743,AL13,Malaysia,full-service,3.0,Economy,Window,3.03,Airport Counter,No, Online ,40.0,13,2025-06-24,6,0,1,0.789,290.38,980.9,7.59,0,70.3,584.19,690.55,109265,Delayed,3
101630,AL14,Singapore,full-service,4.0,economy,Window,3.28,Travel Agent,No,Online,45.0,16,2024-09-14,9,1,1,0.699,386.62,1077.6,7.23,0,39.0,611.87,720.32,146414,Delayed,2
101716,AL12,Singapore,premium,2.0,Economy,Window,3.38,mobile app,Yes,Online,20.0,11,2024-05-14,5,0,0,0.746,667.22,1798.2,7.43,0,73.4,873.72,926.75,166498,On-Time,3
100520,AL14,Vietnam,full-service,2.0,First,Middle,6.84,Website,No,Online,29.0,2,2024-07-10,7,0,0,0.796,515.77,1458.7,6.78,0,50.9,1031.34,1207.18,180172,On-Time,4
103937,AL05,Malaysia,budget,2.0,economy,Middle,3.04,Airport Counter,No, Online ,31.0,91,2024-05-21,5,0,0,0.946,328.17,971.9,7.26,0,9.4,541.62,697.91,59408,On-Time,3
103482,AL13, INDONESIA ,full-service,4.0,Economy,Window,2.54,Website,No,Card,42.0,3,2024-04-14,4,1,0,0.869,269.16,672.8,8.86,0,24.6,518.59,552.99,119597,On-Time,4
101658,AL03,Philippines,premium,3.0,Business,Aisle,5.01,website,Yes,Card,22.0,38,2024-08-31,8,1,0,0.849,806.54,2461.1,7.35,0,37.4,1251.2,1437.2,98556,Delayed,4
103472,AL02,Thailand,budget,4.0,Economy,Aisle,5.2,mobile app,Yes,Online,50.0,30,2025-05-29,5,0,0,0.824,,1512.2,6.24,1,75.9,699.92,768.97,137626,Delayed,2
102475,AL16, Malaysia ,budget,3.0,Premium Economy,Middle,3.53,Travel Agent,Yes, Online ,40.0,44,2024-12-22,12,1,0,0.756,625.28,1923.3,8.98,0,51.6,1025.64,1116.4,169060,Delayed,4
103948,AL16,thailand,budget,5.0,economy,Aisle,3.62,Travel Agent, Yes ,Card,46.0,81,2024-03-03,3,1,0,0.913,541.04,1672.1,,1,57.9,662.88,698.12,68005,On-Time,3
103934,AL09,Australia,budget,3.0,Business,Window,5.63,Airport Counter,No,Online,26.0,17,2024-01-22,1,0,0,0.721,681.13,2518.5,6.47,0,57.2,1246.84,1429.86,291319,On-Time,5
103645,AL01, JAPAN ,full-service,3.0,First,Aisle,4.14,Mobile App,Yes,Online,34.0,31,2024-12-18,12,0,0,0.731,161.57,753.9,8.58,0,34.2,762.64,991.75,146572,Delayed,5
100763,AL08,Malaysia,full-service,3.0,Business,Window,8.76,Mobile App, No ,Card,32.0,7,2024-03-02,3,1,0,0.561,528.88,1256.1,7.06,0,54.8,835.92,994.26,171398,Delayed,4
101091,AL12,Malaysia,premium,2.0,economy,Aisle,6.5,Mobile App,No,Card,30.0,52,2025-05-16,5,0,0,0.902,390.45,899.5,8.54,0,16.2,526.86,635.47,111880,On-Time,5
103608,AL18, PHILIPPINES ,budget,2.0,Premium Economy,Middle,2.45,Website,Yes,Online,60.0,26,2024-11-11,11,0,1,0.963,295.16,792.7,7.2,1,42.6,526.09,580.22,57148,Delayed,3
101101,AL07,Singapore,full-service,3.0,Economy,Middle,2.37,Travel Agent,Yes,Online,36.0,55,2024-12-19,12,0,0,0.735,217.42,464.5,4.84,0,23.7,385.76,523.08,70220,Delayed,4
100958,AL10,Singapore,full-service,3.0,Economy,Aisle,3.3,Mobile App,No, Online ,45.0,18,2024-08-08,8,0,0,0.801,345.9,874.4,9.01,0,44.3,530.93,561.81,58022,On-Time,3
100559,AL15, VIETNAM ,budget,1.0,Economy,Window,6.48,Website,Yes, Card ,55.0,54,2024-06-14,6,0,0,0.66,424.4,1493.7,6.08,0,57.3,696.66,809.73,152133,On-Time,3
101519,AL03,Malaysia,premium,2.0,premium economy,Aisle,5.14,Website, Yes , Cash ,18.0,22,2024-02-29,2,0,0,0.781,572.08,1869.7,5.13,0,33.0,1044.27,1145.54,166638,On-Time,4
102032,AL06,Singapore,premium,4.0,Business,Middle,1.26,Website,Yes,Card,44.0,52,2024-03-25,3,0,0,0.687,95.63,188.1,7.09,1,55.8,440.63,618.94,149663,Delayed,5
102484,AL08,japan,full-service,3.0,Economy,Aisle,7.55,Mobile App,,Card,22.0,29,2025-05-25,5,1,0,0.837,454.25,1305.1,9.13,0,33.1,654.72,730.14,128508,Delayed,2
100366,AL06,Vietnam,premium,5.0,Economy,Window,5.71,Travel Agent,No,Card,47.0,56,2024-02-09,2,0,0,0.746,728.82,2253.6,8.34,0,44.4,1005.2,1061.51,240630,Delayed,2
103901,AL09,Japan,budget,3.0,Premium Economy,Middle,4.19,Mobile App,No,Online,20.0,10,2025-06-21,6,1,0,0.68,154.45,355.6,9.31,0,47.3,499.96,635.18,35796,Delayed,4
101948,AL12,Singapore,premium,3.0,Business,Aisle,2.19,Website,No,Online,51.0,12,2024-05-08,5,0,0,0.792,172.38,768.7,9.18,0,32.1,746.29,836.95,201670,On-Time,4
104165,AL14,Malaysia,full-service,3.0,premium economy,Aisle,4.69,travel agent,No,Card,34.0,103,2024-09-24,9,0,0,0.546,246.99,482.4,8.99,1,56.2,465.7,501.98,33001,Delayed,3
101572,AL05,Malaysia,budget,2.0,Economy,Aisle,9.51,Website,,Cash,35.0,22,2025-04-13,4,1,0,0.889,40.0,281.0,8.36,0,38.3,312.83,433.83,108968,Delayed,3
100808,AL01,Philippines,full-service,2.0,Economy,Window,5.67,Mobile App,No,Card,18.0,10,2024-01-06,1,1,0,0.801,334.1,952.0,9.75,0,51.4,584.65,611.83,80998,On-Time,4
103232,AL03,Australia,premium,3.0,Business,Aisle,4.35,Travel Agent,No,Cash,39.0,6,2024-09-16,9,0,0,0.985,280.55,1017.6,6.41,0,32.2,877.41,954.0,75393,On-Time,3
103946,AL13,Singapore,full-service,4.0,Economy,Window,1.1,Mobile App,Yes,Card,44.0,94,2024-05-30,5,0,0,0.7,332.64,948.6,8.55,0,48.8,527.81,636.12,87050,Delayed,3
100011,AL17,malaysia,full-service,5.0,Economy,Aisle,7.32,Travel Agent,Yes, Online ,30.0,5,2025-02-21,2,0,0,0.744,373.03,900.9,7.1,1,51.1,470.9,582.8,86968,On-Time,4
102025,AL11,Thailand,budget,4.0,Economy,Middle,2.49,Mobile App,No,Card,46.0,0,2025-06-20,6,0,0,0.908,296.82,459.8,7.36,1,48.5,310.58,369.35,94450,Delayed,2
100176,AL15,Singapore,budget,,Business,Aisle,0.75,Website,No,Card,36.0,31,2024-09-02,9,0,0,0.911,629.45,2096.8,8.23,0,66.3,1185.83,1288.43,264487,On-Time,3
102488,AL02,Australia,budget,3.0,Economy,Window,8.73,Airport Counter,No, Card ,51.0,0,2024-10-28,10,0,0,0.662,482.66,1646.4,6.86,1,43.5,617.46,780.14,143623,Delayed,3
103886,AL09,Malaysia,budget,4.0,Premium Economy,Window,1.49,Mobile App,Yes, Online ,39.0,14,2024-04-05,4,0,0,0.99,877.87,2942.7,7.38,0,52.0,1384.98,1586.73,319365,Delayed,3
102569,AL14,Thailand,full-service,4.0,Economy,Middle,3.91,Website,No,Card,54.0,2,2025-01-13,1,0,1,,613.38,2107.3,9.08,1,80.6,839.14,927.09,193285,Delayed,3
103520,AL13,Malaysia,full-service,5.0,Business,Aisle,5.72,Website,No,Online,52.0,35,2025-05-10,5,1,0,0.832,329.32,525.2,6.61,0,31.9,609.72,685.17,117825,Cancelled,3
103760,AL13, Philippines ,full-service,2.0,Premium Economy,Aisle,5.98,Walk-in, Yes , Online ,40.0,13,2025-03-29,3,1,0,0.881,528.07,1924.9,9.25,0,100.0,1022.98,1084.73,130773,On-Time,4
103282,AL05,philippines,budget,4.0,Economy,Window,5.95,Airport Counter, Yes ,Cash,30.0,54,2025-06-02,6,0,0,0.988,109.56,350.4,5.9,1,32.8,367.07,498.31,116930,On-Time,4
101664,AL05, JAPAN ,budget,5.0,Business,Aisle,1.13,Website,Yes,Card,24.0,13,2024-12-15,12,1,0,0.84,1139.35,3664.9,8.12,0,79.4,1683.72,1918.97,158548,On-Time,3
102191,AL17,Indonesia,full-service,3.0,business,Middle,4.64,Mobile App,Yes,Card,25.0,52,2024-02-04,2,1,1,0.81,,604.6,8.23,0,26.6,595.9,720.44,165238,Delayed,4
103881,AL16, Vietnam ,budget,3.0,Premium Economy,Aisle,6.83,Travel Agent,No,Online,42.0,4,2024-09-26,9,0,1,0.778,,2613.8,7.1,1,60.5,1077.9,1171.07,206707,Delayed,4
103370,AL07,thailand,full-service,3.0,economy,Window,5.47,Mobile App,No, Card ,49.0,20,2024-02-20,2,0,1,0.884,411.44,1120.6,7.36,0,50.1,648.76,758.1,114398,Delayed,1
102660,AL03,Singapore,premium,3.0,Premium Economy,Middle,7.32,Mobile App,No,Card,43.0,80,2024-09-06,9,0,0,0.809,563.89,1479.5,6.67,1,25.8,764.63,812.12,138918,On-Time,4
103578,AL14,Malaysia,full-service,3.0,Premium Economy,Middle,5.53,Website,No,Online,34.0,112,2025-04-17,4,0,0,0.738,841.37,2574.5,5.35,0,58.7,1166.43,1283.15,161541,On-Time,4
102046,AL06,Indonesia,premium,5.0,Economy,Window,6.03,Website,Yes,Card,34.0,7,2024-03-24,3,1,0,0.679,600.29,1917.1,10.0,0,55.0,914.44,992.74,196058,On-Time,5
102624,AL08, Vietnam ,full-service,3.0,Economy,Aisle,1.92,Website,No, Card ,27.0,111,2024-11-27,11,0,0,0.717,233.31,550.2,5.63,1,80.5,448.59,634.52,118745,On-Time,3
103410,AL06,Japan,premium,3.0,Economy,Aisle,4.59,Airport Counter,Yes,Online,44.0,61,2025-04-14,4,0,1,0.944,365.05,1093.4,6.6,0,17.9,635.22,735.55,69051,On-Time,3
101185,AL10, JAPAN ,full-service,2.0,Economy,Aisle,0.75,Website,Yes,Online,26.0,1,2024-06-24,6,0,0,0.766,539.76,2133.4,8.98,0,52.2,1009.86,1046.12,108877,On-Time,4
101006,AL08,Malaysia,full-service,3.0,Premium Economy,Middle,2.94,Mobile App,No,Card,18.0,9,2025-03-11,3,0,0,0.839,338.2,1170.8,8.55,0,43.5,746.33,911.11,120992,Delayed,3
103569,AL03,Malaysia,premium,2.0,Premium Economy,Aisle,4.61,Travel Agent,Yes, Online ,29.0,2,2025-04-09,4,0,0,0.835,323.73,1301.4,7.68,0,47.5,849.23,1016.5,119365,Delayed,4
103737,AL03, VIETNAM ,premium,3.0,Economy,Aisle,2.33,Travel Agent,Yes,Card,44.0,33,2024-03-01,3,0,1,0.752,483.33,1680.8,6.28,0,58.6,796.45,847.15,198583,On-Time,3
102049,AL12, Thailand ,premium,4.0,premium economy,Window,6.78,travel agent,Yes,Online,37.0,17,2024-03-30,3,1,0,0.788,318.07,797.5,5.12,0,62.5,585.5,733.11,54910,On-Time,2
104011,AL05,Malaysia,budget,5.0,Business,Window,1.49,Mobile App,No,Card,18.0,44,2024-09-15,9,1,0,,302.09,1005.3,8.62,0,35.7,763.88,872.75,212594,On-Time,4
100269,AL03,Malaysia,premium,3.0,First,Aisle,1.56,Mobile App,Yes, Card ,21.0,14,2024-06-04,6,0,0,0.785,363.91,753.0,5.45,1,90.4,729.58,855.79,59981,Delayed,3
101993,AL07,vietnam,full-service,4.0,economy,Aisle,6.44,Website, Yes ,Card,30.0,141,2025-02-05,2,0,0,0.79,218.0,829.5,7.77,0,53.8,591.75,743.09,139074,Delayed,3
100265,AL15, MALAYSIA ,budget,4.0,Economy,Aisle,11.18,Mobile App,No,Online,45.0,15,2025-06-14,6,1,0,0.605,208.13,805.6,8.32,0,42.2,534.87,710.8,117959,Cancelled,3
100914,AL02,Singapore,budget,4.0,Economy,Aisle,3.34,Airport Counter,No,Online,33.0,41,2024-07-01,7,0,0,0.664,246.11,1029.2,7.74,0,61.4,560.92,621.51,103358,Delayed,3
102278,AL05,malaysia,budget,5.0,Premium Economy,Aisle,2.3,mobile app,No,Card,46.0,36,2024-11-29,11,0,0,,649.53,2260.6,8.08,0,58.1,1128.17,1232.4,221247,On-Time,3
102231,AL14,Vietnam,full-service,3.0,Premium Economy,Aisle,4.32,Website,,Online,39.0,20,2025-02-10,2,0,0,0.793,564.96,1810.3,9.2,0,100.0,923.21,979.07,215223,Delayed,3
100290,AL05, SINGAPORE ,budget,3.0,Economy,Window,5.49,Airport Counter,Yes,Online,40.0,33,2024-12-08,12,1,0,0.745,759.39,2310.5,6.86,0,50.7,988.34,1062.6,203222,Delayed,2
102912,AL10,malaysia,full-service,4.0,Economy,Aisle,3.29,Airport Counter,Yes,Card,45.0,7,2025-04-15,4,0,1,0.73,792.19,2865.9,8.45,0,49.2,1236.5,1313.67,205867,Delayed,3
102093,AL06, SINGAPORE ,premium,2.0,Economy,Middle,3.25,Airport Counter,No,Card,18.0,51,2024-04-07,4,1,0,0.596,367.16,1219.4,7.75,0,56.1,613.8,701.87,73360,Delayed,3
101652,AL17, Japan ,full-service,3.0,Premium Economy,Middle,3.23,Airport Counter, No ,Online,60.0,4,2024-12-20,12,0,0,0.832,305.01,1016.0,7.14,0,70.8,790.16,964.4,132235,On-Time,4
104141,AL13,Singapore,full-service,4.0,Premium Economy,Window,6.41,Mobile App,No,Card,30.0,48,2024-01-15,1,0,0,0.914,641.01,2214.3,5.26,0,74.4,1099.07,1248.04,254396,On-Time,4
103039,AL14,indonesia,full-service,4.0,Premium Economy,Middle,4.52,Airport Counter,No,Online,51.0,5,2024-10-01,10,0,0,0.806,244.81,955.0,7.05,0,33.6,722.56,790.7,135605,On-Time,3
102677,AL10, MALAYSIA ,full-service,3.0,business,Window,2.93,Mobile App,Yes,Card,33.0,31,2024-03-07,3,0,0,0.682,258.54,492.9,5.07,0,77.5,590.57,822.92,66533,On-Time,3
100288,AL18, Indonesia ,budget,4.0,Business,Window,7.52,Mobile App,No,Card,32.0,10,2024-09-15,9,1,0,0.722,329.35,1018.1,7.51,0,53.3,892.3,1089.41,77038,Cancelled,3
103107,AL11,Thailand,budget,4.0,Premium Economy,Middle,0.83,Travel Agent,Yes,Card,25.0,11,2025-05-13,5,0,0,0.728,733.26,2460.0,5.07,0,51.0,1096.01,1338.45,127389,Delayed,4
100366,AL06,Vietnam,premium,5.0,Economy,Window,5.71,Travel Agent,No,Card,47.0,56,2024-02-09,2,0,0,0.746,728.82,2253.6,8.34,0,44.4,1005.2,1061.51,240630,Delayed,2
100575,AL09,Japan,budget,4.0,Economy,Window,2.55,mobile app, No ,Card,42.0,1,2025-03-05,3,0,0,0.978,371.37,1244.6,7.36,0,53.3,730.23,921.67,133619,On-Time,4
100850,AL01, INDONESIA ,full-service,4.0,Economy,Window,3.86,Mobile App,No,Card,35.0,38,2024-12-20,12,0,0,0.67,751.29,2103.1,9.24,0,26.1,941.2,994.53,96036,On-Time,5
103883,AL12,Malaysia,premium,4.0,Premium Economy,Middle,4.35,Travel Agent, No ,Online,140.0,13,2024-02-19,2,0,0,0.857,303.71,758.4,6.14,0,52.3,664.99,891.58,126680,On-Time,4
101722,AL11,Philippines,budget,4.0,Economy,Middle,1.88,Website, No ,Online,,6,2025-06-23,6,0,0,0.72,421.94,1229.7,6.84,0,52.2,613.99,827.91,181810,On-Time,4
103949,AL07,Singapore,full-service,2.0,Economy,Middle,0.75,Walk-in, Yes ,Card,49.0,12,2024-04-17,4,0,0,0.88,507.78,1918.9,6.92,0,63.6,913.29,962.54,133468,On-Time,2
101100,AL14,singapore,full-service,1.0,Economy,Window,9.54,website,No,Online,49.0,9,2024-06-23,6,1,0,0.621,139.78,682.4,8.24,0,100.0,525.86,682.03,73793,Cancelled,2
101207,AL09,Australia,budget,4.0,economy,Window,4.37,walk-in,No, Online ,,12,2025-05-06,5,0,0,0.602,402.63,886.0,6.16,1,53.5,525.34,629.73,78977,On-Time,3
101843,AL02,Malaysia,budget,4.0,Economy,Middle,2.23,Website,No,Card,53.0,30,2025-01-29,1,0,1,0.56,426.72,1319.5,7.8,0,24.7,634.71,676.46,44503,Delayed,2
101848,AL12,Thailand,premium,4.0,Premium Economy,Window,6.23,mobile app,Yes,Online,55.0,39,2024-03-05,3,0,1,0.674,349.87,1256.2,6.07,1,70.4,643.09,827.63,121271,Cancelled,1
102524,AL11, Thailand ,budget,5.0,Economy,Aisle,3.79,Mobile App,Yes, Online ,44.0,14,2024-03-31,3,1,0,0.656,853.41,2763.1,6.63,0,68.1,1193.4,1254.1,129051,On-Time,4
103947,AL13,Australia,full-service,1.0,Economy,Window,0.92,Mobile App, Yes ,Online,30.0,22,2024-08-24,8,1,0,0.914,335.07,785.2,9.05,0,39.9,560.8,616.26,150975,Delayed,3
101694,AL15, INDONESIA ,budget,4.0,Premium Economy,Window,2.76,Airport Counter,No,Cash,53.0,3,2024-10-22,10,0,0,0.81,637.14,1760.1,4.16,1,55.0,841.34,946.17,106640,On-Time,2
104181,AL07,japan,full-service,3.0,Premium Economy,Aisle,3.1,Website,Yes,Card,59.0,8,2024-08-16,8,0,0,0.769,500.4,1629.6,7.02,0,16.5,910.58,1055.44,231970,On-Time,3
103960,AL01,Malaysia,full-service,4.0,Economy,Aisle,1.71,Travel Agent,No,Card,24.0,25,2024-04-07,4,1,0,0.679,1383.16,4506.2,5.38,0,36.7,1735.04,1802.3,110681,On-Time,2
100233,AL11,Australia,budget,5.0,Economy,Aisle,2.05,Airport Counter, No ,Online,30.0,59,2024-09-18,9,0,0,0.759,465.98,1401.6,6.7,0,50.3,678.49,789.52,81962,On-Time,4
103332,AL08,Malaysia,full-service,4.0,Business,Window,3.61,Airport Counter,Yes,Online,52.0,30,2025-05-03,5,1,0,0.771,189.43,461.8,8.65,1,65.0,570.14,657.8,62902,On-Time,4
102647,AL15,Singapore,budget,2.0,Economy,Aisle,1.69,Website,,Online,27.0,46,2024-03-04,3,0,0,0.771,381.36,1342.7,7.68,0,31.5,647.97,762.88,61060,Cancelled,4
104041,AL11,Japan,budget,3.0,Premium Economy,Aisle,2.92,Airport Counter,No,Card,50.0,8,2025-06-05,6,0,0,0.623,488.16,1601.0,5.71,1,37.7,712.23,824.46,60592,On-Time,4
101711,AL07,Indonesia,full-service,4.0,Economy,Middle,2.44,Airport Counter, No ,Online,22.0,24,2024-02-06,2,0,0,0.748,839.58,2721.6,7.75,0,36.0,1071.07,1227.09,116023,Delayed,3
100182,AL09,Japan,budget,4.0,Business,Aisle,2.31,Mobile App,Yes,Card,34.0,30,2025-05-10,5,1,0,0.794,427.54,1220.2,5.75,1,65.7,776.88,912.5,184506,On-Time,4
101462,AL09,Vietnam,budget,4.0,Premium Economy,Aisle,5.71,Website,No, Card ,37.0,22,2025-01-12,1,1,0,0.721,1045.29,3376.1,7.35,1,57.2,1287.25,1391.68,125055,Delayed,3
100049,AL13,Thailand,full-service,4.0,Economy,Middle,8.38,Walk-in, Yes ,Online,41.0,12,2025-03-08,3,1,0,0.935,,1059.3,4.83,0,34.2,631.33,784.22,143606,Delayed,3
103921,AL14,thailand,full-service,3.0,Economy,Window,2.31,Mobile App,Yes,Cash,30.0,28,2024-09-13,9,0,1,0.824,257.93,971.7,8.11,0,63.7,588.44,676.21,47419,On-Time,5
100106,AL05,Australia,budget,3.0,Economy,Middle,0.78,website,No, Online ,35.0,98,2025-05-03,5,1,0,0.619,815.27,2778.5,5.62,1,46.6,1028.93,1130.87,261498,On-Time,3
100443,AL02, PHILIPPINES ,budget,3.0,Economy,Middle,1.76,Website,No,Cash,,1,2024-01-31,1,0,1,0.897,369.07,1158.7,5.27,0,44.6,665.8,786.04,106740,Cancelled,1
101954,AL10,Thailand,full-service,3.0,First,Aisle,3.17,Mobile App,No,Cash,39.0,8,2025-05-27,5,0,0,0.763,423.87,1387.3,9.56,1,57.4,862.84,1019.73,144029,On-Time,5
100726,AL18,Malaysia,budget,3.0,First,Window,4.1,mobile app,Yes,Online,18.0,28,2024-01-10,1,0,0,0.957,517.0,1358.7,8.55,0,57.7,989.9,1080.52,265725,On-Time,4
102238,AL04,japan,full-service,2.0,Premium Economy,Middle,0.99,Website,Yes,Cash,27.0,90,2024-06-06,6,0,0,0.628,252.02,826.9,7.12,0,66.7,645.88,905.23,214584,Delayed,3
102330,AL07, Indonesia ,full-service,4.0,Economy,Aisle,5.98,Airport Counter,No,Card,40.0,16,2024-02-06,2,0,0,0.701,328.54,728.0,8.39,0,90.8,498.99,533.79,69514,Delayed,3
104125,AL08,Vietnam,full-service,5.0,Economy,Window,3.14,Walk-in,No, Card ,67.0,27,2024-06-24,6,0,0,0.73,,871.0,9.35,0,12.9,479.03,609.8,64996,On-Time,4
100169,AL05,Vietnam,budget,3.0,Premium Economy,Window,4.01,Travel Agent, Yes ,Online,32.0,2,2024-02-07,2,0,0,0.747,528.74,1401.9,8.29,0,39.7,768.97,856.29,54727,On-Time,4
101001,AL01, Singapore ,full-service,5.0,Economy,Aisle,3.95,Website,Yes,Cash,27.0,40,2024-02-02,2,0,0,0.827,497.83,1434.0,9.26,1,79.9,711.87,738.31,56486,Delayed,3
103252,AL04,Malaysia,full-service,5.0,Economy,Middle,6.72,website,Yes,Card,25.0,0,2024-02-12,2,0,0,0.775,230.53,466.3,8.01,1,37.9,421.92,480.46,95037,Delayed,2
102148,AL12,Thailand,premium,3.0,Economy,Middle,3.58,Travel Agent,No,Online,18.0,11,2025-03-02,3,1,0,0.614,,1797.1,8.05,0,38.5,909.36,965.35,244249,Delayed,4
100197,AL14, SINGAPORE ,full-service,4.0,Economy,Aisle,4.22,Mobile App, Yes ,Online,35.0,45,2024-02-08,2,0,0,0.731,573.17,1741.2,5.3,1,41.2,724.4,838.6,186058,Delayed,3
103793,AL03,Malaysia,premium,2.0,Economy,Aisle,4.38,website,No,Cash,23.0,0,2025-02-01,2,1,0,0.593,481.01,1423.8,6.45,1,27.8,596.28,776.02,121147,On-Time,3
100647,AL18,Japan,budget,3.0,Economy,Window,1.83,Travel Agent,No, Online ,35.0,7,2024-12-08,12,1,0,0.831,516.11,1419.4,,0,27.1,746.8,861.36,109173,On-Time,4
103035,AL09, MALAYSIA ,budget,4.0,Premium Economy,Window,2.31,Travel Agent,Yes, Card ,26.0,67,2024-05-25,5,1,0,0.932,187.85,257.4,7.93,0,40.4,455.39,563.76,116504,On-Time,4
104140,AL06,Thailand,premium,4.0,Economy,Window,12.87,Website,No, Card ,36.0,155,2025-02-07,2,0,0,0.728,395.7,1316.3,6.49,0,39.3,693.99,769.17,169718,Delayed,2
103733,AL07, Australia ,full-service,4.0,Economy,Aisle,7.82,website, Yes ,Cash,18.0,53,2025-03-28,3,0,0,0.656,677.65,2374.4,8.4,0,55.2,1009.03,1077.61,141491,On-Time,3
102758,AL02, SINGAPORE ,budget,4.0,premium economy,Aisle,7.49,Website, No ,Card,60.0,97,2024-08-07,8,0,0,0.616,406.59,1029.7,10.0,0,53.2,647.63,754.17,137201,Delayed,5
100373,AL01,Thailand,full-service,3.0,Economy,Aisle,1.07,Travel Agent,Yes, Card ,29.0,50,2024-07-02,7,0,0,0.752,293.01,784.9,6.1,0,56.2,542.19,590.29,53737,Delayed,4
100566,AL14,Singapore,full-service,3.0,Business,Middle,0.78,Website,No,Card,37.0,19,2025-01-13,1,0,0,0.675,497.09,1289.4,10.0,0,17.8,818.66,916.39,180050,On-Time,5
103720,AL12,Thailand,premium,4.0,Economy,Window,1.4,Website,,Online,33.0,50,2024-08-15,8,0,0,0.534,261.52,797.1,4.82,1,39.2,448.61,546.12,75380,On-Time,2
102895,AL13,Philippines,full-service,4.0,Economy,Middle,1.91,Mobile App, No ,Card,23.0,11,2024-07-18,7,0,1,0.7,183.73,412.8,6.3,0,31.2,395.39,538.79,44477,On-Time,3
103485,AL06,australia,premium,4.0,Premium Economy,Middle,2.62,Website,No,Card,40.0,4,2024-05-04,5,1,0,0.888,285.3,885.8,7.34,0,49.6,692.07,927.85,217236,On-Time,2
101155,AL06,Philippines,premium,2.0,Economy,Aisle,4.0,Airport Counter,No,Card,27.0,46,2024-05-27,5,0,0,0.62,757.46,2102.2,7.94,1,73.6,921.59,1241.21,245394,Delayed,3
104135,AL05,Singapore,budget,5.0,Economy,Aisle,4.07,website,No, Online ,18.0,19,2024-12-26,12,0,0,0.99,388.11,918.7,6.24,0,34.2,545.02,651.49,44628,On-Time,3
100973,AL10,Australia,full-service,3.0,Economy,Middle,3.49,Airport Counter,No,Online,19.0,8,2025-05-28,5,0,0,0.747,468.05,1587.1,5.46,0,71.3,847.22,910.34,171467,Delayed,2
103287,AL12,Philippines,premium,4.0,Business,Aisle,2.65,Travel Agent,No,Card,43.0,9,2024-02-28,2,0,1,0.91,688.54,2033.0,7.57,0,38.6,1120.83,1349.4,169393,On-Time,4
103627,AL18,Malaysia,budget,4.0,Economy,Aisle,7.04,Mobile App,No,Online,31.0,29,2025-05-21,5,0,0,0.862,757.13,2489.0,4.98,0,33.0,1081.8,1106.97,66511,Delayed,3
103638,AL12, MALAYSIA ,premium,5.0,Premium Economy,Aisle,5.02,Airport Counter,Yes,Online,33.0,13,2024-01-24,1,0,0,0.793,603.65,2097.8,8.89,1,36.3,957.19,1045.53,169124,On-Time,5
101835,AL04, PHILIPPINES ,full-service,5.0,Business,Aisle,5.96,Travel Agent,No,Online,,21,2024-12-27,12,0,0,0.839,875.56,2831.1,7.03,0,17.0,1355.23,1429.1,167015,On-Time,4
102308,AL11,Malaysia,budget,5.0,Economy,Middle,4.38,Airport Counter,No, Card ,21.0,16,2024-02-25,2,1,0,0.703,1075.91,3910.4,6.58,0,58.7,1510.44,1692.79,113470,On-Time,3
101840,AL05,malaysia,budget,3.0,Economy,Window,2.74,mobile app,Yes,Cash,25.0,13,2025-04-20,4,1,1,0.84,494.66,1507.4,,1,67.9,688.72,752.11,62713,Delayed,3
102044,AL15,Australia,budget,4.0,Economy,Aisle,3.63,Website,Yes,Online,44.0,77,2024-11-16,11,1,0,0.788,468.19,1490.3,8.21,0,83.5,717.63,888.27,122340,Delayed,3
100844,AL02, MALAYSIA ,budget,4.0,Economy,Middle,3.77,Mobile App,No,Card,36.0,24,2025-05-18,5,1,0,0.662,349.81,1154.1,6.42,0,77.8,663.62,719.22,94455,Delayed,3
102155,AL08,Australia,full-service,3.0,Economy,Aisle,6.53,website,Yes, Card ,44.0,5,2024-06-30,6,1,0,0.645,165.67,369.7,10.0,0,43.3,405.59,560.95,145960,Delayed,3
100349,AL03,Indonesia,premium,2.0,Economy,Middle,2.95,Website, No ,Card,18.0,9,2025-03-13,3,0,0,0.532,790.44,1948.7,8.42,0,96.7,980.72,1035.96,67295,Delayed,3
100784,AL01,Malaysia,full-service,4.0,Economy,Middle,2.61,Travel Agent,No,Cash,27.0,4,2025-03-19,3,0,0,0.666,334.91,668.5,6.85,0,72.8,526.51,581.74,85996,Delayed,3
100047,AL15, Singapore ,budget,4.0,Economy,Middle,4.16,Mobile App,Yes,Online,55.0,7,2025-03-11,3,0,0,0.99,467.85,1577.5,6.26,0,42.6,728.82,759.24,77786,Delayed,3
103651,AL17,Vietnam,full-service,4.0,Economy,Aisle,3.36,Walk-in, Yes ,Card,18.0,5,2024-12-07,12,1,0,0.707,466.71,1332.3,6.86,0,54.1,699.23,796.6,200482,Delayed,4
104018,AL01, Japan ,full-service,4.0,Economy,Window,4.4,mobile app,No,Online,24.0,123,2024-05-05,5,1,0,0.898,237.06,849.3,7.15,0,44.3,538.62,733.24,119644,On-Time,3
101439,AL06, JAPAN ,premium,4.0,Economy,Middle,2.74,Mobile App,No, Card ,36.0,37,2025-05-02,5,0,0,0.906,234.36,813.2,6.68,0,41.3,541.49,734.66,157376,Delayed,3
101865,AL10,Singapore,full-service,4.0,Economy,Window,2.03,Walk-in,Yes,Online,41.0,31,2025-04-24,4,0,0,0.697,590.84,1912.0,7.51,0,74.8,954.28,993.17,246864,On-Time,3
103195,AL04,Indonesia,full-service,4.0,Premium Economy,Window,4.66,Mobile App,Yes,Card,33.0,15,2024-06-29,6,1,1,0.721,391.79,1299.3,7.18,0,68.2,800.98,927.66,182998,Delayed,2
100033,AL09,Malaysia,budget,2.0,Business,Window,0.75,Mobile App,No,Online,32.0,49,2024-04-30,4,0,0,0.818,76.73,279.2,6.7,0,11.3,492.64,585.05,136751,On-Time,3
100787,AL12,Philippines,premium,5.0,Economy,Window,3.2,Mobile App,No, Online ,38.0,1,2024-02-03,2,1,0,0.782,272.34,591.9,7.13,0,71.3,539.07,613.53,149167,Delayed,3
102627,AL09,Malaysia,budget,4.0,Premium Economy,Window,2.29,travel agent,No, Online ,59.0,20,2024-08-07,8,0,0,0.745,1090.12,3626.0,6.93,0,32.8,1505.68,1673.55,170206,On-Time,3
100931,AL06,Singapore,premium,2.0,Economy,Aisle,4.23,Mobile App,No,Card,53.0,91,2024-09-09,9,0,0,0.68,402.79,1227.8,6.21,0,34.3,685.03,743.5,117529,Delayed,1
102404,AL07,vietnam,full-service,3.0,Premium Economy,Aisle,2.75,Travel Agent,No,Card,41.0,26,2025-02-15,2,1,0,0.794,1332.87,4512.7,7.7,1,84.1,1648.03,1807.2,317637,Delayed,3
101685,AL14,Malaysia,full-service,3.0,Economy,Aisle,2.46,Website,Yes,Card,44.0,17,2024-10-04,10,0,1,0.615,384.01,986.5,8.6,1,27.1,524.52,706.66,96670,Delayed,3
101248,AL07,Philippines,full-service,3.0,Economy,Window,0.82,Airport Counter,No,Card,27.0,19,2024-10-05,10,1,1,0.764,647.67,1650.4,9.83,1,82.8,759.61,847.59,82692,Delayed,2
100092,AL11,japan,budget,3.0,Economy,Window,1.18,Website,Yes,Online,53.0,51,2024-02-01,2,0,0,0.929,533.88,1719.1,7.18,1,55.5,711.96,783.02,132248,On-Time,3
102851,AL02,indonesia,budget,4.0,Economy,Middle,3.37,Airport Counter,No,Card,49.0,1,2024-09-12,9,0,0,0.643,181.12,622.0,7.9,0,65.2,530.72,595.15,45067,Cancelled,3
102793,AL03, THAILAND ,premium,2.0,economy,Aisle,2.08,Website,Yes,Online,48.0,18,2024-10-15,10,0,1,0.704,591.85,1939.9,6.21,1,64.0,834.95,895.5,105047,Delayed,2
100764,AL01,Indonesia,full-service,3.0,Premium Economy,Window,5.02,Mobile App,No,Card,42.0,10,2024-05-20,5,0,0,0.914,458.52,1383.7,7.09,0,45.8,789.31,907.82,194124,On-Time,2
102988,AL07, Malaysia ,full-service,4.0,Business,Aisle,2.79,Walk-in,No,Online,28.0,37,2024-05-08,5,0,0,0.763,517.38,1637.4,5.12,0,56.3,956.25,1022.15,67587,On-Time,4
102448,AL07,Vietnam,full-service,4.0,premium economy,Window,3.05,Travel Agent, Yes ,Card,35.0,37,2024-10-29,10,0,0,0.545,,2146.4,4.72,1,76.0,961.99,1134.2,193953,On-Time,2
101728,AL11,philippines,budget,2.0,Premium Economy,Middle,2.21,Travel Agent,No, Online ,22.0,6,2024-01-08,1,0,0,0.83,336.06,1027.7,7.99,0,45.3,681.96,785.72,173384,Delayed,3
100257,AL06, Malaysia ,premium,5.0,Premium Economy,Aisle,6.74,Mobile App, Yes ,Card,20.0,10,2024-10-09,10,0,0,0.963,382.72,1121.8,6.34,0,51.6,777.56,1180.64,216256,Delayed,3
101219,AL02, Australia ,budget,4.0,Business,Aisle,0.86,Website,No,Card,60.0,21,2024-04-08,4,0,0,0.539,443.51,1339.6,8.97,0,32.4,805.12,922.93,184741,On-Time,3
101161,AL18,Malaysia,budget,4.0,Business,Aisle,4.13,mobile app,Yes,Online,140.0,38,2025-04-22,4,0,0,0.823,424.08,1142.4,5.77,1,34.9,754.55,909.31,81721,On-Time,3
100772,AL08,malaysia,full-service,4.0,economy,Aisle,1.52,travel agent,Yes,Online,45.0,90,2024-01-22,1,0,1,0.584,326.06,1101.8,7.68,1,67.0,518.47,575.77,88937,Delayed,3
100312,AL04,Vietnam,full-service,2.0,premium economy,Aisle,4.04,Mobile App,No, Online ,39.0,12,2025-02-23,2,1,0,0.816,295.92,983.6,6.81,0,54.1,691.47,951.38,206662,Delayed,2
104032,AL14,Vietnam,full-service,4.0,economy,Middle,0.95,Travel Agent,Yes, Online ,33.0,22,2024-06-02,6,1,0,0.977,373.47,916.1,9.81,1,62.8,423.36,486.31,128341,Delayed,4
102997,AL02, JAPAN ,budget,4.0,Business,Aisle,4.71,Mobile App,Yes, Card ,18.0,11,2024-09-15,9,1,0,0.951,558.65,1841.3,7.33,1,36.9,963.22,1069.85,161966,On-Time,3
100719,AL08, SINGAPORE ,full-service,4.0,Premium Economy,Aisle,16.0,mobile app, No ,Online,56.0,15,2024-10-19,10,1,0,0.598,776.69,2929.2,7.2,1,59.3,1144.81,1396.96,214198,Delayed,3
101176,AL09,thailand,budget,3.0,Business,Aisle,0.95,Mobile App, No ,Card,26.0,52,2025-05-21,5,0,0,0.932,516.55,1396.0,8.41,0,41.1,914.79,1012.72,220844,On-Time,4
103896,AL13,Malaysia,full-service,4.0,Premium Economy,Aisle,3.51,Mobile App,Yes, Card ,50.0,3,2025-01-03,1,0,0,0.679,779.14,3004.5,7.6,0,53.7,1360.99,1432.28,333141,On-Time,5
101349,AL05,Singapore,budget,4.0,Economy,Aisle,5.5,airport counter,Yes,Online,48.0,4,2025-01-22,1,0,0,0.816,390.08,1352.0,6.99,0,77.2,729.38,778.36,145715,Delayed,3
103775,AL09,Australia,budget,3.0,Premium Economy,Aisle,3.47,Travel Agent,Yes,Online,18.0,31,2024-06-27,6,0,0,0.727,219.77,632.0,9.39,0,27.5,502.31,584.89,75066,On-Time,4
103116,AL04,Philippines,full-service,4.0,Premium Economy,Window,0.75,Website,Yes,Card,27.0,4,2024-03-24,3,1,0,0.895,118.56,485.0,9.19,0,10.1,493.23,629.53,112834,On-Time,3
103516,AL17,Malaysia,full-service,4.0,Business,Window,1.91,Mobile App, Yes ,Cash,33.0,49,2025-04-25,4,0,0,0.84,564.01,1477.5,7.04,0,33.7,948.61,1154.58,76846,On-Time,3
102298,AL10,Indonesia,full-service,2.0,Economy,Middle,7.22,Travel Agent,No,Online,30.0,9,2024-03-21,3,0,0,0.553,768.22,2408.0,5.08,1,38.7,897.3,988.19,231007,Delayed,2
102871,AL18, Malaysia ,budget,2.0,Premium Economy,Window,1.09,Walk-in,Yes,Card,34.0,37,2025-05-06,5,0,0,0.692,129.98,355.4,6.88,0,72.4,491.05,585.93,59539,Delayed,3
100391,AL15, PHILIPPINES ,budget,3.0,Economy,Aisle,3.65,Mobile App,Yes,Card,26.0,16,2025-03-19,3,0,0,0.823,290.18,720.3,7.77,0,44.2,440.61,544.07,51008,On-Time,5
101456,AL01,Singapore,full-service,3.0,Premium Economy,Window,2.97,Airport Counter, Yes ,Online,26.0,23,2025-06-08,6,1,0,0.744,558.61,1792.4,8.13,0,66.6,981.14,1015.68,201008,On-Time,3
101092,AL11,Singapore,budget,3.0,Premium Economy,Aisle,2.6,Website, Yes ,Online,46.0,22,2024-01-30,1,0,0,0.763,395.61,1308.7,7.69,1,39.2,674.37,745.5,54117,On-Time,4
103239,AL17, Thailand ,full-service,2.0,Premium Economy,Middle,2.37,Travel Agent,No,Card,22.0,14,2025-01-12,1,1,0,0.757,625.74,1971.9,8.39,0,82.5,1049.29,1088.12,252798,On-Time,3
102778,AL04,Singapore,full-service,3.0,Economy,Window,4.51,Website,Yes,Online,18.0,41,2025-02-11,2,0,0,0.786,561.49,1681.9,8.3,1,73.7,705.79,779.75,138524,On-Time,3
103656,AL04,Singapore,full-service,4.0,Premium Economy,Aisle,5.3,Walk-in,Yes,Card,50.0,24,2024-03-10,3,1,0,0.811,603.72,2194.0,7.28,0,31.1,1056.05,1122.8,161854,On-Time,4
102583,AL18,Thailand,budget,3.0,Business,Aisle,1.62,Website,No,Online,19.0,33,2024-03-26,3,0,0,0.797,248.95,1028.0,7.64,0,91.1,809.36,936.91,134593,Delayed,2
103257,AL06,Philippines,premium,3.0,economy,Aisle,2.6,Mobile App, Yes , Card ,46.0,8,2024-03-07,3,0,0,0.913,284.86,1075.6,5.78,0,77.2,642.23,707.18,132601,On-Time,3
101372,AL01,Indonesia,full-service,2.0,Economy,Aisle,3.83,Website, Yes ,Card,28.0,13,2025-02-05,2,0,0,0.65,385.26,904.2,7.99,1,70.1,541.62,672.96,109729,Delayed,2
100919,AL11,Malaysia,budget,3.0,Premium Economy,Middle,3.64,Mobile App,No, Card ,38.0,10,2025-05-23,5,0,0,0.4,311.59,685.5,5.26,0,11.7,529.12,873.79,135460,On-Time,4
102970,AL11,Japan,budget,4.0,Economy,Aisle,0.88,Mobile App,No,Cash,26.0,68,2025-03-30,3,1,0,0.508,530.9,1728.7,6.59,1,85.0,655.04,713.85,113688,Delayed,2
102550,AL07,Australia,full-service,4.0,Economy,Middle,7.54,Website,No,Card,29.0,2,2024-09-01,9,1,0,0.728,178.6,799.9,9.06,1,49.5,550.03,642.07,76873,On-Time,2
100537,AL01,Japan,full-service,3.0,economy,Window,12.62,Website,No, Online ,52.0,12,2024-01-31,1,0,0,0.707,714.66,2181.7,8.8,0,100.0,999.69,1105.7,215081,Cancelled,3
101220,AL04,Singapore,full-service,4.0,Economy,Middle,2.13,Travel Agent,No,Card,,3,2025-01-15,1,0,0,0.779,538.75,1704.9,10.0,0,49.8,868.45,932.2,144595,On-Time,4
100544,AL02,Thailand,budget,3.0,Economy,Middle,6.28,website,No, Card ,41.0,0,2024-08-24,8,1,0,0.602,493.15,1662.1,8.35,0,34.5,771.12,907.13,74500,Delayed,3
